-- phpMyAdmin SQL Dump
-- version 5.0.2
-- https://www.phpmyadmin.net/
--
-- Хост: localhost
-- Время создания: Мар 21 2022 г., 09:36
-- Версия сервера: 5.7.27-30
-- Версия PHP: 7.1.33

SET SQL_MODE = "NO_AUTO_VALUE_ON_ZERO";
START TRANSACTION;
SET time_zone = "+00:00";


/*!40101 SET @OLD_CHARACTER_SET_CLIENT=@@CHARACTER_SET_CLIENT */;
/*!40101 SET @OLD_CHARACTER_SET_RESULTS=@@CHARACTER_SET_RESULTS */;
/*!40101 SET @OLD_COLLATION_CONNECTION=@@COLLATION_CONNECTION */;
/*!40101 SET NAMES utf8mb4 */;

--
-- База данных: `u1524854_default`
--

-- --------------------------------------------------------

--
-- Структура таблицы `currency`
--

CREATE TABLE `currency` (
  `id` int(11) NOT NULL,
  `date` timestamp NOT NULL DEFAULT CURRENT_TIMESTAMP,
  `usd` decimal(10,2) NOT NULL,
  `euro` decimal(10,2) NOT NULL
) ENGINE=InnoDB DEFAULT CHARSET=utf8mb4;

--
-- Дамп данных таблицы `currency`
--

INSERT INTO `currency` (`id`, `date`, `usd`, `euro`) VALUES
(1, '2021-06-03 07:54:43', '281.50', '249.50'),
(2, '2021-06-03 08:20:45', '281.50', '249.51'),
(3, '2021-06-07 14:40:57', '75.00', '90.00'),
(4, '2021-06-07 20:47:36', '75.00', '48.00'),
(5, '2021-06-07 20:47:55', '75.00', '90.00'),
(6, '2021-06-08 11:50:29', '75.00', '93.00'),
(7, '2021-06-08 12:18:31', '75.00', '96.00'),
(8, '2021-06-08 12:19:12', '75.00', '93.00'),
(9, '2021-06-08 22:23:46', '75.00', '90.10'),
(10, '2021-06-11 15:54:23', '75.00', '93.00'),
(11, '2021-06-16 08:00:56', '76.00', '93.00');

-- --------------------------------------------------------

--
-- Структура таблицы `customer`
--

CREATE TABLE `customer` (
  `id` int(11) NOT NULL,
  `name` varchar(50) NOT NULL,
  `person` varchar(50) NOT NULL,
  `phone` varchar(50) NOT NULL,
  `extension` varchar(10) NOT NULL,
  `email` varchar(50) NOT NULL,
  `manager_id` int(11) NOT NULL
) ENGINE=InnoDB DEFAULT CHARSET=utf8mb4;

--
-- Дамп данных таблицы `customer`
--

INSERT INTO `customer` (`id`, `name`, `person`, `phone`, `extension`, `email`, `manager_id`) VALUES
(15, 'Тишьюпром', 'Багаутдин Булатов', '+7 (926) 720-72-33', '', 'bulatov.b@tetre2006.ru', 156),
(16, 'Сесана', 'Юля ', '+7 (890) 670-83-29', '', 'nazarova.sesana@mail.ru', 158),
(17, 'Галерея Отель', 'Татьяна', '+7 (916) 052-42-93', '', 'shmatova@galleryhotel.ru', 158),
(18, 'Бельский молокозавод \"Бурёнка\"', 'Николай Миллер', '+7 (335) 566-55-64', '209', 'miller@burenka.ru', 126);

-- --------------------------------------------------------

--
-- Структура таблицы `cut`
--

CREATE TABLE `cut` (
  `id` int(11) NOT NULL,
  `date` timestamp NOT NULL DEFAULT CURRENT_TIMESTAMP,
  `supplier_id` int(11) NOT NULL,
  `film_brand_id` int(11) NOT NULL,
  `thickness` int(11) NOT NULL,
  `width` int(11) NOT NULL,
  `remain` int(11) DEFAULT NULL,
  `cutter_id` int(11) DEFAULT NULL
) ENGINE=InnoDB DEFAULT CHARSET=utf8;

-- --------------------------------------------------------

--
-- Структура таблицы `cut_history`
--

CREATE TABLE `cut_history` (
  `id` int(11) NOT NULL,
  `datetime` timestamp NOT NULL DEFAULT CURRENT_TIMESTAMP,
  `user_id` int(11) NOT NULL,
  `page_db` varchar(200) NOT NULL,
  `page_real` varchar(200) NOT NULL,
  `valid` tinyint(1) NOT NULL DEFAULT '1'
) ENGINE=InnoDB DEFAULT CHARSET=utf8;

-- --------------------------------------------------------

--
-- Структура таблицы `cut_source`
--

CREATE TABLE `cut_source` (
  `id` int(11) NOT NULL,
  `cut_id` int(11) NOT NULL,
  `is_from_pallet` int(11) NOT NULL,
  `roll_id` int(11) NOT NULL
) ENGINE=InnoDB DEFAULT CHARSET=utf8;

-- --------------------------------------------------------

--
-- Структура таблицы `cut_stream`
--

CREATE TABLE `cut_stream` (
  `id` int(11) NOT NULL,
  `cut_id` int(11) NOT NULL,
  `width` int(11) NOT NULL,
  `comment` text NOT NULL
) ENGINE=InnoDB DEFAULT CHARSET=utf8;

-- --------------------------------------------------------

--
-- Структура таблицы `cut_wind`
--

CREATE TABLE `cut_wind` (
  `id` int(11) NOT NULL,
  `cut_id` int(11) NOT NULL,
  `length` int(11) NOT NULL,
  `radius` int(11) NOT NULL
) ENGINE=InnoDB DEFAULT CHARSET=utf8;

-- --------------------------------------------------------

--
-- Структура таблицы `extracharge`
--

CREATE TABLE `extracharge` (
  `id` int(11) NOT NULL,
  `extracharge_type_id` int(11) NOT NULL,
  `from_weight` float(10,2) NOT NULL,
  `to_weight` float(10,2) DEFAULT NULL,
  `value` decimal(10,2) NOT NULL
) ENGINE=InnoDB DEFAULT CHARSET=utf8mb4;

--
-- Дамп данных таблицы `extracharge`
--

INSERT INTO `extracharge` (`id`, `extracharge_type_id`, `from_weight`, `to_weight`, `value`) VALUES
(44, 1, 20.00, 49.00, '100.00'),
(45, 1, 0.00, 20.00, '150.00'),
(46, 1, 50.00, 99.00, '50.00'),
(47, 1, 100.00, 149.00, '40.00'),
(48, 1, 150.00, 299.00, '35.00'),
(49, 1, 300.00, 499.00, '30.00'),
(50, 1, 500.00, 999.00, '25.00'),
(51, 1, 1000.00, 2000.00, '20.00'),
(52, 1, 2000.00, NULL, '15.00'),
(53, 2, 0.00, 20.00, '150.00'),
(54, 2, 20.00, 49.00, '100.00'),
(55, 2, 50.00, 99.00, '50.00'),
(56, 2, 100.00, 149.00, '40.00'),
(57, 2, 150.00, 299.00, '35.00'),
(60, 2, 2000.00, NULL, '15.00'),
(61, 3, 0.00, 20.00, '150.00'),
(62, 3, 20.00, 49.00, '100.00'),
(63, 3, 50.00, 99.00, '50.00'),
(64, 3, 100.00, 149.00, '40.00'),
(65, 3, 150.00, 299.00, '35.00'),
(66, 3, 300.00, 499.00, '30.00'),
(67, 3, 500.00, 999.00, '25.00'),
(68, 3, 1000.00, 2000.00, '20.00'),
(69, 3, 2000.00, NULL, '15.00'),
(70, 4, 0.00, 20.00, '150.00'),
(71, 4, 20.00, 49.00, '100.00'),
(72, 4, 50.00, 99.00, '50.00'),
(73, 4, 100.00, 149.00, '40.00'),
(74, 4, 150.00, 299.00, '35.00'),
(75, 4, 300.00, 499.00, '30.00'),
(76, 4, 500.00, 999.00, '25.00'),
(77, 4, 1000.00, 2000.00, '20.00'),
(78, 4, 2000.00, NULL, '15.00'),
(79, 2, 500.00, 999.00, '25.00'),
(80, 2, 300.00, 499.00, '30.00'),
(81, 2, 1000.00, 2000.00, '20.00');

-- --------------------------------------------------------

--
-- Структура таблицы `extracharge_type`
--

CREATE TABLE `extracharge_type` (
  `id` int(11) NOT NULL,
  `name` varchar(50) NOT NULL
) ENGINE=InnoDB DEFAULT CHARSET=utf8mb4;

--
-- Дамп данных таблицы `extracharge_type`
--

INSERT INTO `extracharge_type` (`id`, `name`) VALUES
(1, 'Пленка без печати'),
(2, 'Пленка с печатью без ламинации'),
(3, 'Пленка с печатью и ламинацией'),
(4, 'Пленка с печатью и двумя ламинациями');

-- --------------------------------------------------------

--
-- Структура таблицы `film_brand`
--

CREATE TABLE `film_brand` (
  `id` int(11) NOT NULL,
  `name` varchar(100) NOT NULL,
  `supplier_id` int(11) NOT NULL
) ENGINE=InnoDB DEFAULT CHARSET=utf8mb4;

--
-- Дамп данных таблицы `film_brand`
--

INSERT INTO `film_brand` (`id`, `name`, `supplier_id`) VALUES
(77, 'HGPL прозрачка', 41),
(78, 'HGPL прозрачка', 45),
(79, 'HGPL прозрачка', 42),
(81, 'HMIL.M металл ', 41),
(82, 'HMIL.M металл ', 45),
(83, 'HMIL.M металл ', 42),
(84, 'MGS матовая', 45),
(85, 'MGS матовая', 41),
(86, 'MGS матовая', 42),
(87, 'HOHL жемчуг', 41),
(88, 'HOHL жемчуг', 45),
(89, 'HOHL жемчуг', 42),
(90, 'HWHL белая', 41),
(91, 'HWHL белая', 45),
(92, 'HWHL белая', 42),
(93, 'HGPL прозрачка', 46),
(97, 'ПВД PE/LL проз', 52),
(98, 'ПВД PE/LL белый', 52),
(101, 'ПВД PE/LR проз', 52),
(102, 'ПВД PE/LR белый', 52),
(103, 'ПВД PE/LD проз', 52),
(104, 'ПВД PE/LD белый', 52),
(105, 'ПВД PE/LD-EP проз', 52),
(106, 'ПВД PE/LD-EP белый', 52),
(107, 'ПВД PE/LD белый', 53),
(108, 'ПВД PE/LD-EP белый', 53),
(109, 'ПВД PE/LD-EP проз', 53),
(110, 'ПВД PE/LR белый', 53),
(111, 'ПВД PE/LD проз', 53),
(112, 'ПВД PE/LL белый', 53),
(113, 'ПВД PE/LL проз', 53),
(115, 'ПВД PE/LP проз', 53),
(116, 'ПВД PE/LR проз', 53),
(117, 'HGPL прозрачка', 57),
(118, 'Pet проз', 54),
(119, 'Pet металл ', 54),
(120, 'Pet металл', 56),
(121, 'Pet проз', 56),
(122, 'Pet проз', 55),
(123, 'Pet металл', 55),
(124, 'LOBA жемчуг', 41),
(125, 'LOHM.M', 41),
(126, 'Pet металл ', 58),
(127, 'CPP cast', 59),
(128, 'CPP LA ', 59),
(129, 'ПВД PE/LP проз', 52);

-- --------------------------------------------------------

--
-- Структура таблицы `film_brand_variation`
--

CREATE TABLE `film_brand_variation` (
  `id` int(11) NOT NULL,
  `film_brand_id` int(11) NOT NULL,
  `thickness` int(11) NOT NULL,
  `weight` float NOT NULL
) ENGINE=InnoDB DEFAULT CHARSET=utf8mb4;

--
-- Дамп данных таблицы `film_brand_variation`
--

INSERT INTO `film_brand_variation` (`id`, `film_brand_id`, `thickness`, `weight`) VALUES
(121, 77, 15, 13.65),
(122, 78, 15, 13.65),
(123, 79, 15, 13.65),
(125, 81, 15, 13.65),
(126, 82, 15, 13.65),
(127, 83, 15, 13.65),
(128, 84, 20, 18.2),
(129, 85, 20, 18.2),
(130, 86, 20, 18.2),
(131, 87, 30, 21.6),
(132, 88, 30, 21.6),
(133, 89, 30, 21.6),
(134, 90, 20, 19.2),
(135, 91, 20, 19.2),
(136, 92, 20, 19.2),
(137, 93, 20, 18.2),
(138, 77, 20, 18.2),
(139, 78, 20, 18.2),
(140, 79, 20, 18.2),
(141, 77, 25, 22.75),
(142, 78, 25, 22.75),
(143, 79, 25, 22.75),
(144, 93, 25, 22.75),
(145, 77, 30, 27.3),
(146, 78, 30, 27.3),
(147, 79, 30, 27.3),
(148, 93, 30, 27.3),
(150, 78, 35, 31.85),
(151, 79, 35, 31.85),
(152, 93, 35, 31.85),
(153, 93, 40, 36.4),
(154, 79, 40, 36.4),
(155, 78, 40, 36.4),
(156, 77, 40, 36.4),
(157, 77, 35, 31.85),
(158, 81, 20, 18.2),
(159, 81, 30, 27.3),
(160, 81, 40, 36.4),
(161, 87, 35, 25.2),
(166, 83, 20, 18.2),
(168, 83, 30, 27.3),
(169, 83, 40, 36.4),
(170, 89, 35, 25.2),
(172, 82, 20, 18.2),
(174, 82, 30, 27.3),
(175, 82, 40, 36.4),
(176, 88, 35, 25.2),
(178, 97, 30, 28),
(180, 97, 40, 37),
(182, 97, 60, 55.5),
(184, 97, 80, 74),
(194, 101, 30, 28),
(196, 103, 30, 28),
(198, 105, 30, 28),
(224, 105, 40, 37),
(226, 105, 60, 55.5),
(228, 105, 80, 74),
(230, 103, 40, 37),
(232, 103, 60, 55.5),
(234, 103, 80, 74),
(242, 101, 40, 37),
(244, 101, 60, 55.5),
(246, 101, 80, 74),
(248, 107, 30, 30),
(249, 108, 30, 30),
(250, 109, 30, 28),
(251, 110, 30, 30),
(252, 111, 30, 28),
(253, 112, 30, 30),
(254, 113, 30, 28),
(256, 115, 30, 28),
(257, 116, 30, 28),
(258, 112, 40, 39.5),
(259, 112, 50, 48.5),
(260, 112, 60, 57.5),
(261, 112, 70, 67),
(262, 112, 80, 76.5),
(263, 112, 90, 85.5),
(270, 116, 40, 37),
(271, 116, 50, 46.5),
(272, 116, 60, 55.5),
(273, 116, 70, 65),
(274, 116, 80, 74),
(275, 116, 90, 83.5),
(276, 107, 40, 39.5),
(277, 107, 50, 48.5),
(278, 107, 60, 57.5),
(279, 107, 70, 67),
(280, 107, 80, 76.5),
(281, 107, 90, 85.5),
(282, 111, 40, 37),
(283, 111, 50, 46.5),
(284, 111, 60, 55.5),
(285, 111, 70, 65),
(286, 111, 80, 74),
(287, 111, 90, 83.5),
(288, 108, 40, 39.5),
(289, 108, 50, 48.5),
(290, 108, 60, 57.5),
(291, 108, 70, 67),
(292, 108, 80, 76.5),
(293, 108, 90, 85.5),
(294, 109, 40, 37),
(295, 109, 50, 46.5),
(296, 109, 60, 55.5),
(297, 109, 70, 65),
(298, 109, 80, 74),
(299, 109, 90, 83.5),
(300, 113, 40, 37),
(301, 113, 50, 46.5),
(302, 113, 60, 55.5),
(303, 113, 70, 65),
(304, 113, 80, 74),
(305, 113, 90, 83.5),
(306, 115, 40, 37),
(307, 115, 50, 46.5),
(308, 115, 60, 55.5),
(309, 115, 70, 65),
(310, 115, 80, 74),
(311, 115, 90, 83.5),
(312, 110, 40, 39.5),
(313, 110, 50, 48.5),
(314, 110, 60, 57.5),
(315, 110, 70, 67),
(316, 110, 80, 76.5),
(317, 110, 90, 85.5),
(318, 117, 20, 18.2),
(319, 117, 25, 22.75),
(320, 117, 30, 27.3),
(321, 117, 35, 31.85),
(322, 117, 40, 36.4),
(329, 124, 38, 25.84),
(331, 125, 38, 26.98),
(335, 127, 25, 22.75),
(336, 127, 30, 27.3),
(339, 128, 25, 22.75),
(340, 128, 30, 27.3),
(344, 123, 23, 32.2),
(345, 123, 12, 16.8),
(346, 122, 12, 16.8),
(347, 122, 23, 32.2),
(348, 119, 12, 16.8),
(349, 119, 23, 32.2),
(350, 118, 12, 16.8),
(351, 118, 23, 32.2),
(352, 120, 12, 16.8),
(353, 121, 12, 16.8),
(354, 126, 12, 16.8),
(355, 127, 40, 36.4),
(356, 128, 40, 36.4),
(357, 104, 100, 92.5),
(358, 104, 120, 111),
(359, 106, 100, 92.5),
(360, 106, 120, 111),
(361, 98, 100, 92.5),
(362, 98, 120, 111),
(363, 97, 100, 92.5),
(364, 97, 120, 111),
(365, 102, 100, 92.5),
(366, 101, 100, 92.5),
(367, 129, 30, 28),
(368, 129, 40, 37),
(369, 104, 30, 28),
(370, 104, 40, 37),
(371, 104, 50, 46.25),
(372, 104, 60, 55.5),
(373, 104, 80, 74),
(374, 103, 70, 64.75),
(375, 103, 50, 46.25),
(376, 106, 30, 28),
(377, 106, 40, 37),
(378, 106, 50, 46.25),
(379, 106, 60, 55.5),
(380, 106, 80, 74),
(381, 105, 50, 46.25),
(382, 105, 70, 64.75),
(383, 105, 90, 83.25),
(384, 98, 30, 28),
(385, 98, 40, 37),
(386, 98, 50, 46.25),
(387, 98, 60, 55.5),
(388, 98, 80, 74),
(389, 97, 50, 46.25),
(390, 97, 70, 64.75),
(391, 97, 90, 83.25),
(392, 102, 30, 28),
(393, 102, 40, 37),
(394, 102, 50, 46.25),
(395, 102, 60, 55.5),
(396, 102, 70, 64.75),
(397, 102, 80, 74),
(398, 102, 90, 83.25),
(399, 101, 50, 46.25),
(400, 101, 70, 64.75),
(401, 101, 90, 83.25);

-- --------------------------------------------------------

--
-- Структура таблицы `film_price`
--

CREATE TABLE `film_price` (
  `id` int(11) NOT NULL,
  `date` timestamp NOT NULL DEFAULT CURRENT_TIMESTAMP,
  `brand_name` varchar(100) NOT NULL,
  `thickness` int(11) NOT NULL,
  `price` decimal(10,2) NOT NULL,
  `currency` varchar(10) NOT NULL
) ENGINE=InnoDB DEFAULT CHARSET=utf8mb4;

--
-- Дамп данных таблицы `film_price`
--

INSERT INTO `film_price` (`id`, `date`, `brand_name`, `thickness`, `price`, `currency`) VALUES
(1, '2021-10-06 08:44:26', 'CPP LA ', 20, '17.00', 'rub'),
(2, '2021-10-06 08:44:26', 'CPP LA ', 25, '16.00', 'rub'),
(3, '2021-10-06 08:44:26', 'HGPL прозрачка', 25, '12.67', 'rub'),
(4, '2021-10-06 08:44:26', 'ПВД PE/LD белый', 30, '12.00', 'rub'),
(5, '2021-10-06 08:44:26', 'ПВД PE/LD белый', 40, '12.00', 'rub'),
(6, '2021-10-06 08:44:26', 'HGPL прозрачка', 40, '12.20', 'rub'),
(7, '2021-10-06 08:44:26', 'HGPL прозрачка', 15, '12.00', 'rub'),
(8, '2021-10-06 08:44:26', 'HGPL прозрачка', 20, '12.60', 'rub'),
(9, '2021-10-06 08:44:26', 'HGPL прозрачка', 30, '12.30', 'rub'),
(10, '2021-10-06 08:44:26', 'HGPL прозрачка', 35, '12.00', 'rub'),
(11, '2021-10-06 08:44:26', 'HMIL.M металл ', 20, '14.00', 'rub'),
(12, '2021-10-06 08:44:26', 'MGS матовая', 20, '15.00', 'rub'),
(13, '2021-10-06 08:52:41', 'CPP LA ', 20, '18.00', 'rub'),
(14, '2021-10-06 08:52:58', 'CPP LA ', 20, '17.00', 'rub'),
(15, '2021-10-06 08:54:17', 'CPP LA ', 20, '19.00', 'rub'),
(16, '2021-10-06 09:24:34', 'CPP LA ', 20, '16.00', 'rub'),
(17, '2021-10-06 09:27:55', 'HGPL прозрачка', 15, '12.00', 'rub'),
(18, '2021-10-06 09:28:10', 'HGPL прозрачка', 15, '11.00', 'rub'),
(19, '2021-10-06 09:28:21', 'CPP LA ', 20, '13.00', 'rub'),
(20, '2021-10-06 09:28:24', 'CPP LA ', 25, '14.00', 'rub'),
(21, '2021-10-06 09:28:28', 'HGPL прозрачка', 15, '12.00', 'rub'),
(22, '2021-10-06 09:28:30', 'HGPL прозрачка', 15, '14.00', 'rub'),
(23, '2021-10-06 09:28:32', 'HGPL прозрачка', 20, '13.60', 'rub'),
(24, '2021-10-06 09:28:35', 'HGPL прозрачка', 25, '12.00', 'rub'),
(25, '2021-10-06 09:28:38', 'HGPL прозрачка', 30, '12.00', 'rub'),
(26, '2021-10-06 09:28:41', 'HGPL прозрачка', 40, '12.00', 'rub'),
(27, '2021-10-06 09:28:42', 'HGPL прозрачка', 35, '12.50', 'rub'),
(28, '2021-10-06 09:30:05', 'HGPL прозрачка', 30, '12.30', 'rub'),
(29, '2021-10-06 09:30:48', 'CPP LA ', 20, '13.40', 'rub'),
(30, '2021-10-06 09:32:18', 'CPP LA ', 20, '13.50', 'rub'),
(31, '2021-10-06 09:32:22', 'CPP LA ', 25, '14.10', 'rub'),
(32, '2021-10-07 06:04:02', 'HGPL прозрачка', 30, '12.30', 'usd'),
(33, '2021-10-07 06:10:41', 'HGPL прозрачка', 30, '12.30', 'euro'),
(34, '2021-10-07 06:13:54', 'HGPL прозрачка', 30, '12.30', 'rub'),
(35, '2021-10-07 06:14:05', 'HGPL прозрачка', 30, '12.30', 'usd'),
(36, '2021-10-07 06:14:11', 'HGPL прозрачка', 30, '12.30', 'euro'),
(37, '2021-10-07 06:14:17', 'HGPL прозрачка', 30, '12.30', 'rub'),
(38, '2021-10-11 08:46:56', 'HMIL.M металл ', 25, '19.00', 'rub'),
(39, '2021-10-11 08:47:20', 'ПВД PE/LD проз', 50, '13.00', 'rub'),
(40, '2021-10-11 08:47:37', 'LOBA жемчуг', 38, '16.00', 'rub'),
(41, '2021-10-11 11:13:51', 'ПВД PE/LR белый', 30, '14.00', 'usd'),
(42, '2021-10-11 11:13:53', 'ПВД PE/LR белый', 40, '12.00', 'usd'),
(43, '2021-10-11 11:13:55', 'ПВД PE/LR белый', 30, '14.00', 'rub'),
(44, '2021-10-11 11:13:56', 'ПВД PE/LR белый', 40, '12.00', 'rub'),
(45, '2021-10-11 11:13:57', 'ПВД PE/LR белый', 50, '14.40', 'rub'),
(46, '2021-10-11 11:14:03', 'ПВД PE/LR белый', 60, '13.40', 'rub'),
(47, '2021-10-11 11:14:08', 'ПВД PE/LR белый', 70, '12.20', 'rub'),
(48, '2021-10-11 11:14:12', 'ПВД PE/LR белый', 80, '23.30', 'rub'),
(49, '2021-10-11 11:14:16', 'ПВД PE/LR белый', 90, '21.00', 'rub'),
(50, '2021-10-11 11:14:29', 'ПВД PE/LP проз', 30, '14.00', 'rub'),
(51, '2021-10-11 11:14:32', 'ПВД PE/LP проз', 40, '12.00', 'rub'),
(52, '2021-10-11 11:14:36', 'ПВД PE/LP проз', 50, '14.40', 'rub'),
(53, '2021-10-11 11:14:40', 'ПВД PE/LP проз', 60, '13.40', 'rub'),
(54, '2021-10-11 11:14:43', 'ПВД PE/LP проз', 70, '12.20', 'rub'),
(55, '2021-10-11 11:14:53', 'ПВД PE/LP проз', 80, '23.30', 'rub'),
(56, '2021-10-11 11:14:57', 'ПВД PE/LP проз', 90, '21.00', 'rub'),
(57, '2021-10-11 11:15:19', 'ПВД PE/LP белый', 30, '14.00', 'rub'),
(58, '2021-10-11 11:15:22', 'ПВД PE/LP белый', 40, '12.00', 'rub'),
(59, '2021-10-11 11:15:25', 'ПВД PE/LP белый', 50, '14.40', 'rub'),
(60, '2021-10-11 11:15:29', 'ПВД PE/LP белый', 60, '13.40', 'rub'),
(61, '2021-10-11 11:15:35', 'ПВД PE/LP белый', 70, '12.20', 'rub'),
(62, '2021-10-11 11:15:39', 'ПВД PE/LP белый', 80, '23.30', 'usd'),
(63, '2021-10-11 11:15:40', 'ПВД PE/LP белый', 80, '23.30', 'rub'),
(64, '2021-10-11 11:15:43', 'ПВД PE/LP белый', 90, '21.00', 'rub'),
(65, '2021-10-11 11:22:14', 'Pet проз', 12, '32.00', 'rub'),
(66, '2021-10-12 13:09:41', 'CPP cast', 20, '23.00', 'rub'),
(67, '2021-10-12 13:09:43', 'CPP cast', 25, '23.00', 'rub'),
(68, '2021-10-12 13:09:45', 'CPP cast', 30, '12.00', 'rub'),
(69, '2021-10-12 13:09:48', 'CPP cast', 30, '43.00', 'rub'),
(70, '2021-10-12 13:09:53', 'CPP cast', 35, '32.00', 'rub'),
(71, '2021-10-12 13:09:58', 'CPP LA ', 30, '16.00', 'rub'),
(72, '2021-10-12 13:10:00', 'CPP LA ', 35, '16.00', 'rub'),
(73, '2021-10-12 13:10:03', 'CPP cast', 35, '32.40', 'rub'),
(74, '2021-10-12 13:10:09', 'CPP cast', 30, '436.00', 'rub'),
(75, '2021-10-12 13:10:21', 'CPP cast', 30, '43.30', 'rub'),
(76, '2021-10-12 13:10:39', 'HMIL.M металл ', 15, '23.00', 'rub'),
(77, '2021-10-12 13:10:46', 'HMIL.M металл ', 15, '12.40', 'rub'),
(78, '2021-10-12 13:10:53', 'HMIL.M металл ', 30, '21.00', 'usd'),
(79, '2021-10-12 13:10:54', 'HMIL.M металл ', 30, '21.00', 'rub'),
(80, '2021-10-12 13:10:58', 'HMIL.M металл ', 40, '22.00', 'rub'),
(81, '2021-10-12 13:11:03', 'HOHL жемчуг', 30, '16.00', 'rub'),
(82, '2021-10-12 13:11:07', 'HOHL жемчуг', 35, '16.50', 'rub'),
(83, '2021-10-12 13:11:14', 'HOHL жемчуг', 40, '16.80', 'rub'),
(84, '2021-10-12 13:11:23', 'HWHL белая', 20, '23.00', 'rub'),
(85, '2021-10-12 13:11:28', 'LOHM.M', 38, '34.70', 'rub'),
(86, '2021-10-12 13:11:33', 'Pet металл ', 12, '16.00', 'rub'),
(87, '2021-10-12 13:11:35', 'Pet металл ', 20, '16.00', 'rub'),
(88, '2021-10-12 13:11:38', 'Pet металл ', 20, '16.07', 'rub'),
(89, '2021-10-12 13:11:48', 'ПВД PE/LD белый', 50, '12.70', 'rub'),
(90, '2021-10-12 13:11:54', 'ПВД PE/LD белый', 60, '12.70', 'rub'),
(91, '2021-10-12 13:11:57', 'ПВД PE/LD белый', 70, '13.00', 'rub'),
(92, '2021-10-12 13:12:00', 'ПВД PE/LD белый', 80, '14.00', 'rub'),
(93, '2021-10-12 13:12:04', 'ПВД PE/LD белый', 90, '17.00', 'rub'),
(94, '2021-10-12 13:12:17', 'ПВД PE/LD проз', 30, '21.00', 'rub'),
(95, '2021-10-12 13:12:19', 'ПВД PE/LD проз', 40, '23.00', 'rub'),
(96, '2021-10-12 13:12:22', 'ПВД PE/LD проз', 50, '22.00', 'rub'),
(97, '2021-10-12 13:12:25', 'ПВД PE/LD проз', 60, '22.00', 'rub'),
(98, '2021-10-12 13:12:29', 'ПВД PE/LD проз', 70, '22.50', 'rub'),
(99, '2021-10-12 13:12:31', 'ПВД PE/LD проз', 80, '23.00', 'rub'),
(100, '2021-10-12 13:12:34', 'ПВД PE/LD проз', 90, '23.00', 'rub'),
(101, '2021-10-12 13:12:47', 'ПВД PE/LD-EP белый', 30, '16.60', 'rub'),
(102, '2021-10-12 13:12:50', 'ПВД PE/LD-EP белый', 40, '16.76', 'rub'),
(103, '2021-10-12 13:12:53', 'ПВД PE/LD-EP белый', 50, '17.00', 'rub'),
(104, '2021-10-12 13:12:55', 'ПВД PE/LD-EP белый', 60, '17.00', 'rub'),
(105, '2021-10-12 13:12:58', 'ПВД PE/LD-EP белый', 70, '17.00', 'rub'),
(106, '2021-10-12 13:13:01', 'ПВД PE/LD-EP белый', 80, '21.00', 'rub'),
(107, '2021-10-12 13:13:04', 'ПВД PE/LD-EP белый', 90, '21.00', 'rub'),
(108, '2021-10-12 13:14:23', 'ПВД PE/LD-EP проз', 30, '34.00', 'rub'),
(109, '2021-10-12 13:14:26', 'ПВД PE/LD-EP проз', 40, '45.00', 'rub'),
(110, '2021-10-12 13:14:28', 'ПВД PE/LD-EP проз', 50, '45.00', 'rub'),
(111, '2021-10-12 13:14:57', 'ПВД PE/LD-EP проз', 60, '45.50', 'rub'),
(112, '2021-10-12 13:15:01', 'ПВД PE/LD-EP проз', 70, '36.00', 'rub'),
(113, '2021-10-12 13:15:03', 'ПВД PE/LD-EP проз', 80, '36.00', 'rub'),
(114, '2021-10-12 13:50:28', 'ПВД PE/LL белый', 30, '21.00', 'rub'),
(115, '2021-10-12 13:50:29', 'ПВД PE/LL белый', 40, '22.00', 'rub'),
(116, '2021-10-12 13:50:31', 'ПВД PE/LL белый', 50, '22.00', 'rub'),
(117, '2021-10-12 13:50:35', 'ПВД PE/LL белый', 60, '22.60', 'rub'),
(118, '2021-10-12 13:50:38', 'ПВД PE/LL белый', 70, '23.00', 'rub'),
(119, '2021-10-12 13:50:41', 'ПВД PE/LL белый', 80, '23.00', 'rub'),
(120, '2021-10-12 13:50:43', 'ПВД PE/LL белый', 90, '23.00', 'rub'),
(121, '2021-10-12 13:50:48', 'ПВД PE/LL проз', 30, '25.00', 'rub'),
(122, '2021-10-12 13:50:55', 'ПВД PE/LL проз', 40, '24.50', 'rub'),
(123, '2021-10-12 13:50:58', 'ПВД PE/LL проз', 50, '25.00', 'rub'),
(124, '2021-10-12 13:51:03', 'ПВД PE/LL проз', 60, '24.40', 'rub'),
(125, '2021-10-12 13:51:08', 'ПВД PE/LL проз', 70, '24.00', 'rub'),
(126, '2021-10-12 13:51:11', 'ПВД PE/LL проз', 80, '24.00', 'rub'),
(127, '2021-10-12 13:51:13', 'ПВД PE/LL проз', 90, '24.00', 'rub'),
(128, '2021-10-12 13:51:29', 'ПВД PE/LR проз', 40, '16.00', 'rub'),
(129, '2021-10-12 13:51:30', 'ПВД PE/LR проз', 50, '15.00', 'rub'),
(130, '2021-10-12 13:51:32', 'ПВД PE/LR проз', 60, '16.00', 'rub'),
(131, '2021-10-12 13:51:33', 'ПВД PE/LR проз', 30, '15.65', 'rub'),
(132, '2021-10-12 13:51:42', 'ПВД PE/LR проз', 70, '15.00', 'rub'),
(133, '2021-10-12 13:51:45', 'ПВД PE/LR проз', 80, '15.00', 'rub'),
(134, '2021-10-12 13:51:48', 'ПВД PE/LR проз', 90, '14.00', 'rub'),
(135, '2021-10-14 10:14:32', 'Pet проз', 12, '16.00', 'rub'),
(136, '2021-10-18 08:57:22', 'HGPL прозрачка', 25, '252.00', 'rub'),
(137, '2021-10-18 10:25:34', 'HGPL прозрачка', 15, '285.00', 'rub'),
(138, '2021-10-18 10:32:15', 'HWHL белая', 20, '256.00', 'rub'),
(139, '2021-10-18 10:54:09', 'HGPL прозрачка', 20, '285.00', 'rub'),
(140, '2021-10-18 12:03:03', 'HOHL жемчуг', 35, '387.00', 'rub'),
(141, '2021-10-18 13:24:59', 'HGPL прозрачка', 15, '377.00', 'rub'),
(142, '2021-10-18 13:25:26', 'HWHL белая', 20, '397.00', 'rub'),
(143, '2021-10-19 06:32:19', 'MGS матовая', 20, '355.00', 'rub'),
(144, '2021-10-19 06:33:54', 'Pet металл ', 12, '240.00', 'rub'),
(145, '2021-10-19 06:34:21', 'ПВД PE/LP белый', 60, '255.00', 'rub'),
(146, '2021-10-19 06:34:27', 'ПВД PE/LP проз', 60, '255.00', 'rub'),
(147, '2021-10-19 06:34:32', 'ПВД PE/LL проз', 60, '255.00', 'rub'),
(148, '2021-10-19 06:34:39', 'ПВД PE/LD-EP проз', 60, '255.00', 'rub'),
(149, '2021-10-19 06:34:46', 'ПВД PE/LD проз', 60, '255.00', 'rub'),
(150, '2021-10-19 06:35:05', 'ПВД PE/LR проз', 60, '255.00', 'rub'),
(151, '2021-10-19 06:47:45', 'MGS матовая', 20, '390.00', 'rub'),
(152, '2021-10-19 06:50:38', 'Pet металл ', 12, '300.00', 'rub'),
(153, '2021-10-19 06:50:55', 'ПВД PE/LD проз', 60, '225.00', 'rub'),
(154, '2021-10-19 06:50:59', 'ПВД PE/LD-EP проз', 60, '225.00', 'rub'),
(155, '2021-10-19 06:51:04', 'ПВД PE/LL проз', 60, '225.00', 'rub'),
(156, '2021-10-19 06:51:08', 'ПВД PE/LP белый', 60, '225.00', 'rub'),
(157, '2021-10-19 06:51:13', 'ПВД PE/LP проз', 60, '225.00', 'rub'),
(158, '2021-10-19 06:51:17', 'ПВД PE/LR проз', 60, '225.00', 'rub'),
(159, '2021-10-19 08:07:20', 'HGPL прозрачка', 20, '327.00', 'rub'),
(160, '2021-10-19 10:10:04', 'HMIL.M металл ', 20, '387.00', 'rub'),
(161, '2021-11-11 13:53:07', 'ПВД PE/LL проз', 50, '251.00', 'rub'),
(162, '2021-11-11 13:53:19', 'CPP cast', 25, '23.00', 'rub'),
(163, '2021-11-11 13:53:21', 'HGPL прозрачка', 30, '212.30', 'rub'),
(164, '2021-11-17 13:28:43', 'MGS матовая', 20, '410.00', 'rub'),
(165, '2021-11-17 13:35:55', 'HWHL белая', 20, '405.00', 'rub'),
(166, '2021-11-19 12:08:32', 'CPP cast', 30, '111.00', 'rub'),
(167, '2021-11-19 12:08:41', 'CPP cast', 35, '554.00', 'rub'),
(168, '2021-11-22 11:41:36', 'CPP cast', 20, '29.00', 'rub'),
(169, '2021-11-22 11:41:44', 'CPP cast', 20, '30.00', 'rub'),
(170, '2021-11-22 11:41:55', 'HGPL прозрачка', 20, '328.00', 'rub'),
(171, '2021-11-23 08:23:47', 'LOBA жемчуг', 38, '216.00', 'usd'),
(172, '2021-11-23 08:23:50', 'LOBA жемчуг', 38, '216.00', 'rub'),
(173, '2021-11-23 12:07:27', 'CPP cast', 20, '232.00', 'rub'),
(174, '2021-11-23 12:40:31', 'CPP cast', 20, '231.00', 'rub'),
(175, '2021-11-23 12:42:39', 'CPP LA ', 25, '141.00', 'rub'),
(176, '2021-11-23 12:42:46', 'CPP LA ', 25, '141.50', 'rub'),
(177, '2021-11-23 12:52:48', 'CPP cast', 30, '121.00', 'rub'),
(178, '2021-11-23 12:52:54', 'MGS матовая', 20, '210.00', 'rub'),
(179, '2021-11-23 12:53:03', 'ПВД PE/LD белый', 60, '123.70', 'rub'),
(180, '2021-11-23 12:53:07', 'ПВД PE/LD белый', 50, '142.70', 'rub'),
(181, '2021-11-23 12:53:13', 'ПВД PE/LD-EP белый', 60, '173.00', 'rub'),
(182, '2021-11-24 07:59:24', 'HGPL прозрачка', 15, '328.00', 'rub'),
(183, '2021-11-24 07:59:31', 'HGPL прозрачка', 20, '260.00', 'rub'),
(184, '2021-11-24 07:59:37', 'HGPL прозрачка', 25, '260.00', 'rub'),
(185, '2021-11-24 07:59:41', 'HGPL прозрачка', 30, '260.00', 'rub'),
(186, '2021-11-24 07:59:46', 'HGPL прозрачка', 35, '260.00', 'rub'),
(187, '2021-11-24 07:59:50', 'HGPL прозрачка', 40, '260.00', 'rub'),
(188, '2021-11-24 08:00:16', 'HMIL.M металл ', 15, '345.00', 'rub'),
(189, '2021-11-24 08:00:25', 'HMIL.M металл ', 20, '315.00', 'rub'),
(190, '2021-11-24 08:00:41', 'HMIL.M металл ', 25, '1.00', 'rub'),
(191, '2021-11-24 08:01:45', 'HMIL.M металл ', 30, '315.00', 'rub'),
(192, '2021-11-24 08:01:50', 'HMIL.M металл ', 40, '315.00', 'rub'),
(193, '2021-11-24 08:01:58', 'HOHL жемчуг', 30, '332.00', 'rub'),
(194, '2021-11-24 08:02:03', 'HOHL жемчуг', 35, '330.00', 'rub'),
(195, '2021-11-24 08:02:06', 'HOHL жемчуг', 40, '1.00', 'rub'),
(196, '2021-11-24 08:02:20', 'HWHL белая', 20, '345.00', 'rub'),
(197, '2021-11-24 08:02:29', 'LOBA жемчуг', 38, '347.00', 'rub'),
(198, '2021-11-24 08:02:46', 'LOHM.M', 38, '360.00', 'rub'),
(199, '2021-11-24 08:02:54', 'MGS матовая', 20, '335.00', 'rub'),
(200, '2021-11-24 08:10:49', 'Pet металл ', 12, '3.30', 'usd'),
(201, '2021-11-24 08:10:57', 'Pet металл ', 23, '3.30', 'usd'),
(202, '2021-11-24 08:11:04', 'Pet проз', 12, '2.80', 'usd'),
(203, '2021-11-24 08:11:10', 'Pet проз', 23, '2.80', 'usd'),
(204, '2021-11-24 08:11:39', 'ПВД PE/LD белый', 30, '12.00', 'euro'),
(205, '2021-11-24 08:11:42', 'ПВД PE/LD белый', 40, '12.00', 'euro'),
(206, '2021-11-24 08:12:09', 'ПВД PE/LD белый', 50, '142.70', 'usd'),
(207, '2021-11-24 08:12:14', 'ПВД PE/LD белый', 50, '142.70', 'euro'),
(208, '2021-11-24 08:12:17', 'ПВД PE/LD белый', 60, '123.70', 'euro'),
(209, '2021-11-24 08:12:20', 'ПВД PE/LD белый', 70, '13.00', 'euro'),
(210, '2021-11-24 08:12:23', 'ПВД PE/LD белый', 80, '14.00', 'euro'),
(211, '2021-11-24 08:12:26', 'ПВД PE/LD белый', 90, '17.00', 'euro'),
(212, '2021-11-24 08:12:29', 'ПВД PE/LD проз', 30, '21.00', 'euro'),
(213, '2021-11-24 08:12:32', 'ПВД PE/LD проз', 40, '23.00', 'euro'),
(214, '2021-11-24 08:12:34', 'ПВД PE/LD проз', 50, '22.00', 'euro'),
(215, '2021-11-24 08:12:36', 'ПВД PE/LD проз', 60, '225.00', 'euro'),
(216, '2021-11-24 08:12:41', 'ПВД PE/LD проз', 70, '22.50', 'euro'),
(217, '2021-11-24 08:12:44', 'ПВД PE/LD проз', 80, '23.00', 'euro'),
(218, '2021-11-24 08:12:46', 'ПВД PE/LD проз', 90, '23.00', 'euro'),
(219, '2021-11-24 08:12:51', 'ПВД PE/LD-EP белый', 30, '16.60', 'euro'),
(220, '2021-11-24 08:12:59', 'ПВД PE/LD-EP белый', 40, '16.76', 'euro'),
(221, '2021-11-24 08:13:01', 'ПВД PE/LD-EP белый', 50, '17.00', 'euro'),
(222, '2021-11-24 08:13:04', 'ПВД PE/LD-EP белый', 60, '173.00', 'euro'),
(223, '2021-11-24 08:13:07', 'ПВД PE/LD-EP белый', 70, '17.00', 'euro'),
(224, '2021-11-24 08:13:09', 'ПВД PE/LD-EP белый', 80, '21.00', 'euro'),
(225, '2021-11-24 08:13:12', 'ПВД PE/LD-EP белый', 90, '21.00', 'euro'),
(226, '2021-11-24 08:13:15', 'ПВД PE/LD-EP проз', 30, '34.00', 'euro'),
(227, '2021-11-24 08:13:18', 'ПВД PE/LD-EP проз', 40, '45.00', 'euro'),
(228, '2021-11-24 08:13:20', 'ПВД PE/LD-EP проз', 50, '45.00', 'euro'),
(229, '2021-11-24 08:13:23', 'ПВД PE/LD-EP проз', 60, '225.00', 'euro'),
(230, '2021-11-24 08:13:25', 'ПВД PE/LD-EP проз', 70, '36.00', 'euro'),
(231, '2021-11-24 08:13:28', 'ПВД PE/LD-EP проз', 80, '36.00', 'euro'),
(232, '2021-11-24 08:13:48', 'ПВД PE/LD-EP проз', 90, '1.00', 'euro'),
(233, '2021-11-24 08:13:52', 'ПВД PE/LL белый', 30, '21.00', 'euro'),
(234, '2021-11-24 08:13:54', 'ПВД PE/LL белый', 40, '22.00', 'euro'),
(235, '2021-11-24 08:13:56', 'ПВД PE/LL белый', 50, '22.00', 'euro'),
(236, '2021-11-24 08:13:58', 'ПВД PE/LL белый', 60, '22.60', 'euro'),
(237, '2021-11-24 08:14:00', 'ПВД PE/LL белый', 70, '23.00', 'euro'),
(238, '2021-11-24 08:14:02', 'ПВД PE/LL белый', 80, '23.00', 'euro'),
(239, '2021-11-24 08:14:05', 'ПВД PE/LL белый', 90, '23.00', 'euro'),
(240, '2021-11-24 08:14:08', 'ПВД PE/LL проз', 30, '25.00', 'euro'),
(241, '2021-11-24 08:14:10', 'ПВД PE/LL проз', 40, '24.50', 'euro'),
(242, '2021-11-24 08:14:13', 'ПВД PE/LL проз', 50, '251.00', 'euro'),
(243, '2021-11-24 08:14:15', 'ПВД PE/LL проз', 60, '225.00', 'euro'),
(244, '2021-11-24 08:14:18', 'ПВД PE/LL проз', 70, '24.00', 'euro'),
(245, '2021-11-24 08:14:20', 'ПВД PE/LL проз', 80, '24.00', 'euro'),
(246, '2021-11-24 08:14:24', 'ПВД PE/LL проз', 90, '24.00', 'euro'),
(247, '2021-11-24 08:14:27', 'ПВД PE/LP белый', 30, '14.00', 'euro'),
(248, '2021-11-24 08:14:30', 'ПВД PE/LP белый', 40, '12.00', 'euro'),
(249, '2021-11-24 08:14:32', 'ПВД PE/LP белый', 50, '14.40', 'euro'),
(250, '2021-11-24 08:14:35', 'ПВД PE/LP белый', 60, '225.00', 'euro'),
(251, '2021-11-24 08:14:37', 'ПВД PE/LP белый', 70, '12.20', 'euro'),
(252, '2021-11-24 08:14:40', 'ПВД PE/LP белый', 80, '23.30', 'euro'),
(253, '2021-11-24 08:14:42', 'ПВД PE/LP белый', 90, '21.00', 'euro'),
(254, '2021-11-24 08:14:44', 'ПВД PE/LP проз', 30, '14.00', 'euro'),
(255, '2021-11-24 08:14:47', 'ПВД PE/LP проз', 40, '12.00', 'euro'),
(256, '2021-11-24 08:14:49', 'ПВД PE/LP проз', 50, '14.40', 'euro'),
(257, '2021-11-24 08:14:51', 'ПВД PE/LP проз', 60, '225.00', 'euro'),
(258, '2021-11-24 08:14:54', 'ПВД PE/LP проз', 70, '12.20', 'euro'),
(259, '2021-11-24 08:14:56', 'ПВД PE/LP проз', 80, '23.30', 'euro'),
(260, '2021-11-24 08:14:59', 'ПВД PE/LP проз', 90, '21.00', 'euro'),
(261, '2021-11-24 08:16:09', 'CPP cast', 25, '220.00', 'rub'),
(262, '2021-11-24 08:16:14', 'CPP cast', 30, '220.00', 'rub'),
(263, '2021-11-24 08:16:17', 'CPP cast', 40, '220.00', 'rub'),
(264, '2021-11-24 08:16:23', 'CPP LA ', 25, '215.00', 'rub'),
(265, '2021-11-24 08:16:28', 'CPP LA ', 30, '215.00', 'rub'),
(266, '2021-11-24 08:16:31', 'CPP LA ', 40, '215.00', 'rub'),
(267, '2021-11-24 08:16:44', 'ПВД PE/LR белый', 30, '14.00', 'euro'),
(268, '2021-11-24 08:16:47', 'ПВД PE/LR белый', 40, '12.00', 'euro'),
(269, '2021-11-24 08:16:49', 'ПВД PE/LR белый', 50, '14.40', 'euro'),
(270, '2021-11-24 08:16:51', 'ПВД PE/LR белый', 60, '13.40', 'euro'),
(271, '2021-11-24 08:17:16', 'ПВД PE/LD белый', 30, '2.56', 'euro'),
(272, '2021-11-24 08:17:22', 'ПВД PE/LD белый', 40, '2.56', 'euro'),
(273, '2021-11-24 08:17:30', 'ПВД PE/LD белый', 50, '2.56', 'euro'),
(274, '2021-11-24 08:17:35', 'ПВД PE/LD белый', 60, '2.70', 'euro'),
(275, '2021-11-24 08:17:38', 'ПВД PE/LD белый', 70, '1.00', 'euro'),
(276, '2021-11-24 08:17:53', 'ПВД PE/LR белый', 70, '12.20', 'euro'),
(277, '2021-11-24 08:17:57', 'ПВД PE/LR белый', 80, '23.30', 'euro'),
(278, '2021-11-24 08:17:59', 'ПВД PE/LR белый', 90, '21.00', 'euro'),
(279, '2021-11-24 08:18:14', 'ПВД PE/LD белый', 70, '2.68', 'euro'),
(280, '2021-11-24 08:18:19', 'ПВД PE/LD белый', 80, '2.68', 'euro'),
(281, '2021-11-24 08:40:05', 'ПВД PE/LD белый', 100, '2.55', 'euro'),
(282, '2021-11-24 08:40:16', 'ПВД PE/LD белый', 90, '2.68', 'euro'),
(283, '2021-11-24 08:40:33', 'ПВД PE/LD белый', 120, '2.64', 'euro'),
(284, '2021-11-24 08:40:42', 'ПВД PE/LD белый', 100, '2.66', 'euro'),
(285, '2021-11-24 08:40:55', 'ПВД PE/LD проз', 30, '2.56', 'euro'),
(286, '2021-11-24 08:40:59', 'ПВД PE/LD проз', 40, '2.56', 'euro'),
(287, '2021-11-24 08:41:03', 'ПВД PE/LD проз', 50, '2.56', 'euro'),
(288, '2021-11-24 08:41:07', 'ПВД PE/LD проз', 60, '2.56', 'euro'),
(289, '2021-11-24 08:41:12', 'ПВД PE/LD проз', 70, '2.56', 'euro'),
(290, '2021-11-24 08:41:16', 'ПВД PE/LD проз', 80, '2.56', 'euro'),
(291, '2021-11-24 08:41:20', 'ПВД PE/LD проз', 90, '2.56', 'euro'),
(292, '2021-11-24 08:41:41', 'ПВД PE/LD-EP белый', 60, '2.47', 'euro'),
(293, '2021-11-24 08:42:31', 'ПВД PE/LD-EP белый', 80, '2.43', 'euro'),
(294, '2021-11-24 08:42:41', 'ПВД PE/LD-EP белый', 90, '2.43', 'euro'),
(295, '2021-11-24 08:42:47', 'ПВД PE/LD-EP белый', 120, '2.38', 'euro'),
(296, '2021-11-24 08:42:56', 'ПВД PE/LD-EP белый', 100, '2.40', 'euro'),
(297, '2021-11-24 08:43:04', 'ПВД PE/LD-EP белый', 70, '2.47', 'euro'),
(298, '2021-11-24 08:43:09', 'ПВД PE/LD-EP белый', 50, '2.47', 'euro'),
(299, '2021-11-24 08:43:13', 'ПВД PE/LD-EP белый', 40, '2.47', 'euro'),
(300, '2021-11-24 08:43:17', 'ПВД PE/LD-EP белый', 30, '2.47', 'euro'),
(301, '2021-11-24 08:43:23', 'ПВД PE/LD-EP проз', 30, '2.36', 'euro'),
(302, '2021-11-24 08:43:30', 'ПВД PE/LD-EP проз', 40, '2.36', 'euro'),
(303, '2021-11-24 08:43:34', 'ПВД PE/LD-EP проз', 50, '2.36', 'euro'),
(304, '2021-11-24 08:43:38', 'ПВД PE/LD-EP проз', 60, '2.36', 'euro'),
(305, '2021-11-24 08:43:42', 'ПВД PE/LD-EP проз', 70, '2.36', 'euro'),
(306, '2021-11-24 08:43:47', 'ПВД PE/LD-EP проз', 80, '2.36', 'euro'),
(307, '2021-11-24 08:43:52', 'ПВД PE/LD-EP проз', 90, '2.36', 'euro'),
(308, '2021-11-24 08:44:26', 'ПВД PE/LL белый', 30, '2.68', 'euro'),
(309, '2021-11-24 08:45:03', 'ПВД PE/LL белый', 40, '2.68', 'euro'),
(310, '2021-11-24 08:45:07', 'ПВД PE/LL белый', 50, '2.68', 'euro'),
(311, '2021-11-24 08:45:21', 'ПВД PE/LL белый', 60, '2.68', 'euro'),
(312, '2021-11-24 08:45:26', 'ПВД PE/LL белый', 70, '2.68', 'euro'),
(313, '2021-11-24 08:45:31', 'ПВД PE/LL белый', 80, '2.66', 'euro'),
(314, '2021-11-24 08:45:37', 'ПВД PE/LL белый', 90, '2.66', 'euro'),
(315, '2021-11-24 08:45:43', 'ПВД PE/LL белый', 100, '2.64', 'euro'),
(316, '2021-11-24 08:45:48', 'ПВД PE/LL белый', 120, '2.62', 'euro'),
(317, '2021-11-24 08:46:00', 'ПВД PE/LL проз', 30, '2.51', 'euro'),
(318, '2021-11-24 08:46:04', 'ПВД PE/LL проз', 40, '2.51', 'euro'),
(319, '2021-11-24 08:46:08', 'ПВД PE/LL проз', 50, '2.51', 'euro'),
(320, '2021-11-24 08:46:12', 'ПВД PE/LL проз', 60, '2.51', 'euro'),
(321, '2021-11-24 08:46:16', 'ПВД PE/LL проз', 70, '2.51', 'euro'),
(322, '2021-11-24 08:46:20', 'ПВД PE/LL проз', 80, '2.51', 'euro'),
(323, '2021-11-24 08:46:25', 'ПВД PE/LL проз', 90, '2.51', 'euro'),
(324, '2021-11-24 08:46:29', 'ПВД PE/LL проз', 100, '2.51', 'euro'),
(325, '2021-11-24 08:46:33', 'ПВД PE/LL проз', 120, '2.51', 'euro'),
(326, '2021-11-24 08:48:04', 'ПВД PE/LP проз', 30, '3.30', 'euro'),
(327, '2021-11-24 08:48:09', 'ПВД PE/LP проз', 40, '3.30', 'euro'),
(328, '2021-11-24 08:48:14', 'ПВД PE/LP проз', 50, '3.30', 'euro'),
(329, '2021-11-24 08:48:18', 'ПВД PE/LP проз', 60, '3.30', 'euro'),
(330, '2021-11-24 08:48:23', 'ПВД PE/LP проз', 70, '3.30', 'euro'),
(331, '2021-11-24 08:48:28', 'ПВД PE/LP проз', 80, '3.30', 'euro'),
(332, '2021-11-24 08:48:33', 'ПВД PE/LP проз', 90, '3.30', 'euro'),
(333, '2021-11-24 08:48:51', 'ПВД PE/LR белый', 30, '3.13', 'euro'),
(334, '2021-11-24 08:49:02', 'ПВД PE/LR белый', 40, '3.13', 'euro'),
(335, '2021-11-24 08:49:06', 'ПВД PE/LR белый', 50, '3.04', 'euro'),
(336, '2021-11-24 08:49:11', 'ПВД PE/LR белый', 60, '3.04', 'euro'),
(337, '2021-11-24 08:49:16', 'ПВД PE/LR белый', 70, '3.04', 'euro'),
(338, '2021-11-24 08:49:22', 'ПВД PE/LR белый', 80, '2.98', 'euro'),
(339, '2021-11-24 08:49:26', 'ПВД PE/LR белый', 90, '2.98', 'euro'),
(340, '2021-11-24 08:49:32', 'ПВД PE/LR белый', 100, '2.93', 'euro'),
(341, '2021-11-24 08:49:42', 'ПВД PE/LR проз', 30, '2.87', 'euro'),
(342, '2021-11-24 08:49:48', 'ПВД PE/LR проз', 40, '2.87', 'euro'),
(343, '2021-11-24 08:49:54', 'ПВД PE/LR проз', 50, '2.87', 'euro'),
(344, '2021-11-24 08:49:59', 'ПВД PE/LR проз', 60, '2.87', 'euro'),
(345, '2021-11-24 08:50:06', 'ПВД PE/LR проз', 70, '2.87', 'euro'),
(346, '2021-11-24 08:50:11', 'ПВД PE/LR проз', 80, '2.87', 'euro'),
(347, '2021-11-24 08:50:18', 'ПВД PE/LR проз', 90, '2.87', 'euro'),
(348, '2021-11-24 08:50:23', 'ПВД PE/LR проз', 100, '2.87', 'euro');

-- --------------------------------------------------------

--
-- Структура таблицы `machine`
--

CREATE TABLE `machine` (
  `id` int(11) NOT NULL,
  `shortname` varchar(20) NOT NULL,
  `name` varchar(20) NOT NULL
) ENGINE=InnoDB DEFAULT CHARSET=utf8mb4;

--
-- Дамп данных таблицы `machine`
--

INSERT INTO `machine` (`id`, `shortname`, `name`) VALUES
(1, 'zbs1', 'ZBS 1'),
(2, 'zbs2', 'ZBS 2'),
(3, 'zbs3', 'ZBS 3'),
(4, 'comiflex', 'Comiflex');

-- --------------------------------------------------------

--
-- Структура таблицы `norm_form`
--

CREATE TABLE `norm_form` (
  `id` int(11) NOT NULL,
  `date` timestamp NOT NULL DEFAULT CURRENT_TIMESTAMP,
  `flint` decimal(10,4) NOT NULL,
  `flint_currency` varchar(10) NOT NULL,
  `kodak` decimal(10,4) NOT NULL,
  `kodak_currency` varchar(10) NOT NULL,
  `tver` decimal(10,4) NOT NULL,
  `tver_currency` varchar(10) NOT NULL,
  `film` decimal(10,4) NOT NULL DEFAULT '0.0000',
  `film_currency` varchar(10) NOT NULL DEFAULT 'rub',
  `tver_coeff` decimal(10,4) NOT NULL DEFAULT '0.0000',
  `overmeasure` float(10,2) NOT NULL,
  `scotch` float(10,2) NOT NULL,
  `scotch_currency` varchar(10) NOT NULL
) ENGINE=InnoDB DEFAULT CHARSET=utf8mb4;

--
-- Дамп данных таблицы `norm_form`
--

INSERT INTO `norm_form` (`id`, `date`, `flint`, `flint_currency`, `kodak`, `kodak_currency`, `tver`, `tver_currency`, `film`, `film_currency`, `tver_coeff`, `overmeasure`, `scotch`, `scotch_currency`) VALUES
(1, '2021-05-17 13:40:42', '35.0000', '', '67.0000', '', '0.0000', '', '0.0000', 'rub', '0.0000', 6.00, 6.00, ''),
(2, '2021-05-17 13:40:44', '35.0000', '', '67.0000', '', '0.0000', '', '0.0000', 'rub', '0.0000', 6.00, 6.00, ''),
(3, '2021-05-17 13:41:14', '35.0000', '', '67.0000', '', '0.0000', '', '0.0000', 'rub', '0.0000', 6.00, 6.00, ''),
(4, '2021-05-17 13:42:06', '36.0000', '', '67.0000', '', '0.0000', '', '0.0000', 'rub', '0.0000', 6.00, 6.00, ''),
(5, '2021-05-17 13:45:20', '36.8000', '', '67.6000', '', '0.0000', '', '0.0000', 'rub', '0.0000', 6.80, 7.80, ''),
(6, '2021-05-17 13:45:31', '36.0000', '', '67.0000', '', '0.0000', '', '0.0000', 'rub', '0.0000', 6.00, 6.00, ''),
(7, '2021-05-17 13:45:32', '36.8000', '', '67.6000', '', '0.0000', '', '0.0000', 'rub', '0.0000', 6.80, 7.80, ''),
(8, '2021-05-17 13:45:33', '36.0000', '', '67.0000', '', '0.0000', '', '0.0000', 'rub', '0.0000', 6.00, 6.00, ''),
(9, '2021-05-17 13:45:33', '36.8000', '', '67.6000', '', '0.0000', '', '0.0000', 'rub', '0.0000', 6.80, 7.80, ''),
(10, '2021-05-17 13:45:34', '36.0000', '', '67.0000', '', '0.0000', '', '0.0000', 'rub', '0.0000', 6.00, 6.00, ''),
(11, '2021-05-17 13:45:34', '36.8000', '', '67.6000', '', '0.0000', '', '0.0000', 'rub', '0.0000', 6.80, 7.80, ''),
(12, '2021-05-17 13:48:16', '36.0000', '', '67.0000', '', '0.0000', '', '0.0000', 'rub', '0.0000', 6.00, 6.00, ''),
(13, '2021-05-17 13:49:23', '36.0000', '', '67.0000', '', '0.0000', '', '0.0000', 'rub', '0.0000', 6.00, 7.80, ''),
(14, '2021-05-17 13:50:29', '36.0000', '', '67.0000', '', '0.0000', '', '0.0000', 'rub', '0.0000', 2.20, 7.80, ''),
(15, '2021-05-17 13:50:49', '31.7000', '', '67.0000', '', '0.0000', '', '0.0000', 'rub', '0.0000', 2.20, 7.80, ''),
(16, '2021-05-17 13:50:58', '31.7000', '', '53.6000', '', '0.0000', '', '0.0000', 'rub', '0.0000', 2.20, 7.80, ''),
(17, '2021-05-17 13:57:56', '345731.7000', '', '53.6000', '', '0.0000', '', '0.0000', 'rub', '0.0000', 2.20, 7.80, ''),
(18, '2021-05-17 13:58:23', '23.0000', '', '53.6000', '', '0.0000', '', '0.0000', 'rub', '0.0000', 2.20, 7.80, ''),
(19, '2021-05-17 13:59:04', '45.5400', '', '53.6000', '', '0.0000', '', '0.0000', 'rub', '0.0000', 2.20, 7.80, ''),
(20, '2021-05-18 06:31:46', '45.5500', '', '53.6000', '', '0.0000', '', '0.0000', 'rub', '0.0000', 2.20, 7.80, ''),
(21, '2021-05-18 06:31:49', '45.5500', '', '53.6000', '', '0.0000', '', '0.0000', 'rub', '0.0000', 2.20, 7.82, ''),
(22, '2021-05-18 09:01:39', '45.5500', '', '53.6600', '', '0.0000', '', '0.0000', 'rub', '0.0000', 2.25, 7.82, ''),
(23, '2021-05-18 09:07:57', '45.5000', '', '53.6600', '', '0.0000', '', '0.0000', 'rub', '0.0000', 2.25, 7.82, ''),
(24, '2021-05-18 09:09:42', '22.3300', '', '53.6600', '', '0.0000', '', '0.0000', 'rub', '0.0000', 2.25, 7.82, ''),
(25, '2021-05-19 08:16:50', '22.3300', '', '53.6600', '', '0.0000', '', '0.0000', 'rub', '0.0000', 2.20, 7.82, ''),
(26, '2021-05-19 08:17:06', '22.3000', '', '53.6600', '', '0.0000', '', '0.0000', 'rub', '0.0000', 2.20, 7.82, ''),
(27, '2021-05-19 08:17:11', '45.0000', '', '53.6600', '', '0.0000', '', '0.0000', 'rub', '0.0000', 2.20, 7.82, ''),
(28, '2021-05-19 08:18:04', '45.0000', '', '53.6600', '', '0.0000', '', '0.0000', 'rub', '0.0000', 2.25, 7.82, ''),
(29, '2021-06-01 08:14:17', '22.0000', '', '11.0000', '', '0.0000', '', '0.0000', 'rub', '0.0000', 33.00, 44.00, ''),
(30, '2021-06-02 12:48:06', '11.0000', 'rub', '22.0000', 'usd', '0.0000', '', '0.0000', 'rub', '0.0000', 33.00, 44.00, ''),
(31, '2021-06-02 12:48:30', '99.9000', 'usd', '88.8000', 'euro', '0.0000', '', '0.0000', 'rub', '0.0000', 77.70, 66.60, ''),
(32, '2021-06-02 13:19:49', '45.0000', 'usd', '53.6600', 'rub', '0.0000', '', '0.0000', 'rub', '0.0000', 2.25, 7.82, ''),
(33, '2021-06-02 13:19:57', '12.4000', 'usd', '22.0000', 'usd', '0.0000', '', '0.0000', 'rub', '0.0000', 33.00, 44.00, ''),
(34, '2021-10-06 05:57:35', '0.0200', 'euro', '0.0300', 'euro', '0.0000', '', '0.0000', 'rub', '0.0000', 1.00, 21.00, ''),
(35, '2021-10-06 05:59:45', '0.0182', 'euro', '0.0340', 'euro', '0.0000', '', '0.0000', 'rub', '0.0000', 1.00, 21.00, ''),
(36, '2021-10-06 06:01:36', '0.0182', 'usd', '22.0000', 'usd', '0.0000', '', '0.0000', 'rub', '0.0000', 1.00, 44.00, ''),
(37, '2021-10-06 06:01:45', '0.0182', 'usd', '88.8000', 'euro', '0.0000', '', '0.0000', 'rub', '0.0000', 1.00, 66.60, ''),
(38, '2021-10-06 06:02:29', '0.0182', 'euro', '0.0340', 'euro', '0.0000', '', '0.0000', 'rub', '0.0000', 1.00, 21.00, ''),
(39, '2021-10-06 06:02:50', '0.0182', 'euro', '0.0340', 'euro', '0.0000', '', '0.0000', 'rub', '0.0000', 1.00, 21.00, ''),
(40, '2021-10-06 06:03:18', '0.0182', 'euro', '0.0340', 'euro', '0.0000', '', '0.0000', 'rub', '0.0000', 1.00, 21.00, ''),
(41, '2021-10-06 13:29:43', '0.0182', 'euro', '0.0340', 'euro', '0.0200', 'euro', '0.0000', 'rub', '0.0000', 1.00, 21.00, ''),
(42, '2021-10-06 13:29:54', '0.0182', 'euro', '0.0340', 'euro', '0.0200', 'euro', '0.0000', 'rub', '0.0000', 1.00, 21.00, ''),
(43, '2021-10-06 13:30:01', '0.0182', 'euro', '0.0340', 'euro', '0.0200', 'euro', '0.0000', 'rub', '0.0000', 1.00, 21.00, ''),
(44, '2021-10-06 13:30:09', '0.0182', 'euro', '0.0340', 'euro', '0.0200', 'euro', '0.0000', 'rub', '0.0000', 1.00, 21.00, ''),
(45, '2021-10-07 07:05:23', '0.0182', 'euro', '0.0340', 'euro', '0.0200', 'euro', '0.0000', 'rub', '0.4000', 1.00, 21.00, ''),
(46, '2021-10-07 07:05:47', '0.0182', 'euro', '0.0340', 'euro', '0.0200', 'euro', '0.0000', 'rub', '1.2000', 1.00, 21.00, ''),
(47, '2021-10-07 07:05:57', '0.0182', 'euro', '0.0340', 'euro', '0.0200', 'euro', '0.0000', 'rub', '1.2000', 1.00, 21.00, ''),
(48, '2021-10-07 07:06:02', '0.0182', 'euro', '0.0340', 'euro', '0.0200', 'euro', '0.0000', 'rub', '1.2000', 1.00, 21.00, ''),
(49, '2021-10-07 07:06:10', '0.0182', 'euro', '0.0340', 'euro', '0.0200', 'euro', '0.0000', 'rub', '1.2000', 1.00, 21.00, ''),
(50, '2021-10-07 08:17:43', '0.0182', 'euro', '0.0340', 'euro', '0.0200', 'euro', '0.0043', 'rub', '1.2000', 1.00, 21.00, ''),
(51, '2021-10-07 08:17:49', '0.0182', 'euro', '0.0340', 'euro', '0.0200', 'euro', '0.0043', 'rub', '1.2000', 1.00, 21.00, ''),
(52, '2021-10-07 08:17:55', '0.0182', 'euro', '0.0340', 'euro', '0.0200', 'euro', '0.0043', 'rub', '1.2000', 1.00, 21.00, ''),
(53, '2021-10-07 08:17:59', '0.0182', 'euro', '0.0340', 'euro', '0.0200', 'euro', '0.0043', 'rub', '1.2000', 1.00, 21.00, ''),
(54, '2021-10-11 07:21:30', '0.0182', 'euro', '0.0340', 'euro', '0.0200', 'euro', '0.0043', 'rub', '1.2000', 1.00, 21.00, 'euro'),
(55, '2021-10-11 07:23:31', '0.0182', 'euro', '0.0340', 'euro', '0.0200', 'euro', '0.0043', 'rub', '1.2000', 1.00, 21.00, 'euro'),
(56, '2021-10-11 07:23:41', '0.0182', 'euro', '0.0340', 'euro', '0.0200', 'euro', '0.0043', 'rub', '1.2000', 1.00, 21.00, 'euro'),
(57, '2021-10-11 07:23:52', '0.0182', 'euro', '0.0340', 'euro', '0.0200', 'euro', '0.0043', 'rub', '1.2000', 1.00, 21.00, 'euro'),
(58, '2021-10-14 06:19:24', '0.0182', 'euro', '0.0340', 'euro', '0.0200', 'euro', '0.0043', 'euro', '1.2000', 1.00, 21.00, 'euro'),
(59, '2021-10-14 06:19:29', '0.0182', 'euro', '0.0340', 'euro', '0.0200', 'euro', '0.0043', 'euro', '1.2000', 1.00, 21.00, 'euro'),
(60, '2021-10-14 06:19:34', '0.0182', 'euro', '0.0340', 'euro', '0.0200', 'euro', '0.0043', 'euro', '1.2000', 1.00, 21.00, 'euro'),
(61, '2021-10-14 06:19:38', '0.0182', 'euro', '0.0340', 'euro', '0.0200', 'euro', '0.0043', 'euro', '1.2000', 1.00, 21.00, 'euro'),
(62, '2021-11-09 08:24:56', '0.0182', 'euro', '0.0340', 'euro', '0.0200', 'euro', '0.0043', 'euro', '1.2000', 1.00, 22.00, 'euro'),
(63, '2021-11-09 08:24:59', '0.0182', 'euro', '0.0340', 'euro', '0.0200', 'euro', '0.0043', 'euro', '1.2000', 1.00, 21.00, 'euro');

-- --------------------------------------------------------

--
-- Структура таблицы `norm_glue`
--

CREATE TABLE `norm_glue` (
  `id` int(11) NOT NULL,
  `date` timestamp NOT NULL DEFAULT CURRENT_TIMESTAMP,
  `glue` decimal(10,2) NOT NULL,
  `glue_currency` varchar(10) NOT NULL,
  `glue_expense` float(10,2) NOT NULL DEFAULT '0.00',
  `glue_expense_pet` float(10,2) NOT NULL,
  `solvent` decimal(10,2) NOT NULL,
  `solvent_currency` varchar(10) NOT NULL,
  `glue_part` int(11) NOT NULL,
  `solvent_part` int(11) NOT NULL
) ENGINE=InnoDB DEFAULT CHARSET=utf8mb4;

--
-- Дамп данных таблицы `norm_glue`
--

INSERT INTO `norm_glue` (`id`, `date`, `glue`, `glue_currency`, `glue_expense`, `glue_expense_pet`, `solvent`, `solvent_currency`, `glue_part`, `solvent_part`) VALUES
(21, '2021-10-08 13:12:54', '5.76', 'euro', 6.00, 0.00, '133.00', 'rub', 1, 2),
(22, '2021-10-11 10:59:49', '5.76', 'euro', 6.00, 11.00, '133.00', 'rub', 1, 2),
(23, '2021-11-09 08:16:53', '5.76', 'euro', 6.00, 11.00, '133.00', 'rub', 1, 3),
(24, '2021-11-09 08:16:56', '5.76', 'euro', 6.00, 11.00, '133.00', 'rub', 1, 2);

-- --------------------------------------------------------

--
-- Структура таблицы `norm_ink`
--

CREATE TABLE `norm_ink` (
  `id` int(11) NOT NULL,
  `date` timestamp NOT NULL DEFAULT CURRENT_TIMESTAMP,
  `c` decimal(10,2) NOT NULL,
  `c_currency` varchar(10) NOT NULL,
  `c_expense` float(10,2) NOT NULL DEFAULT '0.00',
  `m` decimal(10,2) NOT NULL,
  `m_currency` varchar(10) NOT NULL,
  `m_expense` float(10,2) NOT NULL,
  `y` decimal(10,2) NOT NULL,
  `y_currency` varchar(10) NOT NULL,
  `y_expense` float(10,2) NOT NULL DEFAULT '0.00',
  `k` decimal(10,2) NOT NULL,
  `k_currency` varchar(10) NOT NULL,
  `k_expense` float(10,2) NOT NULL DEFAULT '0.00',
  `white` decimal(10,2) NOT NULL,
  `white_currency` varchar(10) NOT NULL,
  `white_expense` float(10,2) NOT NULL,
  `panton` decimal(10,2) NOT NULL,
  `panton_currency` varchar(10) NOT NULL,
  `panton_expense` float(10,2) NOT NULL,
  `lacquer` decimal(10,2) NOT NULL,
  `lacquer_currency` varchar(10) NOT NULL,
  `lacquer_expense` float(10,2) NOT NULL,
  `ink_solvent` float(10,2) NOT NULL,
  `solvent_etoxipropanol` decimal(10,2) NOT NULL,
  `solvent_etoxipropanol_currency` varchar(10) NOT NULL,
  `solvent_flexol82` decimal(10,2) NOT NULL DEFAULT '0.00',
  `solvent_flexol82_currency` varchar(10) NOT NULL,
  `lacquer_solvent` float(10,2) NOT NULL,
  `min_price` decimal(10,2) NOT NULL DEFAULT '0.00'
) ENGINE=InnoDB DEFAULT CHARSET=utf8mb4;

--
-- Дамп данных таблицы `norm_ink`
--

INSERT INTO `norm_ink` (`id`, `date`, `c`, `c_currency`, `c_expense`, `m`, `m_currency`, `m_expense`, `y`, `y_currency`, `y_expense`, `k`, `k_currency`, `k_expense`, `white`, `white_currency`, `white_expense`, `panton`, `panton_currency`, `panton_expense`, `lacquer`, `lacquer_currency`, `lacquer_expense`, `ink_solvent`, `solvent_etoxipropanol`, `solvent_etoxipropanol_currency`, `solvent_flexol82`, `solvent_flexol82_currency`, `lacquer_solvent`, `min_price`) VALUES
(1, '2021-05-18 07:46:16', '1.10', '', 0.00, '2.20', '', 0.00, '3.30', '', 0.00, '4.40', '', 0.00, '5.50', '', 0.00, '6.60', '', 0.00, '7.70', '', 0.00, 8.80, '9.97', '0', '0.00', '', 0.00, '0.00'),
(2, '2021-05-18 07:54:21', '1.10', '', 0.00, '2.20', '', 0.00, '3.30', '', 0.00, '4.40', '', 0.00, '5.51', '', 0.00, '6.60', '', 0.00, '7.70', '', 0.00, 8.80, '9.97', '0', '0.00', '', 0.00, '0.00'),
(3, '2021-05-18 07:55:21', '1.10', '', 0.00, '2.20', '', 0.00, '3.30', '', 0.00, '4.40', '', 0.00, '5.52', '', 0.00, '6.60', '', 0.00, '7.70', '', 0.00, 8.80, '9.97', '0', '0.00', '', 0.00, '0.00'),
(4, '2021-05-19 08:20:27', '1.10', '', 0.00, '2.20', '', 0.00, '3.40', '', 0.00, '4.40', '', 0.00, '5.52', '', 0.00, '6.60', '', 0.00, '7.70', '', 0.00, 8.80, '9.97', '0', '0.00', '', 0.00, '0.00'),
(5, '2021-05-19 08:20:37', '1.10', '', 0.00, '2.20', '', 0.00, '3.40', '', 0.00, '4.40', '', 0.00, '5.52', '', 0.00, '6.60', '', 0.00, '7.70', '', 0.00, 8.00, '9.97', '0', '0.00', '', 0.00, '0.00'),
(6, '2021-06-01 08:25:01', '1.10', '', 0.00, '3.30', '', 0.00, '5.50', '', 0.00, '7.70', '', 0.00, '99.00', '', 0.00, '2.20', '', 0.00, '4.40', '', 0.00, 6.60, '8.80', '0', '0.00', '', 0.00, '0.00'),
(7, '2021-06-01 08:25:46', '11.11', '', 0.00, '33.33', '', 0.00, '55.55', '', 0.00, '77.77', '', 0.00, '99.77', '', 0.00, '2.20', '', 0.00, '4.40', '', 0.00, 6.60, '8.80', '0', '0.00', '', 0.00, '0.00'),
(8, '2021-06-02 11:28:38', '9.10', '', 0.00, '8.20', '', 0.00, '7.40', '', 0.00, '6.40', '', 0.00, '5.52', '', 0.00, '4.60', '', 0.00, '3.70', '', 0.00, 2.80, '1.97', '0', '0.00', '', 0.00, '0.00'),
(9, '2021-06-02 11:28:48', '11.33', '', 0.00, '33.33', '', 0.00, '55.55', '', 0.00, '77.77', '', 0.00, '99.77', '', 0.00, '2.20', '', 0.00, '4.40', '', 0.00, 6.60, '8.80', '0', '0.00', '', 0.00, '0.00'),
(10, '2021-06-02 12:26:09', '9.90', 'rub', 0.00, '8.80', 'usd', 0.00, '7.70', 'usd', 0.00, '6.60', 'rub', 0.00, '5.50', 'usd', 0.00, '4.40', 'euro', 0.00, '3.30', 'rub', 0.00, 2.20, '1.10', 'usd', '0.00', '', 0.00, '0.00'),
(11, '2021-06-02 12:26:28', '9.90', 'rub', 0.00, '8.40', 'usd', 0.00, '7.70', 'usd', 0.00, '6.60', 'rub', 0.00, '5.50', 'usd', 0.00, '4.40', 'euro', 0.00, '3.30', 'rub', 0.00, 2.20, '1.10', 'usd', '0.00', '', 0.00, '0.00'),
(12, '2021-06-02 12:26:33', '9.90', 'rub', 0.00, '8.40', 'usd', 0.00, '7.70', 'usd', 0.00, '6.60', 'rub', 0.00, '5.50', 'usd', 0.00, '4.40', 'euro', 0.00, '3.30', 'euro', 0.00, 2.20, '1.10', 'usd', '0.00', '', 0.00, '0.00'),
(13, '2021-06-02 13:21:42', '9.90', 'rub', 0.00, '8.40', 'usd', 0.00, '7.70', 'usd', 0.00, '6.60', 'rub', 0.00, '5.50', 'usd', 0.00, '4.40', 'euro', 0.00, '3.30', 'euro', 0.00, 2.20, '44.00', 'rub', '0.00', '', 0.00, '0.00'),
(14, '2021-06-04 07:07:30', '11.11', 'euro', 111.10, '22.22', 'euro', 222.20, '33.33', 'euro', 333.30, '44.44', 'euro', 444.40, '66.66', 'euro', 666.60, '55.55', 'euro', 555.50, '77.77', 'euro', 777.70, 99.99, '88.88', 'rub', '0.00', '', 0.00, '0.00'),
(15, '2021-06-04 07:08:16', '11.11', 'euro', 111.10, '22.22', 'euro', 222.20, '33.33', 'euro', 333.30, '44.44', 'euro', 444.40, '66.66', 'euro', 666.60, '55.55', 'euro', 555.50, '77.77', 'euro', 777.70, 99.99, '88.88', 'rub', '0.00', '', 0.00, '0.00'),
(16, '2021-06-04 07:08:18', '11.11', 'euro', 111.10, '22.22', 'euro', 222.20, '33.33', 'euro', 333.30, '44.44', 'euro', 444.40, '66.66', 'euro', 666.60, '55.55', 'euro', 555.50, '77.77', 'euro', 777.70, 99.99, '88.88', 'rub', '0.00', '', 0.00, '0.00'),
(17, '2021-06-04 07:09:05', '11.11', 'euro', 111.10, '22.22', 'euro', 222.20, '33.33', 'euro', 333.30, '44.44', 'euro', 444.40, '66.66', 'euro', 666.60, '55.55', 'euro', 555.50, '77.77', 'euro', 777.70, 99.99, '88.88', 'rub', '0.00', '', 0.00, '0.00'),
(18, '2021-06-04 07:10:38', '11.11', 'euro', 111.10, '22.22', 'euro', 222.20, '33.33', 'euro', 333.30, '44.44', 'euro', 444.40, '66.66', 'euro', 666.60, '55.55', 'euro', 555.50, '77.77', 'euro', 777.70, 99.99, '88.88', 'rub', '0.00', '', 0.00, '0.00'),
(19, '2021-06-04 07:21:26', '11.11', 'euro', 111.10, '22.22', 'euro', 222.20, '33.33', 'euro', 333.30, '44.44', 'euro', 444.40, '66.66', 'euro', 666.60, '55.55', 'euro', 555.50, '77.77', 'euro', 777.70, 99.99, '88.88', 'rub', '0.00', '', 0.00, '0.00'),
(20, '2021-06-04 07:22:17', '11.11', 'euro', 111.10, '22.22', 'euro', 222.20, '33.33', 'euro', 333.30, '44.44', 'euro', 444.40, '66.66', 'euro', 666.60, '55.55', 'euro', 555.50, '77.77', 'euro', 777.70, 99.99, '88.88', 'rub', '0.00', '', 0.00, '0.00'),
(21, '2021-06-04 07:22:21', '11.10', 'euro', 111.10, '22.22', 'euro', 222.20, '33.33', 'euro', 333.30, '44.44', 'euro', 444.40, '66.66', 'euro', 666.60, '55.55', 'euro', 555.50, '77.77', 'euro', 777.70, 99.99, '88.88', 'rub', '0.00', '', 0.00, '0.00'),
(22, '2021-06-04 07:22:25', '11.10', 'euro', 111.10, '22.22', 'euro', 222.20, '33.33', 'euro', 333.30, '44.44', 'euro', 444.40, '66.66', 'euro', 666.60, '55.55', 'euro', 555.50, '77.77', 'euro', 777.70, 99.99, '88.88', 'rub', '0.00', '', 0.00, '0.00'),
(23, '2021-06-04 07:22:29', '11.10', 'euro', 111.10, '22.22', 'euro', 222.20, '33.33', 'euro', 333.30, '44.44', 'euro', 444.40, '66.66', 'euro', 666.60, '55.55', 'euro', 555.50, '77.77', 'euro', 777.70, 99.99, '88.88', 'rub', '0.00', '', 0.00, '0.00'),
(24, '2021-06-04 07:22:30', '11.10', 'euro', 111.10, '22.22', 'euro', 222.20, '33.33', 'euro', 333.30, '44.44', 'euro', 444.40, '66.66', 'euro', 666.60, '55.55', 'euro', 555.50, '77.77', 'euro', 777.70, 99.99, '88.88', 'rub', '0.00', '', 0.00, '0.00'),
(25, '2021-06-04 07:22:33', '11.10', 'euro', 111.10, '22.22', 'euro', 222.20, '33.33', 'euro', 333.30, '44.44', 'euro', 444.40, '66.66', 'euro', 666.60, '55.55', 'euro', 555.50, '77.77', 'euro', 777.70, 99.99, '88.88', 'rub', '0.00', '', 0.00, '0.00'),
(26, '2021-06-04 07:22:34', '11.10', 'euro', 111.10, '22.22', 'euro', 222.20, '33.33', 'euro', 333.30, '44.44', 'euro', 444.40, '66.66', 'euro', 666.60, '55.55', 'euro', 555.50, '77.77', 'euro', 777.70, 99.99, '88.88', 'rub', '0.00', '', 0.00, '0.00'),
(27, '2021-06-04 07:22:37', '11.10', 'euro', 111.10, '22.22', 'euro', 222.20, '33.33', 'euro', 333.30, '44.44', 'euro', 444.40, '66.66', 'euro', 666.60, '55.55', 'euro', 555.50, '77.77', 'euro', 777.70, 99.99, '88.88', 'rub', '0.00', '', 0.00, '0.00'),
(28, '2021-06-04 07:22:39', '11.10', 'euro', 111.10, '22.22', 'euro', 222.20, '33.33', 'euro', 333.30, '44.44', 'euro', 444.40, '66.66', 'euro', 666.60, '55.55', 'euro', 555.50, '77.77', 'euro', 777.70, 99.99, '88.88', 'rub', '0.00', '', 0.00, '0.00'),
(29, '2021-06-04 07:22:41', '11.10', 'euro', 111.10, '22.22', 'euro', 222.20, '33.33', 'euro', 333.30, '44.44', 'euro', 444.40, '66.66', 'euro', 666.60, '55.55', 'euro', 555.50, '77.77', 'euro', 777.70, 99.99, '88.88', 'rub', '0.00', '', 0.00, '0.00'),
(30, '2021-06-04 07:23:15', '11.10', 'euro', 111.10, '22.22', 'euro', 222.20, '33.33', 'euro', 333.30, '44.44', 'euro', 444.40, '66.66', 'euro', 666.60, '55.55', 'euro', 555.50, '77.77', 'euro', 777.70, 99.99, '88.88', 'rub', '0.00', '', 0.00, '0.00'),
(31, '2021-06-04 07:23:24', '11.10', 'euro', 111.10, '22.22', 'euro', 222.20, '33.33', 'euro', 333.30, '44.44', 'euro', 444.40, '66.66', 'euro', 666.60, '55.55', 'euro', 555.50, '77.77', 'euro', 777.70, 99.99, '88.88', 'rub', '0.00', '', 0.00, '0.00'),
(32, '2021-06-04 07:23:26', '11.10', 'euro', 111.10, '22.22', 'euro', 222.20, '33.33', 'euro', 333.30, '44.44', 'euro', 444.40, '66.66', 'euro', 666.60, '55.55', 'euro', 555.50, '77.77', 'euro', 777.70, 99.99, '88.88', 'rub', '0.00', '', 0.00, '0.00'),
(33, '2021-06-04 07:23:42', '11.10', 'euro', 111.10, '22.22', 'euro', 222.20, '33.33', 'euro', 333.30, '44.44', 'euro', 444.40, '66.66', 'euro', 666.60, '55.55', 'euro', 555.50, '77.77', 'euro', 777.70, 99.99, '88.88', 'rub', '0.00', '', 0.00, '0.00'),
(34, '2021-06-04 07:24:01', '11.10', 'euro', 111.10, '22.22', 'euro', 222.20, '33.33', 'euro', 333.30, '44.44', 'euro', 444.40, '66.66', 'euro', 666.60, '55.55', 'euro', 555.50, '77.77', 'euro', 777.70, 99.99, '88.88', 'rub', '0.00', '', 0.00, '0.00'),
(35, '2021-06-04 07:28:54', '11.10', 'euro', 111.10, '22.22', 'euro', 222.20, '33.33', 'euro', 333.30, '44.44', 'euro', 444.40, '66.66', 'euro', 666.60, '55.55', 'euro', 555.50, '77.77', 'euro', 777.70, 99.99, '88.88', 'rub', '0.00', '', 0.00, '0.00'),
(36, '2021-06-04 07:30:26', '11.11', 'euro', 111.10, '22.22', 'euro', 222.20, '33.33', 'euro', 333.30, '44.44', 'euro', 444.40, '66.66', 'euro', 666.60, '55.55', 'euro', 555.50, '77.77', 'euro', 777.70, 99.99, '88.88', 'rub', '0.00', '', 0.00, '0.00'),
(37, '2021-06-09 12:14:49', '9.10', 'euro', 1.10, '8.20', 'euro', 2.20, '7.40', 'euro', 3.00, '6.40', 'euro', 4.00, '5.52', 'euro', 6.60, '4.60', 'euro', 5.50, '3.70', 'euro', 7.00, 2.80, '1.97', 'euro', '0.00', '', 0.00, '0.00'),
(38, '2021-10-06 06:10:17', '5.28', 'euro', 1.10, '5.16', 'euro', 2.20, '5.28', 'euro', 3.00, '5.04', 'euro', 4.00, '3.96', 'euro', 6.60, '6.90', 'euro', 5.50, '4.98', 'euro', 7.00, 2.80, '1.97', 'euro', '0.00', '', 0.00, '0.00'),
(39, '2021-10-06 06:14:07', '5.28', 'euro', 1.10, '5.16', 'euro', 2.20, '5.28', 'euro', 3.00, '5.04', 'euro', 4.00, '3.96', 'euro', 6.60, '6.90', 'euro', 5.50, '4.98', 'euro', 7.00, 80.00, '133.00', 'euro', '0.00', '', 0.00, '0.00'),
(40, '2021-10-06 06:14:53', '5.28', 'euro', 1.10, '5.16', 'euro', 2.20, '5.28', 'euro', 3.00, '5.04', 'euro', 4.00, '3.96', 'euro', 6.60, '6.90', 'euro', 5.50, '4.98', 'euro', 7.00, 85.00, '133.00', 'euro', '0.00', '', 0.00, '0.00'),
(41, '2021-10-06 06:15:57', '5.28', 'euro', 1.10, '5.16', 'euro', 2.20, '5.28', 'euro', 3.00, '5.04', 'euro', 4.00, '3.96', 'euro', 6.60, '6.90', 'euro', 5.50, '4.98', 'euro', 7.00, 85.00, '2.80', 'euro', '0.00', '', 0.00, '0.00'),
(42, '2021-10-06 06:17:18', '5.28', 'euro', 1.30, '5.16', 'euro', 1.30, '5.28', 'euro', 1.30, '5.04', 'euro', 1.30, '3.96', 'euro', 2.50, '6.90', 'euro', 2.50, '4.98', 'euro', 3.00, 85.00, '2.80', 'euro', '0.00', '', 0.00, '0.00'),
(43, '2021-10-06 06:18:52', '5.28', 'rub', 1.30, '5.16', 'usd', 1.30, '5.28', 'usd', 1.30, '5.04', 'rub', 1.30, '3.96', 'usd', 2.50, '6.90', 'euro', 2.50, '4.98', 'euro', 3.00, 85.00, '2.80', 'rub', '0.00', '', 0.00, '0.00'),
(44, '2021-10-06 06:19:25', '5.28', 'euro', 1.30, '5.16', 'euro', 1.30, '5.28', 'euro', 1.30, '5.04', 'euro', 1.30, '3.96', 'euro', 2.50, '6.90', 'euro', 2.50, '4.98', 'euro', 3.00, 80.00, '2.80', 'euro', '0.00', '', 0.00, '0.00'),
(45, '2021-10-06 06:19:30', '5.28', 'rub', 1.30, '5.16', 'usd', 1.30, '5.28', 'usd', 1.30, '5.04', 'rub', 1.30, '3.96', 'usd', 2.50, '6.90', 'euro', 2.50, '4.98', 'euro', 3.00, 80.00, '2.80', 'rub', '0.00', '', 0.00, '0.00'),
(46, '2021-10-06 06:20:52', '5.28', 'euro', 1.30, '5.16', 'euro', 1.30, '5.28', 'euro', 1.30, '5.04', 'euro', 1.30, '3.96', 'euro', 2.50, '6.90', 'euro', 2.50, '4.98', 'euro', 3.00, 80.00, '2.80', 'rub', '0.00', '', 0.00, '0.00'),
(47, '2021-10-06 06:21:07', '5.28', 'euro', 1.30, '5.16', 'euro', 1.30, '5.28', 'euro', 1.30, '5.04', 'euro', 1.30, '3.96', 'euro', 2.50, '6.90', 'euro', 2.50, '4.98', 'euro', 3.00, 80.00, '2.80', 'euro', '0.00', '', 0.00, '0.00'),
(48, '2021-10-06 06:21:12', '5.28', 'rub', 1.30, '5.16', 'usd', 1.30, '5.28', 'usd', 1.30, '5.04', 'rub', 1.30, '3.96', 'usd', 2.50, '6.90', 'euro', 2.50, '4.98', 'euro', 3.00, 80.00, '2.80', 'euro', '0.00', '', 0.00, '0.00'),
(49, '2021-10-06 06:21:22', '5.28', 'euro', 1.30, '5.16', 'euro', 1.30, '5.28', 'euro', 1.30, '5.04', 'euro', 1.30, '3.96', 'euro', 2.50, '6.90', 'euro', 2.50, '4.98', 'euro', 3.00, 80.00, '2.80', 'euro', '0.00', '', 0.00, '0.00'),
(50, '2021-10-06 06:23:07', '5.28', 'euro', 1.30, '5.16', 'euro', 1.30, '5.28', 'euro', 1.30, '5.04', 'euro', 1.30, '3.96', 'euro', 2.50, '6.90', 'euro', 2.50, '4.98', 'euro', 3.00, 80.00, '2.80', 'euro', '0.00', '', 0.00, '0.00'),
(51, '2021-10-07 11:28:37', '5.28', 'euro', 1.30, '5.16', 'euro', 1.30, '5.28', 'euro', 1.30, '5.04', 'euro', 1.30, '3.96', 'euro', 2.50, '6.90', 'euro', 2.50, '4.98', 'euro', 3.00, 80.00, '2.80', 'euro', '2.80', 'euro', 15.00, '0.00'),
(52, '2021-10-07 11:28:55', '5.28', 'euro', 1.30, '5.16', 'euro', 1.30, '5.28', 'euro', 1.30, '5.04', 'euro', 1.30, '3.96', 'euro', 2.50, '6.90', 'euro', 2.50, '4.98', 'euro', 3.00, 80.00, '5.10', 'euro', '2.80', 'euro', 15.00, '0.00'),
(53, '2021-10-07 11:40:18', '5.28', 'euro', 1.30, '5.16', 'euro', 1.30, '5.28', 'euro', 1.30, '5.04', 'euro', 1.30, '3.96', 'euro', 2.50, '6.90', 'euro', 2.50, '4.98', 'euro', 3.00, 80.00, '5.10', 'euro', '2.80', 'euro', 85.00, '0.00'),
(54, '2021-10-07 11:41:57', '5.28', 'euro', 1.30, '5.16', 'euro', 1.30, '5.28', 'euro', 1.30, '5.04', 'euro', 1.30, '3.96', 'euro', 2.50, '6.90', 'euro', 2.50, '4.98', 'euro', 3.00, 80.00, '5.10', 'euro', '2.80', 'euro', 85.00, '0.00'),
(55, '2021-10-07 11:42:29', '5.28', 'euro', 1.30, '5.16', 'euro', 1.30, '5.28', 'euro', 1.30, '5.04', 'euro', 1.30, '3.96', 'euro', 2.50, '6.90', 'euro', 2.50, '4.98', 'euro', 3.00, 80.00, '5.10', 'euro', '2.80', 'euro', 85.00, '0.00'),
(56, '2021-10-07 11:42:58', '5.28', 'euro', 1.30, '5.16', 'euro', 1.30, '5.28', 'euro', 1.30, '5.04', 'euro', 1.30, '3.96', 'euro', 2.50, '6.90', 'euro', 2.50, '4.98', 'euro', 3.00, 80.00, '2.80', 'euro', '2.80', 'euro', 85.00, '0.00'),
(57, '2021-10-07 13:26:14', '5.28', 'euro', 1.30, '5.16', 'euro', 1.30, '5.28', 'euro', 1.30, '5.04', 'euro', 1.30, '3.96', 'euro', 2.50, '6.90', 'euro', 2.50, '4.98', 'euro', 3.00, 80.00, '5.10', 'euro', '2.80', 'euro', 85.00, '1000.00'),
(58, '2021-10-07 13:26:40', '5.28', 'euro', 1.30, '5.16', 'euro', 1.30, '5.28', 'euro', 1.30, '5.04', 'euro', 1.30, '3.96', 'euro', 2.50, '6.90', 'euro', 2.50, '4.98', 'euro', 3.00, 80.00, '5.10', 'euro', '2.80', 'euro', 85.00, '1000.00'),
(59, '2021-10-07 13:26:47', '5.28', 'euro', 1.30, '5.16', 'euro', 1.30, '5.28', 'euro', 1.30, '5.04', 'euro', 1.30, '3.96', 'euro', 2.50, '6.90', 'euro', 2.50, '4.98', 'euro', 3.00, 80.00, '5.10', 'euro', '2.80', 'euro', 85.00, '1000.00'),
(60, '2021-10-07 13:26:53', '5.28', 'euro', 1.30, '5.16', 'euro', 1.30, '5.28', 'euro', 1.30, '5.04', 'euro', 1.30, '3.96', 'euro', 2.50, '6.90', 'euro', 2.50, '4.98', 'euro', 3.00, 80.00, '2.80', 'euro', '2.80', 'euro', 85.00, '1000.00'),
(61, '2021-11-03 14:00:15', '5.28', 'euro', 1.30, '5.16', 'euro', 1.30, '5.28', 'euro', 1.30, '5.04', 'euro', 1.30, '3.96', 'euro', 2.50, '6.90', 'euro', 2.50, '4.98', 'euro', 3.00, 80.00, '5.10', 'euro', '2.80', 'euro', 85.00, '1000.00');

-- --------------------------------------------------------

--
-- Структура таблицы `norm_laminator`
--

CREATE TABLE `norm_laminator` (
  `id` int(11) NOT NULL,
  `date` timestamp NOT NULL DEFAULT CURRENT_TIMESTAMP,
  `price` decimal(10,2) NOT NULL,
  `speed` decimal(10,2) NOT NULL,
  `max_width` int(11) NOT NULL
) ENGINE=InnoDB DEFAULT CHARSET=utf8mb4;

--
-- Дамп данных таблицы `norm_laminator`
--

INSERT INTO `norm_laminator` (`id`, `date`, `price`, `speed`, `max_width`) VALUES
(1, '2021-11-09 09:02:02', '700.00', '3.60', 0),
(2, '2021-11-10 07:22:24', '700.00', '3.60', 1040);

-- --------------------------------------------------------

--
-- Структура таблицы `norm_laminator_roller`
--

CREATE TABLE `norm_laminator_roller` (
  `id` int(11) NOT NULL,
  `value` int(11) NOT NULL
) ENGINE=InnoDB DEFAULT CHARSET=utf8mb4;

--
-- Дамп данных таблицы `norm_laminator_roller`
--

INSERT INTO `norm_laminator_roller` (`id`, `value`) VALUES
(1, 225),
(2, 240),
(3, 250),
(4, 260),
(5, 280),
(6, 290),
(7, 310),
(8, 323),
(9, 330),
(10, 353),
(11, 360),
(12, 370),
(13, 380),
(14, 390),
(15, 400),
(16, 403),
(17, 410),
(18, 420),
(19, 425),
(20, 440),
(21, 450),
(22, 463),
(23, 470),
(24, 480),
(25, 485),
(26, 490),
(27, 500),
(28, 510),
(29, 520),
(30, 530),
(31, 540),
(32, 550),
(33, 560),
(34, 570),
(35, 580),
(36, 590),
(37, 605),
(38, 610),
(39, 620),
(40, 630),
(41, 640),
(42, 645),
(43, 650),
(44, 660),
(45, 670),
(46, 690),
(47, 700),
(48, 710),
(49, 720),
(50, 725),
(51, 740),
(52, 750),
(53, 760),
(54, 770),
(55, 780),
(56, 790),
(57, 800),
(58, 810),
(59, 830),
(60, 850),
(61, 870),
(62, 880),
(63, 890),
(64, 910),
(65, 940),
(66, 970),
(67, 1010);

-- --------------------------------------------------------

--
-- Структура таблицы `norm_laminator_tuning`
--

CREATE TABLE `norm_laminator_tuning` (
  `id` int(11) NOT NULL,
  `date` timestamp NOT NULL DEFAULT CURRENT_TIMESTAMP,
  `time` decimal(10,2) NOT NULL,
  `length` decimal(10,2) NOT NULL,
  `waste_percent` int(11) NOT NULL
) ENGINE=InnoDB DEFAULT CHARSET=utf8mb4;

--
-- Дамп данных таблицы `norm_laminator_tuning`
--

INSERT INTO `norm_laminator_tuning` (`id`, `date`, `time`, `length`, `waste_percent`) VALUES
(1, '2021-11-09 10:00:33', '40.00', '200.00', 3),
(2, '2021-11-09 10:00:37', '40.00', '200.00', 4),
(3, '2021-11-09 10:00:41', '40.00', '200.00', 3);

-- --------------------------------------------------------

--
-- Структура таблицы `norm_machine`
--

CREATE TABLE `norm_machine` (
  `id` int(11) NOT NULL,
  `machine_id` int(11) NOT NULL DEFAULT '1',
  `date` timestamp NOT NULL DEFAULT CURRENT_TIMESTAMP ON UPDATE CURRENT_TIMESTAMP,
  `price` decimal(10,2) NOT NULL,
  `speed` decimal(10,2) NOT NULL,
  `max_width` int(11) NOT NULL
) ENGINE=InnoDB DEFAULT CHARSET=utf8mb4;

--
-- Дамп данных таблицы `norm_machine`
--

INSERT INTO `norm_machine` (`id`, `machine_id`, `date`, `price`, `speed`, `max_width`) VALUES
(1, 1, '2021-05-18 09:10:50', '100.00', '78.00', 0),
(2, 1, '2021-05-18 09:12:30', '100.60', '78.40', 0),
(3, 1, '2021-05-18 10:45:57', '234.00', '78.40', 0),
(4, 1, '2021-05-19 08:23:09', '234.20', '78.40', 0),
(5, 1, '2021-05-19 08:23:13', '234.20', '78.40', 0),
(6, 1, '2021-05-19 08:23:16', '234.20', '78.44', 0),
(7, 2, '2021-06-01 08:46:25', '999.88', '55.44', 0),
(8, 2, '2021-06-01 08:46:42', '999.87', '55.44', 0),
(9, 2, '2021-06-01 12:28:08', '34.50', '55.44', 0),
(10, 2, '2021-06-01 12:28:14', '34.50', '5.44', 0),
(12, 1, '2021-10-05 13:41:13', '700.00', '2.50', 0),
(13, 2, '2021-10-05 13:41:24', '700.00', '2.50', 0),
(14, 3, '2021-10-05 13:41:38', '800.00', '2.50', 0),
(15, 4, '2021-10-05 13:41:54', '1400.00', '10.00', 0),
(17, 4, '2021-10-05 13:42:43', '1400.00', '10000.00', 0),
(18, 3, '2021-10-05 13:43:01', '800.00', '2500.00', 0),
(19, 2, '2021-10-05 13:43:06', '700.00', '2500.00', 0),
(20, 1, '2021-10-05 13:43:10', '700.00', '2500.00', 0),
(21, 1, '2021-10-06 06:06:59', '700.00', '2.50', 0),
(22, 2, '2021-10-06 06:07:07', '700.00', '2.50', 0),
(23, 3, '2021-10-06 06:07:18', '800.00', '2.50', 0),
(24, 4, '2021-10-06 06:07:23', '1400.00', '10.00', 0),
(26, 1, '2021-11-10 07:44:50', '700.00', '2.50', 800),
(27, 1, '2021-11-10 07:44:51', '700.00', '2.50', 800),
(28, 2, '2021-11-10 07:45:02', '700.00', '2.50', 800),
(29, 2, '2021-11-10 07:45:04', '700.00', '2.50', 800),
(30, 2, '2021-11-10 07:45:06', '700.00', '2.50', 800),
(31, 1, '2021-11-10 07:45:11', '700.00', '2.50', 800),
(32, 1, '2021-11-10 07:45:50', '700.00', '2.50', 800),
(33, 3, '2021-11-10 07:46:21', '800.00', '2.50', 800),
(34, 4, '2021-11-10 07:46:34', '1400.00', '10.00', 1500),
(35, 3, '2021-11-10 11:50:33', '800.00', '2.50', 820),
(36, 2, '2021-11-10 11:50:37', '700.00', '2.50', 820),
(37, 1, '2021-11-10 11:50:41', '700.00', '2.50', 820);

-- --------------------------------------------------------

--
-- Структура таблицы `norm_tuning`
--

CREATE TABLE `norm_tuning` (
  `id` int(11) NOT NULL,
  `machine_id` int(11) NOT NULL DEFAULT '1',
  `date` timestamp NOT NULL DEFAULT CURRENT_TIMESTAMP,
  `time` decimal(10,2) NOT NULL,
  `length` decimal(10,2) NOT NULL,
  `waste_percent` int(11) NOT NULL DEFAULT '0'
) ENGINE=InnoDB DEFAULT CHARSET=utf8mb4;

--
-- Дамп данных таблицы `norm_tuning`
--

INSERT INTO `norm_tuning` (`id`, `machine_id`, `date`, `time`, `length`, `waste_percent`) VALUES
(1, 1, '2021-05-18 11:57:37', '1.10', '2.20', 0),
(2, 1, '2021-05-19 08:25:11', '1.10', '2.00', 0),
(3, 1, '2021-05-19 08:25:15', '1.10', '2.00', 0),
(4, 4, '2021-06-01 09:14:48', '9.00', '7.00', 0),
(5, 4, '2021-06-01 09:15:11', '9.10', '7.30', 0),
(6, 3, '2021-06-02 12:54:37', '666.55', '555.66', 0),
(7, 4, '2021-06-02 12:54:48', '9.30', '7.40', 0),
(11, 4, '2021-06-03 12:42:02', '9.30', '7.40', 3),
(12, 3, '2021-06-03 12:42:06', '666.55', '555.66', 2),
(13, 1, '2021-06-03 12:42:16', '1.10', '2.00', 4),
(14, 1, '2021-06-03 12:43:08', '1.10', '2.00', 6),
(17, 1, '2021-10-05 12:45:27', '40.00', '200.00', 3),
(18, 2, '2021-10-05 12:45:42', '40.00', '200.00', 3),
(19, 3, '2021-10-05 12:46:04', '40.00', '200.00', 3),
(20, 4, '2021-10-05 12:46:20', '40.00', '300.00', 3);

-- --------------------------------------------------------

--
-- Структура таблицы `pallet`
--

CREATE TABLE `pallet` (
  `id` int(11) NOT NULL,
  `supplier_id` int(11) NOT NULL,
  `id_from_supplier` varchar(20) NOT NULL,
  `film_brand_id` int(11) NOT NULL,
  `width` int(11) NOT NULL,
  `thickness` int(11) NOT NULL,
  `cell` varchar(20) NOT NULL,
  `comment` text NOT NULL,
  `date` timestamp NOT NULL DEFAULT CURRENT_TIMESTAMP,
  `storekeeper_id` int(11) NOT NULL DEFAULT '0'
) ENGINE=InnoDB DEFAULT CHARSET=utf8mb4;

--
-- Дамп данных таблицы `pallet`
--

INSERT INTO `pallet` (`id`, `supplier_id`, `id_from_supplier`, `film_brand_id`, `width`, `thickness`, `cell`, `comment`, `date`, `storekeeper_id`) VALUES
(69, 41, '5445', 77, 820, 25, 'С 1', 'Снесарева', '2021-05-04 21:00:00', 124),
(70, 41, '655', 81, 1060, 20, 'А 5', 'Корзинкина', '2021-05-04 21:00:00', 124),
(71, 41, '345', 81, 830, 20, 'А 5', 'Миловидова', '2021-05-04 21:00:00', 124),
(72, 42, '6445', 83, 1080, 20, 'А 5', 'Корзинкина сыркофФ', '2021-05-04 21:00:00', 124),
(73, 45, '654', 82, 1560, 20, 'А 5', 'Снесарева', '2021-05-04 21:00:00', 124),
(74, 42, '7555', 83, 1590, 20, 'А 5', 'Снесарева', '2021-05-04 21:00:00', 124),
(75, 41, '6445', 81, 1590, 20, 'А 5', 'Снесарева', '2021-05-04 21:00:00', 124),
(76, 41, '654', 81, 1060, 20, 'А 5', 'Корзинкина', '2021-05-04 21:00:00', 124),
(77, 41, '5345', 81, 1050, 20, 'А 5', 'Миловидова', '2021-05-04 21:00:00', 124),
(78, 42, '555', 83, 1060, 20, 'А 5', 'Корзинкина', '2021-05-04 21:00:00', 124),
(79, 45, '5445', 82, 680, 40, 'А 5', 'Корзинкина', '2021-05-04 21:00:00', 124),
(80, 45, '765', 82, 680, 40, 'А 5', 'Корзинкина', '2021-05-04 21:00:00', 124),
(81, 45, '5', 82, 1000, 20, 'А 5', 'Крзинкина', '2021-05-04 21:00:00', 124),
(82, 45, '75556', 82, 1300, 20, 'А 5', 'Миловидова', '2021-05-04 21:00:00', 124),
(83, 45, '8', 82, 1180, 20, 'А 5', 'Снесарева', '2021-05-04 21:00:00', 124),
(84, 45, '544', 82, 1300, 20, 'А 5', 'Миловидова', '2021-05-04 21:00:00', 124),
(85, 41, '5765', 81, 900, 20, 'А 5', '? ?', '2021-05-04 21:00:00', 124),
(86, 42, '655', 83, 800, 20, 'А6', 'Корзинкина', '2021-05-04 21:00:00', 124),
(87, 45, '8666', 82, 1020, 20, 'А 5', 'Корзинкина', '2021-05-04 21:00:00', 124),
(88, 41, '6556', 81, 1000, 20, 'А 5', 'Корзинкина', '2021-05-04 21:00:00', 124),
(89, 41, '7556', 81, 680, 20, 'А 5', 'Корзинкина', '2021-05-04 21:00:00', 124),
(90, 41, '6555', 90, 1560, 20, 'А 6', 'Снесарева', '2021-05-05 21:00:00', 124),
(91, 41, '64456', 90, 1120, 20, 'А 6', 'Корнилова', '2021-05-05 21:00:00', 124),
(92, 41, '64456', 90, 1080, 20, 'А 6', ' Снесарева', '2021-05-05 21:00:00', 124),
(93, 41, '345', 90, 1080, 20, 'А 6', 'Снесарева', '2021-05-05 21:00:00', 124),
(94, 41, '    П100404407', 90, 1120, 20, 'А 6', 'Корнилова', '2021-05-05 21:00:00', 124),
(95, 41, 'П100404331', 90, 1290, 20, 'А 6', 'Снесарева', '2021-05-05 21:00:00', 124),
(96, 41, 'П100404325', 90, 1240, 20, 'А 6', 'Снесарева', '2021-05-05 21:00:00', 124),
(97, 41, 'П100404280', 90, 1340, 20, 'А 6', 'Снесарева', '2021-05-05 21:00:00', 124),
(98, 41, 'П100404277', 90, 1340, 20, 'А 6', 'Снесарева', '2021-05-05 21:00:00', 124),
(99, 42, '21044112-23', 92, 1080, 20, 'А 6', 'Снесарева', '2021-05-05 21:00:00', 124),
(100, 41, '100404393', 90, 1080, 20, 'А 6', 'Снесарева', '2021-05-05 21:00:00', 124),
(101, 42, '699296', 92, 1500, 20, 'А 6', 'Снесарева', '2021-05-05 21:00:00', 124),
(102, 41, '699297', 90, 1400, 20, 'А 6', 'Снесарева', '2021-05-05 21:00:00', 124),
(103, 41, '100404386', 90, 1280, 20, 'А 6', 'Снесарева', '2021-05-05 21:00:00', 124),
(104, 42, '21044109-22', 92, 1400, 20, 'А 6', 'Снесарева', '2021-05-05 21:00:00', 124),
(107, 45, '14780052', 84, 1000, 20, 'А 6', 'Корзинкина', '2021-05-06 21:00:00', 124),
(108, 45, '14780058', 84, 1270, 20, 'А 6', 'Снесарева', '2021-05-06 21:00:00', 124),
(109, 45, '14780058', 84, 1470, 20, 'А 6', 'Миловидова', '2021-05-06 21:00:00', 124),
(110, 45, '147800', 84, 1450, 20, 'А 6', 'Снесарева', '2021-05-06 21:00:00', 124),
(111, 45, '86567', 84, 1250, 20, 'А 6', 'Корнилова', '2021-05-06 21:00:00', 124),
(112, 45, '96545764', 84, 1240, 20, 'А 6', 'Корзинкина. в этом роле -5000', '2021-05-06 21:00:00', 124),
(113, 45, '14780058', 84, 1470, 20, 'А 6', 'Миловидова', '2021-05-06 21:00:00', 124),
(114, 45, '14780052', 84, 800, 20, 'А 6', 'Корзинкина', '2021-05-10 21:00:00', 124),
(115, 45, '14780052', 84, 800, 20, 'А 6', 'Корзинкина', '2021-05-10 21:00:00', 124),
(116, 41, '100 20 1322', 87, 920, 35, 'С 4', 'Казимиренко', '2021-05-10 21:00:00', 124),
(117, 41, 'П100402450', 87, 740, 30, 'С 5', 'Шеховцова', '2021-05-10 21:00:00', 124),
(118, 42, '841/001/21', 89, 1140, 35, 'А 7', 'Казимиренко', '2021-05-10 21:00:00', 124),
(119, 45, '10029 1323', 88, 900, 35, 'А 7', 'Снесарева', '2021-05-10 21:00:00', 124),
(120, 42, '841/001/21', 89, 1140, 35, 'А 7', 'Казимиренко', '2021-05-10 21:00:00', 124),
(121, 45, '10020 2929', 88, 740, 35, 'А 7', 'Корзинкина', '2021-05-10 21:00:00', 124),
(122, 42, '702835', 89, 1140, 35, 'А 7', 'Казимиренко', '2021-05-10 21:00:00', 124),
(123, 45, '10020 1691', 88, 1480, 35, 'А 7', 'Корзинкина', '2021-05-10 21:00:00', 124),
(124, 45, '10020 1691', 88, 1480, 35, 'А 7', 'Корзинкина', '2021-05-10 21:00:00', 124),
(125, 45, '10020 1250', 88, 1140, 35, 'А 7', 'Казимиренко', '2021-05-10 21:00:00', 124),
(126, 41, 'П100402448', 87, 740, 30, 'А 7', 'Шеховцова', '2021-05-10 21:00:00', 124),
(127, 42, '841/003/21', 89, 1050, 35, 'А 7', 'Миловидова', '2021-05-11 21:00:00', 124),
(128, 41, '1001414898', 87, 900, 35, 'А 7', 'Снесарева', '2021-05-11 21:00:00', 124),
(129, 42, '21079101 14', 89, 1140, 35, 'А 7', 'Казимиренко', '2021-05-11 21:00:00', 124),
(130, 45, '10020 2924', 88, 1480, 35, 'А 7', 'Снесарева', '2021-05-11 21:00:00', 124),
(131, 41, 'П100385878', 87, 1290, 35, 'А 7', 'Снесарева (дмитрогорка)', '2021-05-11 21:00:00', 124),
(132, 41, 'П100373097', 90, 1120, 20, 'А 5', '', '2021-05-11 21:00:00', 124),
(133, 41, 'П6000648649', 77, 1560, 25, 'С 5', '', '2021-05-11 21:00:00', 124),
(134, 46, '2104051016', 93, 940, 20, 'С 5', '', '2021-05-11 21:00:00', 124),
(135, 57, '65556', 117, 1040, 25, 'С 6', '', '2021-05-11 21:00:00', 124),
(136, 57, '6445', 117, 1020, 20, 'С 6', 'Корзинкина', '2021-05-11 21:00:00', 124),
(137, 42, '696181', 79, 1000, 25, 'С 6', 'Корнилова', '2021-05-11 21:00:00', 124),
(138, 57, '6555', 117, 780, 25, 'С 6', 'Снесарева', '2021-05-11 21:00:00', 124),
(139, 46, '2103171016', 93, 780, 25, 'С 6', 'Корзинкина', '2021-05-11 21:00:00', 124),
(140, 46, '2103211011', 93, 820, 25, 'С 3', '4 ---', '2021-05-11 21:00:00', 124),
(141, 46, '2103191025', 93, 1240, 25, 'С 4', '', '2021-05-11 21:00:00', 124),
(142, 46, '2103151014', 93, 800, 25, 'С 3', '', '2021-05-11 21:00:00', 124),
(143, 42, '689763', 79, 820, 25, 'С 3', '', '2021-05-11 21:00:00', 124),
(144, 45, '54456', 88, 1200, 35, 'А 7', '', '2021-05-11 21:00:00', 124),
(145, 46, '5445', 93, 800, 25, 'С 4', '', '2021-05-11 21:00:00', 124),
(146, 57, '121030201', 117, 780, 25, 'С 2', 'Корнилова + Снесарева', '2021-05-11 21:00:00', 124),
(147, 45, '4356', 88, 1290, 35, 'А 7', 'Снесарева(дмитрогорка)', '2021-05-11 21:00:00', 124),
(148, 45, '10020 1182', 88, 1040, 30, 'А 7', 'Питерское мороженое', '2021-05-11 21:00:00', 124),
(149, 45, '645567', 88, 1050, 35, 'А 7', 'Миловидова', '2021-05-11 21:00:00', 124),
(150, 46, '6445', 93, 780, 25, 'С 2', 'Корзинкина', '2021-05-11 21:00:00', 124),
(151, 57, '5344', 117, 980, 25, 'С 1', '', '2021-05-11 21:00:00', 124),
(152, 57, '7555', 117, 1000, 20, 'С 5', 'Корзинкина сыркофф', '2021-05-11 21:00:00', 124),
(153, 52, '6544', 105, 540, 60, 'С 1', 'Вера МПП', '2021-05-11 21:00:00', 124),
(154, 52, '65567', 105, 720, 40, 'С 1', '', '2021-05-11 21:00:00', 124),
(155, 52, '6455', 105, 740, 40, 'С 1', '', '2021-05-11 21:00:00', 124),
(156, 53, '765', 109, 1140, 60, 'С 1', 'Вера МПП + Олеся симона 2200', '2021-05-11 21:00:00', 124),
(157, 41, '7555', 77, 1110, 25, 'А 9', '', '2021-05-11 21:00:00', 124),
(158, 57, '7555', 117, 1020, 20, 'А 9', 'Корзинкина\r\nВера НП - 5000 м', '2021-05-11 21:00:00', 124),
(159, 57, '75566', 117, 1200, 25, 'А 9', '', '2021-05-11 21:00:00', 124),
(160, 42, '21045106-41', 92, 1120, 20, 'А 6', '', '2021-05-11 21:00:00', 124),
(161, 46, '6545', 93, 1080, 25, 'С 6', 'ООО рус пленки. ', '2021-05-11 21:00:00', 124),
(162, 42, '755566', 83, 865, 15, 'А 5', '', '2021-05-11 21:00:00', 124),
(163, 42, '8666', 83, 800, 20, 'А 5', 'Корзинкина', '2021-05-11 21:00:00', 124),
(164, 56, '65555', 121, 1160, 12, 'А 8', 'Корзинкина! роспродукт', '2021-05-11 21:00:00', 124),
(165, 56, '7555', 121, 1160, 12, 'А 8', '', '2021-05-11 21:00:00', 124),
(166, 56, '45677', 120, 840, 12, 'А 8', '', '2021-05-11 21:00:00', 124),
(167, 56, '65557', 120, 840, 12, 'А 8', '', '2021-05-11 21:00:00', 124),
(168, 46, '2103181016', 93, 860, 25, 'С 3', '', '2021-05-11 21:00:00', 124),
(169, 56, '5444', 120, 1160, 12, 'А 8', 'амс медиа желтова ю', '2021-05-11 21:00:00', 124),
(170, 46, '7666', 93, 1140, 25, 'А 8', 'Вера ИП Колосницин', '2021-05-11 21:00:00', 124),
(171, 57, '76566', 117, 780, 25, 'С 3', 'Корнилова', '2021-05-11 21:00:00', 124),
(172, 45, '14777388', 91, 1450, 20, 'А 6', '', '2021-05-11 21:00:00', 124),
(173, 46, '76445', 93, 1080, 20, 'С 5', '', '2021-05-11 21:00:00', 124),
(174, 46, '6445', 93, 800, 20, 'С 5', 'Корзинкина', '2021-05-11 21:00:00', 124),
(175, 46, '6555', 93, 620, 20, 'С 5', '', '2021-05-11 21:00:00', 124),
(176, 52, '76566', 106, 420, 50, 'А 8', '', '2021-05-11 21:00:00', 124),
(177, 46, '2104141043', 93, 620, 20, 'С 5', '', '2021-05-11 21:00:00', 124),
(178, 52, '6555', 106, 840, 70, 'А 8', 'Шеховцова мпп', '2021-05-11 21:00:00', 124),
(179, 52, '65566', 98, 540, 60, 'А 8', 'Корзинкина', '2021-05-11 21:00:00', 124),
(180, 45, '1002 3437', 88, 1040, 35, 'А 7 ', 'Миловидова', '2021-05-12 21:00:00', 124),
(181, 46, '544556', 93, 1040, 20, 'А 7', '', '2021-05-12 21:00:00', 124),
(182, 42, '699307', 92, 1080, 20, 'А 6', '', '2021-05-12 21:00:00', 124),
(183, 46, '2104121012', 93, 1040, 20, 'А 7', '', '2021-05-12 21:00:00', 124),
(184, 41, '6555', 77, 1110, 25, 'С 2', 'ОООРус Пленки!!! ', '2021-05-12 21:00:00', 124),
(185, 41, '755567', 77, 1110, 25, 'С 5', 'ООО Рус пленки!!! ', '2021-05-12 21:00:00', 124),
(186, 52, 'Эро418', 105, 1500, 40, 'А 7', '', '2021-05-12 21:00:00', 124),
(187, 57, '256915', 117, 900, 20, 'А 6', 'Вера НП - 510 мм\r\nЮля К - 390 мм', '2021-05-12 21:00:00', 124),
(188, 52, 'Эр0418', 105, 1500, 40, 'А 6', '', '2021-05-12 21:00:00', 124),
(189, 46, '2103271039', 93, 820, 25, 'С 6', 'Корзинкина', '2021-05-12 21:00:00', 124),
(190, 41, 'П100385878', 87, 1290, 35, 'А 6', 'Снесарева (дмитрогорка)', '2021-05-12 21:00:00', 124),
(191, 41, 'П6000648627', 77, 1400, 25, 'С 5', '', '2021-05-12 21:00:00', 124),
(192, 42, '695931', 79, 1050, 25, 'С 5', '', '2021-05-12 21:00:00', 124),
(194, 42, '702836', 89, 1320, 35, 'А 7', 'ЕС', '2021-05-12 21:00:00', 124),
(195, 45, '10020 1254', 88, 1050, 35, 'А 7', 'ЕС', '2021-05-12 21:00:00', 124),
(196, 46, '2103211010', 93, 1350, 25, 'С 5', '', '2021-05-12 21:00:00', 124),
(197, 46, '2103191026', 93, 960, 25, 'С 5', '', '2021-05-12 21:00:00', 124),
(198, 46, '2104121015', 93, 1020, 20, 'С 5', 'Корзинкина', '2021-05-12 21:00:00', 124),
(199, 46, '2104081039', 93, 1200, 20, 'С 5', 'Корзинкина ', '2021-05-12 21:00:00', 124),
(200, 46, '2103171015', 93, 840, 25, 'С 4', 'Снесарева', '2021-05-12 21:00:00', 124),
(201, 45, '10020 2928', 88, 740, 35, 'А 7', 'Корзинкина', '2021-05-12 21:00:00', 124),
(202, 52, '6656', 105, 1500, 40, 'А 5', '', '2021-05-12 21:00:00', 124),
(203, 42, '701697', 79, 1040, 35, 'С 5', '', '2021-05-12 21:00:00', 124),
(204, 46, '2104103 012 102', 93, 1140, 25, 'С 5', 'Вера ИП Колосницин', '2021-05-12 21:00:00', 124),
(205, 45, '10020 2796', 91, 1200, 20, 'А 6', '', '2021-05-12 21:00:00', 124),
(206, 45, '100202796', 84, 1200, 20, 'А 6', '', '2021-05-12 21:00:00', 124),
(207, 45, '10020 2930', 88, 1040, 35, 'А 7', 'Миловидова', '2021-05-12 21:00:00', 124),
(208, 41, 'П100406484', 124, 1320, 38, 'А 7', '', '2021-05-12 21:00:00', 124),
(209, 52, 'Эр0009', 105, 580, 30, 'А 5', '', '2021-05-12 21:00:00', 124),
(210, 45, '10020 1673', 88, 1480, 35, 'А 7', 'Корзинкина', '2021-05-12 21:00:00', 124),
(211, 45, '10020 1685', 88, 1480, 35, 'А 7', 'Корзинкина', '2021-05-12 21:00:00', 124),
(212, 52, 'Эр0002', 105, 740, 40, 'В 3', '', '2021-05-13 21:00:00', 124),
(213, 52, 'Эо0315', 105, 740, 40, 'В 3', '', '2021-05-13 21:00:00', 124),
(214, 41, 'П100370918', 87, 750, 35, 'А 7', 'Корзинкина', '2021-05-13 21:00:00', 124),
(215, 41, '5456', 77, 1110, 25, 'С 4', 'ОООРус Пленки', '2021-05-13 21:00:00', 124),
(216, 42, '701463', 79, 780, 30, 'С 1', 'Корнилова', '2021-05-13 21:00:00', 124),
(217, 52, 'Эр0046', 97, 1080, 80, 'В 2', 'Корзинкина', '2021-05-13 21:00:00', 124),
(218, 52, 'Эр1261', 101, 1040, 40, 'В 2', 'Корзинкина куафер', '2021-05-13 21:00:00', 124),
(219, 52, 'Эр1071', 105, 740, 40, 'В 2', '', '2021-05-13 21:00:00', 124),
(220, 52, 'Эр0315', 105, 740, 40, 'В 3', '', '2021-05-13 21:00:00', 124),
(221, 52, 'Эр0312', 105, 1040, 40, 'В 3', '', '2021-05-13 21:00:00', 124),
(222, 46, '6555', 93, 600, 20, 'С 3', '', '2021-05-13 21:00:00', 124),
(223, 57, '5555', 117, 1240, 25, 'С 2', '', '2021-05-13 21:00:00', 124),
(224, 42, '4433', 79, 1020, 25, 'С 3', '', '2021-05-13 21:00:00', 124),
(225, 42, '695126', 86, 1450, 20, 'А 6', '', '2021-05-13 21:00:00', 124),
(226, 42, '695137', 86, 1440, 20, 'А 6', 'Корнилова', '2021-05-13 21:00:00', 124),
(227, 42, '695106', 86, 1440, 20, 'А 6', '', '2021-05-13 21:00:00', 124),
(228, 41, 'П100405940', 124, 1160, 38, 'А 7', '', '2021-05-13 21:00:00', 124),
(229, 41, 'П6000648586', 77, 1510, 25, 'С 2', '', '2021-05-13 21:00:00', 124),
(230, 41, 'П100404291', 90, 1280, 20, 'А 6', '', '2021-05-13 21:00:00', 124),
(231, 41, '64456', 87, 920, 35, 'А 7', 'ЕС', '2021-05-13 21:00:00', 124),
(232, 42, '705340', 79, 780, 30, 'С 2', '', '2021-05-13 21:00:00', 124),
(233, 57, '5456', 117, 770, 35, 'С 5', '', '2021-05-13 21:00:00', 124),
(234, 42, '701451', 79, 840, 30, 'С 2', 'Корнилова', '2021-05-13 21:00:00', 124),
(235, 46, '2104101064207', 93, 740, 20, 'С 2', '33000Снесарева. \r\n33000 Корзинкина', '2021-05-17 21:00:00', 124),
(236, 46, '2104141032', 93, 760, 20, 'С 2', '36000 Снесарева.  \r\n   29000 Шеховцова. ', '2021-05-17 21:00:00', 124),
(237, 46, '2104161004', 93, 620, 20, 'С', 'Снесарева', '2021-05-17 21:00:00', 124),
(238, 46, '2104101027', 93, 1080, 20, 'С 2', 'Корзинкина', '2021-05-17 21:00:00', 124),
(239, 46, '2104101029', 93, 1200, 20, 'С 2', 'Миловидова', '2021-05-17 21:00:00', 124),
(240, 46, '2104107053102', 93, 1120, 40, 'С 4', 'Корнилова', '2021-05-17 21:00:00', 124),
(241, 46, '2104271020', 93, 960, 30, 'С 6', 'Корнилова', '2021-05-17 21:00:00', 124),
(242, 46, '2104231024', 93, 780, 25, 'С 2', 'Корнилова', '2021-05-17 21:00:00', 124),
(243, 42, '701443', 79, 840, 30, 'С 3', 'Корнилова', '2021-05-18 21:00:00', 124),
(244, 42, '65567', 79, 840, 20, 'С', 'Желтова', '2021-05-18 21:00:00', 124),
(245, 42, '709996', 79, 1290, 20, 'С 1', 'Корнилова', '2021-05-18 21:00:00', 124),
(246, 57, '264192', 117, 1240, 40, 'С 1', 'Миловидова', '2021-05-18 21:00:00', 124),
(247, 42, '21097102-404', 79, 860, 30, 'С 1', 'Корнилова', '2021-05-18 21:00:00', 124),
(248, 42, '21072103-24', 79, 1040, 35, ' С 1', 'Снесарева', '2021-05-18 21:00:00', 124),
(249, 42, '702668', 79, 640, 20, 'С 1', 'Корнилова', '2021-05-18 21:00:00', 124),
(250, 41, 'П3000200471', 77, 1140, 20, 'С 1', 'Корнилова   \r\n  Миливидова                  ', '2021-05-18 21:00:00', 124),
(251, 52, 'Эр0557', 106, 560, 60, 'В', 'Желтова', '2021-05-18 21:00:00', 124),
(252, 52, 'Эр0557', 106, 560, 60, 'В', 'Желтова', '2021-05-18 21:00:00', 124),
(253, 57, '258853', 117, 980, 25, 'С', '', '2021-05-19 21:00:00', 124),
(254, 45, '10020 2888', 84, 1500, 20, 'А 6', '', '2021-05-19 21:00:00', 124),
(255, 45, '10020 2853', 84, 1500, 20, 'А 6', '', '2021-05-19 21:00:00', 124),
(256, 41, '655677', 81, 1020, 20, 'А 4', 'Корзинкина', '2021-05-19 21:00:00', 124),
(257, 42, '6445', 79, 840, 30, 'С 5', '', '2021-05-19 21:00:00', 124),
(258, 57, '5445', 117, 700, 20, 'С 3', '', '2021-05-19 21:00:00', 124),
(259, 42, '706417', 83, 1560, 20, 'А 5', '', '2021-05-23 21:00:00', 124),
(260, 42, '705718', 83, 660, 40, 'А 5', 'Корзинкина', '2021-05-23 21:00:00', 124),
(261, 42, '706231', 83, 1260, 20, 'А 5', '', '2021-05-23 21:00:00', 124),
(262, 45, '100206934', 84, 1590, 20, 'А 6', 'Снесарева', '2021-05-23 21:00:00', 124),
(263, 45, '100206839', 84, 1410, 20, 'А 6', 'Миловидова', '2021-05-23 21:00:00', 124),
(264, 45, '100206938', 84, 1410, 20, 'А6', 'Миловидова', '2021-05-23 21:00:00', 124),
(265, 45, '100206921', 84, 1500, 20, 'А6', 'Снесарева', '2021-05-23 21:00:00', 124),
(266, 42, '705718', 83, 800, 40, 'А5', 'Корнилова', '2021-05-23 21:00:00', 124),
(267, 46, '2104301015', 93, 1120, 30, 'С', '', '2021-05-24 21:00:00', 124),
(268, 46, '2104301015', 93, 1120, 30, 'С', 'Желтова', '2021-05-24 21:00:00', 124),
(269, 46, '2104161026', 93, 540, 20, 'С', 'Снесарева', '2021-05-24 21:00:00', 124),
(270, 46, '2105021001', 93, 1240, 30, 'С', 'Снесарева', '2021-05-24 21:00:00', 124),
(271, 46, '2104091009', 93, 1470, 25, 'С', 'Снесарева', '2021-05-24 21:00:00', 124),
(272, 46, '2104071004', 93, 1470, 25, 'С', 'Снесарева', '2021-05-24 21:00:00', 124),
(273, 46, '2104141044', 93, 800, 20, 'С', 'Снесарева', '2021-05-24 21:00:00', 124),
(274, 46, '2105181028', 93, 1120, 40, 'С', 'Корнилова', '2021-05-24 21:00:00', 124),
(275, 46, '2105111012', 93, 750, 35, 'С', '', '2021-05-24 21:00:00', 124),
(276, 46, '2105111012', 93, 750, 35, 'С', 'Корзинкина', '2021-05-24 21:00:00', 124),
(277, 46, '2104261002', 93, 750, 35, 'С', 'Корзинкина', '2021-05-24 21:00:00', 124),
(278, 46, '2104091016', 93, 1200, 25, 'С', 'Снесарева', '2021-05-24 21:00:00', 124),
(279, 46, '2103311031', 93, 1120, 30, 'С', 'Желтова', '2021-05-24 21:00:00', 124),
(280, 41, 'П100408294', 87, 1020, 35, 'А', 'Снесарева', '2021-05-25 21:00:00', 124),
(281, 41, 'П100408284', 87, 1020, 35, 'А', 'Снесарева', '2021-05-25 21:00:00', 124),
(282, 41, 'П1001447222', 87, 1020, 35, 'А', 'Снесарева', '2021-05-25 21:00:00', 124),
(283, 42, '708745', 79, 1400, 20, 'С', 'Снесарева', '2021-05-25 21:00:00', 124),
(284, 41, '706200', 77, 1320, 20, 'С', 'Снесарева', '2021-05-25 21:00:00', 124),
(285, 41, 'П100412004', 87, 1160, 35, 'А', 'Снесарева', '2021-05-25 21:00:00', 124),
(286, 42, '1020', 79, 1020, 30, 'С', 'Корзинкина', '2021-05-25 21:00:00', 124),
(287, 42, '703609', 79, 1440, 20, 'С', 'Снесарева', '2021-05-25 21:00:00', 124),
(288, 46, '2105251017', 93, 890, 20, 'C', 'Снесарева', '2021-05-26 21:00:00', 124),
(289, 46, '2105251013', 93, 890, 20, 'С', 'Снесарева ', '2021-05-26 21:00:00', 124),
(290, 46, '2105251046', 93, 890, 20, 'С', 'Снесарева ', '2021-05-26 21:00:00', 124),
(291, 52, 'Эр 0648', 98, 620, 60, 'В', 'Корзинкина ', '2021-05-27 21:00:00', 124),
(292, 52, 'Эр0647', 98, 540, 60, 'В', 'Корзинкина ', '2021-05-27 21:00:00', 124),
(293, 52, 'Эр0647', 98, 540, 60, 'В', 'Корзинкина ', '2021-05-27 21:00:00', 124),
(294, 52, 'Эр 0647', 98, 540, 60, 'В', 'Корзинкина ', '2021-05-27 21:00:00', 124),
(295, 52, 'Эр0648', 98, 620, 60, 'В', 'Корзинкина ', '2021-05-27 21:00:00', 124),
(296, 52, 'Эр0648', 98, 620, 60, 'В', 'Корзинкина ', '2021-05-27 21:00:00', 124),
(297, 41, 'П 100413407', 85, 1040, 20, 'А6', 'Корзинкина ', '2021-05-30 21:00:00', 124),
(298, 41, 'П100412523', 85, 1240, 20, 'А', 'Миловидова ', '2021-05-30 21:00:00', 124),
(299, 41, 'П100413382', 85, 1000, 20, 'А', 'Корзинкина ', '2021-05-30 21:00:00', 124),
(300, 41, 'П100411239', 85, 1480, 20, 'А', 'Корзинкина ', '2021-05-30 21:00:00', 124),
(301, 41, 'П100413239', 85, 1480, 20, 'А', 'Корзинкина ', '2021-05-30 21:00:00', 124),
(302, 41, 'П100409548', 85, 800, 20, 'А', 'Корзинкина ', '2021-05-30 21:00:00', 124),
(303, 41, 'П100409554', 85, 800, 20, 'А', 'Корзинкина ', '2021-05-30 21:00:00', 124),
(304, 41, 'П100413394', 85, 1080, 20, 'А', 'Миловидова ', '2021-05-30 21:00:00', 124),
(305, 41, 'П100413392', 85, 1000, 20, 'А', 'Корзинкина ', '2021-05-30 21:00:00', 124),
(306, 41, 'П100413411', 85, 760, 20, 'А', 'Корзинкина ', '2021-05-30 21:00:00', 124),
(307, 41, 'П100409547', 85, 800, 20, 'А', 'Корзинкина ', '2021-05-30 21:00:00', 124),
(308, 57, '100577', 117, 1140, 35, 'С', 'Снесарева ', '2021-05-31 21:00:00', 124),
(309, 57, '100489', 117, 1040, 35, 'С', 'Снесарева', '2021-05-31 21:00:00', 124),
(310, 57, '100778', 117, 960, 25, 'С', 'Корнилова', '2021-05-31 21:00:00', 124),
(311, 57, '100545', 117, 1040, 35, 'С', 'Снесарева ', '2021-05-31 21:00:00', 124),
(312, 57, '100826', 117, 820, 25, 'С', 'Корнилова', '2021-05-31 21:00:00', 124),
(313, 57, '100471', 117, 1230, 35, 'С', 'Снесарева ', '2021-05-31 21:00:00', 124),
(314, 57, '100625', 117, 1290, 35, 'С', 'Миловидова', '2021-05-31 21:00:00', 124),
(315, 57, '100470', 117, 700, 35, 'С', 'Миловидова ', '2021-05-31 21:00:00', 124),
(316, 57, '102010', 117, 1290, 35, 'С', 'Миловидова', '2021-05-31 21:00:00', 124),
(317, 57, '100641', 117, 770, 35, 'С', 'Снесарева +Миловидова ', '2021-05-31 21:00:00', 124),
(318, 57, '101995', 117, 1040, 35, 'С', 'Миловидова ', '2021-05-31 21:00:00', 124),
(319, 57, '100821', 117, 860, 25, 'С', 'Корнилова', '2021-05-31 21:00:00', 124),
(320, 57, '100820', 117, 820, 25, 'С', 'Корнилова', '2021-05-31 21:00:00', 124),
(321, 57, '101842', 117, 1300, 35, 'С', 'Снесарева', '2021-05-31 21:00:00', 124),
(322, 57, '101937', 117, 1190, 35, 'С', 'Снесарева ', '2021-05-31 21:00:00', 124),
(323, 57, '100640', 117, 770, 35, 'С1', 'Снесарева +Миловидова', '2021-05-31 21:00:00', 124),
(324, 57, '101959', 117, 740, 35, 'С', 'Снесарева', '2021-05-31 21:00:00', 124),
(325, 57, '100758', 117, 800, 25, 'С', 'Корнилова', '2021-05-31 21:00:00', 124),
(326, 57, '100761', 117, 800, 25, 'С', 'Корнилова', '2021-05-31 21:00:00', 124),
(327, 57, '100421', 117, 920, 35, 'С', 'Снесарева ', '2021-05-31 21:00:00', 124),
(328, 57, '100440', 117, 770, 35, 'С', 'Миловидова ', '2021-05-31 21:00:00', 124),
(329, 57, '100548', 117, 1040, 35, 'С', 'Миловидова ', '2021-05-31 21:00:00', 124),
(330, 57, '100478', 117, 1260, 35, 'С', 'Снесарева ', '2021-05-31 21:00:00', 124),
(331, 41, '210556080', 87, 1320, 35, 'А', 'Поставщик: Руспленки. (польская пленка) ', '2021-06-01 21:00:00', 124),
(332, 41, '210556107', 87, 1320, 35, 'А', 'Поставщик : Руспленки ( польская пленка) ', '2021-06-01 21:00:00', 124),
(333, 41, '210556114', 87, 1260, 35, 'А', 'Поставщик :Руспленки (польская пленка) ', '2021-06-01 21:00:00', 124),
(334, 41, '210555969', 87, 1320, 35, 'А', 'Поставщик :Руспленки (польская пленка) ', '2021-06-01 21:00:00', 124),
(335, 41, '210556011', 87, 1200, 35, 'А', 'Поставщик :Руспленки (польская пленка) ', '2021-06-01 21:00:00', 124),
(336, 41, '210555973', 87, 1240, 35, 'А', 'Поставщик :Руспленки (польская пленка) ', '2021-06-01 21:00:00', 124),
(337, 46, '2106011022', 93, 780, 25, 'С', 'Снесарева', '2021-06-02 21:00:00', 124),
(338, 46, '2106011024', 93, 680, 25, 'С', 'Корнилова', '2021-06-02 21:00:00', 124),
(339, 46, '2105011006', 93, 700, 30, 'С', 'Снесарева ', '2021-06-02 21:00:00', 124),
(340, 46, '2106021001', 93, 780, 25, 'С', 'Снесарева ', '2021-06-02 21:00:00', 124),
(341, 46, '2104101023', 93, 1200, 20, 'С', 'Миловидова ', '2021-06-02 21:00:00', 124),
(342, 46, '2104301009', 93, 740, 30, 'С', 'Снесарева ', '2021-06-02 21:00:00', 124),
(343, 42, '712993', 83, 800, 20, 'А', 'Корзинкина ', '2021-06-07 21:00:00', 124),
(344, 42, '713008', 83, 800, 20, 'А', 'Корзинкина ', '2021-06-07 21:00:00', 124),
(345, 42, '712989', 83, 800, 20, 'А', 'Корзинкина', '2021-06-07 21:00:00', 124),
(346, 42, '712590', 83, 1200, 20, 'А', 'Миловидова', '2021-06-07 21:00:00', 124),
(347, 42, '705334', 79, 780, 30, 'С', 'Корнилова', '2021-06-07 21:00:00', 124),
(348, 42, '705326', 79, 780, 30, 'С', 'Корнилова', '2021-06-07 21:00:00', 124),
(349, 42, '705674', 79, 680, 25, 'С', 'Корнилова', '2021-06-07 21:00:00', 124),
(350, 42, '705683', 79, 680, 25, 'С', 'Корнилова', '2021-06-07 21:00:00', 124),
(351, 41, '345', 77, 760, 30, 'С1', 'Снесарева ', '2021-06-07 21:00:00', 124),
(352, 41, '456', 87, 1120, 35, 'А', 'Снесарева ', '2021-06-07 21:00:00', 124),
(353, 42, '712437', 79, 1320, 25, 'С', 'Корзинкина ', '2021-06-07 21:00:00', 124),
(354, 42, '712430', 79, 1320, 25, 'С', 'Корзинкина ', '2021-06-07 21:00:00', 124),
(355, 41, '100408293', 87, 960, 35, 'А', 'Желтова ', '2021-06-07 21:00:00', 124),
(356, 41, '100408290', 87, 960, 35, 'А', 'Желтова ', '2021-06-07 21:00:00', 124),
(357, 42, '705652', 79, 680, 25, 'С', 'Корнилова', '2021-06-07 21:00:00', 124),
(358, 42, '705629', 79, 680, 25, 'С', 'Корнилова', '2021-06-07 21:00:00', 124),
(361, 41, '234234', 87, 1120, 35, 'на улице', 'Время создания', '2021-07-06 13:56:14', 126);

-- --------------------------------------------------------

--
-- Структура таблицы `pallet_roll`
--

CREATE TABLE `pallet_roll` (
  `id` int(11) NOT NULL,
  `pallet_id` int(11) NOT NULL,
  `weight` int(11) NOT NULL,
  `length` int(11) NOT NULL,
  `ordinal` int(11) NOT NULL
) ENGINE=InnoDB DEFAULT CHARSET=utf8mb4;

--
-- Дамп данных таблицы `pallet_roll`
--

INSERT INTO `pallet_roll` (`id`, `pallet_id`, `weight`, `length`, `ordinal`) VALUES
(1, 69, 182, 9500, 1),
(2, 69, 184, 9500, 2),
(3, 69, 183, 9500, 3),
(4, 69, 182, 9500, 4),
(5, 69, 185, 9500, 5),
(6, 69, 183, 9500, 6),
(7, 70, 404, 20800, 1),
(8, 70, 402, 20200, 2),
(9, 71, 335, 21900, 1),
(10, 71, 308, 21200, 2),
(11, 72, 213, 11000, 1),
(12, 72, 220, 11330, 2),
(13, 73, 296, 10400, 1),
(14, 73, 298, 10400, 2),
(15, 74, 317, 11000, 1),
(16, 74, 317, 11000, 2),
(17, 75, 314, 11000, 1),
(18, 76, 207, 10740, 1),
(19, 77, 212, 11000, 1),
(20, 78, 147, 7500, 1),
(21, 78, 149, 7600, 2),
(22, 79, 137, 5500, 1),
(23, 80, 139, 5500, 1),
(24, 80, 127, 5100, 2),
(25, 81, 200, 11100, 1),
(26, 81, 197, 10900, 2),
(27, 82, 270, 11350, 1),
(28, 82, 270, 11350, 2),
(29, 82, 264, 11250, 3),
(30, 82, 270, 11350, 4),
(31, 83, 238, 11000, 1),
(32, 84, 247, 10240, 1),
(33, 84, 271, 11600, 2),
(34, 85, 185, 11000, 1),
(35, 86, 158, 11000, 1),
(36, 87, 198, 10700, 1),
(37, 87, 214, 11300, 2),
(38, 88, 369, 20350, 1),
(39, 88, 369, 20350, 2),
(40, 89, 135, 10700, 1),
(41, 90, 347, 11400, 1),
(42, 91, 470, 21830, 1),
(43, 92, 241, 11500, 1),
(44, 92, 249, 11500, 2),
(45, 92, 238, 11500, 3),
(46, 92, 250, 11500, 4),
(47, 93, 256, 12100, 1),
(48, 93, 255, 12100, 2),
(49, 94, 263, 12100, 1),
(50, 94, 266, 12100, 2),
(51, 94, 260, 11881, 3),
(52, 94, 252, 11500, 4),
(53, 95, 291, 11500, 1),
(54, 95, 290, 11500, 2),
(55, 96, 279, 11500, 1),
(56, 96, 278, 11500, 2),
(57, 97, 304, 11500, 1),
(58, 98, 300, 11500, 1),
(59, 98, 278, 10670, 2),
(60, 99, 227, 11000, 1),
(61, 100, 256, 12200, 1),
(62, 100, 255, 11500, 2),
(63, 100, 256, 12550, 3),
(64, 100, 256, 12550, 4),
(65, 101, 318, 11000, 1),
(66, 101, 318, 11000, 2),
(67, 102, 296, 11000, 1),
(68, 102, 297, 11000, 2),
(69, 103, 304, 12200, 1),
(70, 104, 297, 11000, 1),
(75, 107, 218, 12100, 1),
(76, 107, 218, 12100, 2),
(77, 108, 262, 11300, 1),
(78, 108, 258, 11300, 2),
(79, 109, 295, 11300, 1),
(80, 109, 297, 11300, 2),
(81, 109, 285, 10817, 3),
(82, 109, 283, 10817, 4),
(83, 110, 284, 11151, 1),
(84, 110, 297, 11300, 2),
(85, 110, 298, 11300, 3),
(86, 110, 297, 11300, 4),
(87, 111, 252, 11300, 1),
(88, 111, 254, 11300, 2),
(89, 112, 248, 11300, 1),
(90, 113, 295, 11300, 1),
(91, 113, 285, 10817, 2),
(92, 113, 297, 11300, 3),
(93, 113, 283, 10817, 4),
(94, 114, 170, 12100, 1),
(95, 114, 178, 12100, 2),
(96, 114, 176, 12100, 3),
(97, 115, 170, 12100, 1),
(98, 115, 178, 12100, 2),
(99, 115, 176, 12100, 3),
(100, 116, 159, 6900, 1),
(101, 116, 162, 6900, 2),
(102, 117, 134, 7800, 1),
(103, 117, 133, 7800, 2),
(104, 118, 170, 6300, 1),
(105, 118, 173, 6300, 2),
(106, 119, 157, 6900, 1),
(107, 119, 156, 6900, 2),
(108, 119, 156, 6900, 3),
(109, 119, 157, 6900, 4),
(110, 120, 150, 5533, 1),
(111, 120, 150, 5533, 2),
(112, 121, 119, 6300, 1),
(113, 121, 119, 6300, 2),
(114, 121, 118, 6300, 3),
(115, 121, 118, 6300, 4),
(116, 121, 119, 6300, 5),
(117, 121, 118, 6300, 6),
(118, 122, 171, 6297, 1),
(119, 122, 170, 6297, 2),
(120, 123, 233, 6280, 1),
(121, 123, 235, 6300, 2),
(122, 124, 233, 6280, 1),
(123, 124, 235, 6300, 2),
(124, 125, 196, 6900, 1),
(125, 125, 196, 6900, 2),
(126, 126, 135, 7800, 1),
(127, 127, 149, 5985, 1),
(128, 127, 138, 5533, 2),
(129, 127, 157, 6300, 3),
(130, 127, 158, 6297, 4),
(131, 128, 153, 6800, 1),
(132, 129, 170, 6300, 1),
(133, 130, 236, 6300, 1),
(134, 130, 235, 6300, 2),
(135, 131, 222, 6800, 1),
(136, 131, 219, 6724, 2),
(137, 132, 470, 21830, 1),
(138, 133, 328, 9500, 1),
(139, 134, 176, 9900, 1),
(140, 134, 203, 11500, 2),
(141, 134, 203, 11500, 3),
(142, 135, 224, 9600, 1),
(143, 135, 182, 7800, 2),
(144, 135, 224, 9600, 3),
(145, 135, 223, 9600, 4),
(146, 136, 222, 12000, 1),
(147, 136, 207, 11110, 2),
(148, 136, 207, 11270, 3),
(149, 136, 222, 12000, 4),
(150, 137, 200, 8715, 1),
(151, 137, 203, 8800, 2),
(152, 137, 202, 8790, 3),
(153, 138, 155, 8909, 1),
(154, 139, 165, 9000, 1),
(155, 140, 118, 6100, 1),
(156, 140, 178, 9400, 2),
(157, 140, 165, 8180, 3),
(158, 141, 263, 9000, 1),
(159, 142, 178, 9300, 1),
(160, 142, 171, 8932, 2),
(161, 143, 155, 8300, 1),
(162, 143, 155, 8300, 2),
(163, 143, 156, 8300, 3),
(164, 143, 156, 8300, 4),
(165, 144, 190, 6300, 1),
(166, 144, 194, 6417, 2),
(167, 145, 165, 9000, 1),
(168, 145, 151, 8200, 2),
(169, 145, 165, 9000, 3),
(170, 145, 170, 9000, 4),
(171, 146, 168, 9600, 1),
(172, 146, 168, 9600, 2),
(173, 146, 157, 8976, 3),
(174, 146, 174, 9600, 4),
(175, 147, 178, 5440, 1),
(176, 147, 208, 6300, 2),
(177, 148, 183, 8000, 1),
(178, 148, 184, 8000, 2),
(179, 149, 185, 7057, 1),
(180, 149, 185, 7057, 2),
(181, 150, 174, 9600, 1),
(182, 151, 209, 9400, 1),
(183, 151, 209, 9400, 2),
(184, 152, 214, 12000, 1),
(185, 153, 119, 3900, 1),
(186, 153, 119, 3900, 2),
(187, 154, 145, 5400, 1),
(188, 154, 145, 5400, 2),
(189, 154, 145, 5400, 3),
(190, 155, 155, 5600, 1),
(191, 156, 164, 2650, 1),
(192, 156, 164, 2650, 2),
(193, 156, 164, 2650, 3),
(194, 157, 223, 8900, 1),
(195, 158, 220, 11300, 1),
(196, 158, 205, 12000, 2),
(197, 159, 257, 9600, 1),
(198, 159, 255, 9600, 2),
(199, 160, 235, 11000, 1),
(200, 161, 203, 8300, 1),
(201, 162, 172, 14500, 1),
(202, 163, 160, 11000, 1),
(203, 164, 353, 18000, 1),
(204, 165, 355, 18000, 1),
(205, 166, 255, 18000, 1),
(206, 167, 255, 18000, 1),
(207, 167, 255, 18000, 2),
(208, 168, 184, 9000, 1),
(209, 169, 355, 18000, 1),
(210, 170, 250, 9442, 1),
(211, 171, 153, 8838, 1),
(212, 171, 153, 8838, 2),
(213, 172, 292, 10900, 1),
(214, 172, 294, 10900, 2),
(215, 172, 304, 11300, 3),
(216, 172, 302, 11300, 4),
(217, 173, 225, 11300, 1),
(218, 173, 226, 11300, 2),
(219, 173, 227, 11300, 3),
(220, 173, 229, 11300, 4),
(221, 173, 203, 10150, 5),
(222, 174, 164, 10940, 1),
(223, 174, 165, 11000, 2),
(224, 174, 164, 11000, 3),
(225, 174, 164, 11000, 4),
(226, 174, 163, 11000, 5),
(227, 174, 164, 11000, 6),
(228, 175, 127, 11000, 1),
(229, 175, 133, 10940, 2),
(230, 175, 127, 11000, 3),
(231, 175, 127, 11000, 4),
(232, 175, 127, 11000, 5),
(233, 175, 127, 11000, 6),
(234, 176, 121, 6200, 1),
(235, 176, 120, 6200, 2),
(236, 176, 122, 6200, 3),
(237, 176, 122, 6200, 4),
(238, 177, 124, 10740, 1),
(239, 177, 128, 11000, 2),
(240, 177, 127, 11000, 3),
(241, 178, 253, 4500, 1),
(242, 179, 173, 5600, 1),
(243, 180, 167, 6300, 1),
(244, 180, 166, 6300, 2),
(245, 181, 219, 11300, 1),
(246, 181, 219, 11300, 2),
(247, 182, 230, 11000, 1),
(248, 183, 219, 11239, 1),
(249, 183, 219, 11300, 2),
(250, 183, 219, 11300, 3),
(251, 184, 223, 8900, 1),
(252, 185, 224, 8900, 1),
(253, 186, 298, 5400, 1),
(254, 187, 185, 11400, 1),
(255, 188, 299, 5400, 1),
(256, 189, 169, 9000, 1),
(257, 189, 169, 9000, 2),
(258, 189, 183, 9650, 3),
(259, 189, 169, 9000, 4),
(260, 189, 184, 9650, 5),
(261, 189, 183, 9650, 6),
(262, 190, 222, 6800, 1),
(263, 190, 219, 6724, 2),
(264, 191, 315, 9500, 1),
(265, 192, 216, 9240, 1),
(266, 192, 212, 8800, 2),
(267, 192, 207, 8800, 3),
(268, 192, 207, 8800, 4),
(271, 194, 198, 6297, 1),
(272, 194, 197, 6297, 2),
(273, 195, 181, 6900, 1),
(274, 195, 181, 6900, 2),
(275, 195, 180, 6900, 3),
(276, 195, 181, 6900, 4),
(277, 196, 178, 6100, 1),
(278, 197, 206, 9000, 1),
(279, 197, 205, 9000, 2),
(280, 198, 211, 11130, 1),
(281, 198, 215, 11300, 2),
(282, 198, 215, 11300, 3),
(283, 198, 210, 11060, 4),
(284, 199, 252, 11300, 1),
(285, 199, 251, 11300, 2),
(286, 200, 173, 9000, 1),
(287, 200, 176, 8869, 2),
(288, 200, 157, 8200, 3),
(289, 201, 119, 6300, 1),
(290, 201, 120, 6300, 2),
(291, 202, 299, 5400, 1),
(292, 203, 205, 6285, 1),
(293, 203, 206, 6300, 2),
(294, 203, 205, 6300, 3),
(295, 204, 240, 9100, 1),
(296, 204, 239, 9100, 2),
(297, 205, 220, 11174, 1),
(298, 205, 247, 11379, 2),
(299, 205, 245, 11300, 3),
(300, 205, 245, 11300, 4),
(301, 206, 220, 11174, 1),
(302, 206, 247, 11379, 2),
(303, 206, 245, 11300, 3),
(304, 206, 245, 11300, 4),
(305, 207, 169, 6380, 1),
(306, 207, 168, 6380, 2),
(307, 207, 168, 6300, 3),
(308, 207, 166, 6300, 4),
(309, 208, 213, 6200, 1),
(310, 208, 212, 6170, 2),
(311, 209, 117, 7200, 1),
(312, 209, 117, 7200, 2),
(313, 209, 117, 7200, 3),
(314, 209, 117, 7200, 4),
(315, 210, 235, 6300, 1),
(316, 210, 232, 6300, 2),
(317, 211, 240, 6300, 1),
(318, 211, 236, 6300, 2),
(319, 212, 96, 3600, 1),
(320, 212, 94, 3400, 2),
(321, 212, 96, 3600, 3),
(322, 212, 96, 3600, 4),
(323, 213, 151, 5500, 1),
(324, 213, 151, 5500, 2),
(325, 213, 151, 5500, 3),
(326, 213, 151, 5500, 4),
(327, 214, 125, 6640, 1),
(328, 214, 128, 6700, 2),
(329, 214, 126, 6700, 3),
(330, 215, 208, 8300, 1),
(331, 216, 154, 7360, 1),
(332, 216, 155, 7355, 2),
(333, 216, 151, 7260, 3),
(334, 216, 152, 7240, 4),
(335, 217, 266, 3300, 1),
(336, 217, 266, 3300, 2),
(337, 218, 220, 5800, 1),
(338, 218, 220, 5800, 2),
(339, 219, 155, 5500, 1),
(340, 219, 155, 5500, 2),
(341, 220, 150, 5500, 1),
(342, 220, 150, 5500, 2),
(343, 220, 150, 5500, 3),
(344, 220, 150, 5500, 4),
(345, 221, 226, 5900, 1),
(346, 221, 226, 5900, 2),
(347, 221, 226, 5900, 3),
(348, 221, 226, 5900, 4),
(349, 222, 120, 10700, 1),
(350, 222, 120, 10700, 2),
(351, 222, 111, 9880, 3),
(352, 222, 125, 11000, 4),
(353, 223, 248, 8000, 1),
(354, 224, 200, 8500, 1),
(355, 224, 200, 8500, 2),
(356, 225, 283, 11000, 1),
(357, 225, 270, 10530, 2),
(358, 226, 281, 11000, 1),
(359, 226, 281, 11000, 2),
(360, 227, 283, 11000, 1),
(361, 227, 285, 11000, 2),
(362, 228, 187, 6200, 1),
(363, 229, 334, 9700, 1),
(364, 229, 330, 9700, 2),
(365, 230, 290, 11500, 1),
(366, 231, 161, 7000, 1),
(367, 231, 161, 7000, 2),
(368, 231, 161, 7000, 3),
(369, 232, 154, 7350, 1),
(370, 232, 155, 7350, 2),
(371, 233, 172, 6900, 1),
(372, 233, 165, 6900, 2),
(373, 234, 165, 7823, 1),
(374, 234, 167, 7350, 2),
(375, 235, 161, 11600, 1),
(376, 235, 148, 10702, 2),
(377, 235, 162, 11600, 3),
(378, 235, 162, 11600, 4),
(379, 235, 161, 11600, 5),
(380, 235, 162, 11600, 6),
(381, 236, 157, 10940, 1),
(382, 236, 158, 11000, 2),
(383, 236, 157, 11000, 3),
(384, 236, 157, 11000, 4),
(385, 236, 157, 11000, 5),
(386, 236, 157, 11000, 6),
(387, 237, 116, 10000, 1),
(388, 237, 117, 10000, 2),
(389, 237, 116, 10000, 3),
(390, 237, 134, 11600, 4),
(391, 237, 122, 10600, 5),
(392, 238, 225, 11300, 1),
(393, 238, 218, 10965, 2),
(394, 238, 214, 10740, 3),
(395, 239, 246, 11000, 1),
(396, 239, 252, 11300, 2),
(397, 240, 220, 5300, 1),
(398, 241, 192, 7250, 1),
(399, 241, 195, 7300, 2),
(400, 241, 195, 7300, 3),
(401, 242, 163, 9100, 1),
(402, 242, 163, 9100, 2),
(403, 242, 163, 9100, 3),
(404, 242, 163, 9100, 4),
(405, 243, 164, 7265, 1),
(406, 243, 166, 7368, 2),
(407, 244, 169, 11030, 1),
(408, 245, 254, 11000, 1),
(409, 245, 255, 11000, 2),
(410, 246, 259, 5660, 1),
(411, 246, 275, 6000, 2),
(412, 246, 274, 6000, 3),
(413, 247, 169, 7300, 1),
(414, 247, 169, 7300, 2),
(415, 247, 169, 7300, 3),
(416, 248, 206, 6300, 1),
(417, 248, 205, 6300, 2),
(418, 249, 128, 11000, 1),
(419, 249, 129, 11700, 2),
(420, 250, 242, 11600, 1),
(421, 250, 239, 11500, 2),
(422, 250, 238, 11500, 3),
(423, 251, 181, 5600, 1),
(424, 251, 181, 5600, 2),
(425, 252, 181, 5600, 1),
(426, 252, 181, 5600, 2),
(427, 253, 384, 17400, 1),
(428, 254, 302, 11300, 1),
(429, 255, 297, 11138, 1),
(430, 255, 306, 11300, 2),
(431, 256, 215, 11400, 1),
(432, 256, 215, 11400, 2),
(433, 257, 154, 7285, 1),
(434, 257, 70, 3138, 2),
(435, 258, 144, 11000, 1),
(436, 258, 143, 10895, 2),
(437, 259, 308, 11000, 1),
(438, 259, 305, 10800, 2),
(439, 260, 133, 5500, 1),
(440, 260, 133, 5500, 2),
(441, 260, 135, 5500, 3),
(442, 260, 133, 5500, 4),
(443, 261, 249, 10700, 1),
(444, 261, 238, 10500, 2),
(445, 262, 314, 11000, 1),
(446, 262, 315, 11000, 2),
(447, 263, 279, 11000, 1),
(448, 263, 279, 11000, 2),
(449, 264, 281, 11000, 1),
(450, 265, 297, 11000, 1),
(451, 265, 297, 11000, 2),
(452, 266, 157, 5400, 1),
(453, 266, 163, 5500, 2),
(454, 266, 159, 5500, 3),
(455, 267, 230, 7400, 1),
(456, 268, 230, 7400, 1),
(457, 269, 117, 11600, 1),
(458, 269, 95, 9500, 2),
(459, 269, 123, 12200, 3),
(460, 269, 112, 11188, 4),
(461, 270, 254, 7350, 1),
(462, 271, 334, 9500, 1),
(463, 272, 292, 8550, 1),
(464, 272, 318, 9300, 2),
(465, 273, 164, 11000, 1),
(466, 273, 161, 10740, 2),
(467, 273, 165, 11000, 3),
(468, 274, 243, 5800, 1),
(469, 275, 154, 6190, 1),
(470, 276, 154, 6190, 1),
(471, 277, 148, 6100, 1),
(472, 277, 148, 6042, 2),
(473, 278, 259, 9375, 1),
(474, 278, 265, 9375, 2),
(475, 278, 262, 9375, 3),
(476, 279, 239, 7670, 1),
(477, 279, 220, 7030, 2),
(478, 279, 224, 7160, 3),
(479, 280, 173, 6650, 1),
(480, 281, 176, 6800, 1),
(481, 281, 176, 6800, 2),
(482, 282, 127, 5000, 1),
(483, 283, 275, 11000, 1),
(484, 283, 274, 11000, 2),
(485, 284, 263, 10906, 1),
(486, 284, 264, 11000, 2),
(487, 285, 201, 6800, 1),
(488, 285, 201, 6800, 2),
(489, 285, 201, 6800, 3),
(490, 285, 201, 6800, 4),
(491, 286, 207, 7350, 1),
(492, 286, 207, 7350, 2),
(493, 286, 207, 7350, 3),
(494, 287, 289, 11000, 1),
(495, 287, 289, 11000, 2),
(496, 288, 187, 11300, 1),
(497, 288, 187, 11300, 2),
(498, 289, 187, 11300, 1),
(499, 289, 187, 11300, 2),
(500, 289, 166, 10070, 3),
(501, 289, 166, 10070, 4),
(502, 289, 187, 11300, 5),
(503, 289, 187, 11300, 6),
(504, 290, 186, 11300, 1),
(505, 290, 187, 11300, 2),
(506, 290, 187, 11300, 3),
(507, 290, 186, 11300, 4),
(508, 290, 186, 11300, 5),
(509, 290, 185, 11300, 6),
(510, 291, 208, 5800, 1),
(511, 291, 209, 5800, 2),
(512, 292, 183, 5800, 1),
(513, 292, 184, 5800, 2),
(514, 293, 183, 5800, 1),
(515, 293, 180, 5800, 2),
(516, 294, 183, 5800, 1),
(517, 294, 183, 5800, 2),
(518, 295, 206, 5800, 1),
(519, 295, 206, 5800, 2),
(520, 296, 206, 5800, 1),
(521, 296, 206, 5800, 2),
(522, 297, 185, 10400, 1),
(523, 297, 188, 10400, 2),
(524, 298, 242, 10500, 1),
(525, 298, 240, 10500, 2),
(526, 299, 188, 11000, 1),
(527, 299, 178, 10400, 2),
(528, 299, 181, 10400, 3),
(529, 299, 190, 11000, 4),
(530, 300, 261, 10000, 1),
(531, 301, 304, 11000, 1),
(532, 301, 282, 11000, 2),
(533, 302, 148, 10400, 1),
(534, 302, 157, 11000, 2),
(535, 302, 156, 11000, 3),
(536, 302, 146, 11000, 4),
(537, 303, 157, 11000, 1),
(538, 304, 197, 10400, 1),
(539, 304, 197, 10600, 2),
(540, 305, 192, 11000, 1),
(541, 305, 193, 11000, 2),
(542, 306, 136, 10400, 1),
(543, 307, 155, 11000, 1),
(544, 307, 149, 10400, 2),
(545, 307, 148, 11000, 3),
(546, 307, 157, 10400, 4),
(547, 308, 254, 7000, 1),
(548, 308, 239, 6500, 2),
(549, 308, 237, 6500, 3),
(550, 308, 255, 7000, 4),
(551, 309, 233, 7000, 1),
(552, 309, 232, 7000, 2),
(553, 309, 233, 7000, 3),
(554, 309, 218, 6500, 4),
(555, 310, 207, 9600, 1),
(556, 310, 206, 9600, 2),
(557, 310, 195, 9000, 3),
(558, 310, 207, 9600, 4),
(559, 311, 219, 6600, 1),
(560, 311, 232, 7000, 2),
(561, 311, 232, 7000, 3),
(562, 311, 233, 7000, 4),
(563, 312, 172, 9500, 1),
(564, 312, 176, 9600, 2),
(565, 312, 166, 9000, 3),
(566, 312, 176, 9600, 4),
(567, 313, 273, 7000, 1),
(568, 313, 273, 7000, 2),
(569, 313, 272, 7000, 3),
(570, 313, 260, 6670, 4),
(571, 314, 287, 7000, 1),
(572, 314, 287, 7000, 2),
(573, 314, 287, 7000, 3),
(574, 314, 267, 6500, 4),
(575, 315, 146, 6500, 1),
(576, 315, 155, 7000, 2),
(577, 315, 155, 7000, 3),
(578, 315, 155, 7000, 4),
(579, 316, 283, 7000, 1),
(580, 316, 261, 6400, 2),
(581, 316, 281, 7000, 3),
(582, 316, 253, 6300, 4),
(583, 317, 163, 6600, 1),
(584, 317, 166, 6600, 2),
(585, 318, 232, 6800, 1),
(586, 318, 231, 6800, 2),
(587, 318, 232, 6800, 3),
(588, 318, 214, 6200, 4),
(589, 319, 174, 9000, 1),
(590, 319, 184, 9600, 2),
(591, 319, 185, 9600, 3),
(592, 319, 185, 9600, 4),
(593, 320, 166, 9000, 1),
(594, 320, 176, 9600, 2),
(595, 320, 176, 9600, 3),
(596, 320, 177, 9600, 4),
(597, 321, 273, 6500, 1),
(598, 321, 289, 7000, 2),
(599, 321, 290, 7000, 3),
(600, 321, 289, 7000, 4),
(601, 322, 265, 7000, 1),
(602, 323, 174, 7000, 1),
(603, 323, 176, 7000, 2),
(604, 323, 175, 7000, 3),
(605, 323, 175, 7000, 4),
(606, 324, 165, 7000, 1),
(607, 324, 153, 6500, 2),
(608, 324, 153, 6500, 3),
(609, 324, 165, 7000, 4),
(610, 325, 121, 6700, 1),
(611, 325, 128, 7200, 2),
(612, 325, 156, 8700, 3),
(613, 325, 172, 9600, 4),
(614, 326, 172, 9600, 1),
(615, 326, 162, 9000, 2),
(616, 326, 172, 9600, 3),
(617, 326, 172, 9600, 4),
(618, 327, 203, 6950, 1),
(619, 327, 193, 6600, 2),
(620, 327, 204, 6950, 3),
(621, 327, 203, 6900, 4),
(622, 328, 171, 7000, 1),
(623, 328, 168, 7000, 2),
(624, 328, 173, 7000, 3),
(625, 328, 162, 6500, 4),
(626, 329, 232, 7000, 1),
(627, 329, 232, 7000, 2),
(628, 329, 210, 6500, 3),
(629, 329, 230, 6900, 4),
(630, 330, 264, 6600, 1),
(631, 330, 281, 7000, 2),
(632, 330, 278, 7000, 3),
(633, 330, 268, 6600, 4),
(634, 331, 202, 5900, 1),
(635, 331, 203, 5900, 2),
(636, 331, 202, 5900, 3),
(637, 331, 202, 5900, 4),
(638, 332, 202, 5900, 1),
(639, 333, 192, 5900, 1),
(640, 334, 204, 5900, 1),
(641, 334, 203, 5900, 2),
(642, 334, 204, 5900, 3),
(643, 334, 204, 5900, 4),
(644, 335, 185, 5900, 1),
(645, 335, 186, 5900, 2),
(646, 335, 185, 5900, 3),
(647, 335, 185, 5900, 4),
(648, 335, 185, 5900, 5),
(649, 336, 190, 5900, 1),
(650, 336, 190, 5900, 2),
(651, 336, 190, 5900, 3),
(652, 336, 190, 5900, 4),
(653, 336, 190, 5900, 5),
(654, 337, 159, 8700, 1),
(655, 337, 158, 8700, 2),
(656, 337, 166, 9200, 3),
(657, 337, 131, 7200, 4),
(658, 337, 167, 9300, 5),
(659, 337, 167, 9300, 6),
(660, 338, 144, 9100, 1),
(661, 338, 144, 9100, 2),
(662, 338, 115, 7200, 3),
(663, 338, 145, 9200, 4),
(664, 338, 146, 9300, 5),
(665, 338, 147, 9300, 6),
(666, 339, 145, 7400, 1),
(667, 339, 143, 7350, 2),
(668, 340, 157, 8700, 1),
(669, 340, 157, 8700, 2),
(670, 340, 164, 9100, 3),
(671, 340, 164, 9100, 4),
(672, 340, 165, 9100, 5),
(673, 340, 164, 9100, 6),
(674, 341, 239, 10700, 1),
(675, 341, 244, 10900, 2),
(676, 341, 234, 10450, 3),
(678, 342, 154, 7400, 1),
(679, 342, 155, 7350, 2),
(680, 343, 158, 10950, 1),
(681, 343, 160, 11000, 2),
(682, 344, 160, 11000, 1),
(683, 344, 167, 11500, 2),
(684, 345, 160, 11000, 1),
(685, 345, 159, 11000, 2),
(686, 345, 157, 10800, 3),
(687, 345, 168, 11500, 4),
(688, 346, 240, 11000, 1),
(689, 346, 252, 11500, 2),
(690, 346, 240, 11000, 3),
(691, 346, 237, 10800, 4),
(692, 347, 153, 7200, 1),
(693, 347, 153, 7200, 2),
(694, 347, 155, 7300, 3),
(695, 347, 155, 7300, 4),
(696, 348, 153, 7300, 1),
(697, 348, 154, 7300, 2),
(698, 348, 154, 7200, 3),
(699, 348, 154, 7300, 4),
(700, 349, 135, 8800, 1),
(701, 349, 135, 8800, 2),
(702, 350, 136, 8800, 1),
(703, 350, 136, 8800, 2),
(704, 351, 156, 7500, 1),
(705, 351, 156, 7500, 2),
(706, 351, 156, 7500, 3),
(707, 351, 156, 7500, 4),
(708, 351, 156, 7500, 5),
(709, 351, 156, 7500, 6),
(710, 352, 209, 7400, 1),
(711, 352, 209, 7400, 2),
(712, 353, 261, 8800, 1),
(713, 353, 260, 8800, 2),
(714, 354, 261, 8800, 1),
(715, 354, 261, 8800, 2),
(716, 355, 160, 6600, 1),
(717, 356, 164, 6800, 1),
(718, 356, 164, 6800, 2),
(719, 357, 136, 8800, 1),
(720, 357, 136, 8800, 2),
(721, 358, 136, 8800, 1),
(722, 358, 135, 8800, 2),
(729, 361, 96, 3515, 1),
(730, 361, 96, 3515, 2);

-- --------------------------------------------------------

--
-- Структура таблицы `pallet_roll_status_history`
--

CREATE TABLE `pallet_roll_status_history` (
  `id` int(11) NOT NULL,
  `pallet_roll_id` int(11) NOT NULL,
  `date` timestamp NOT NULL DEFAULT CURRENT_TIMESTAMP,
  `status_id` int(11) NOT NULL,
  `user_id` int(11) NOT NULL
) ENGINE=InnoDB DEFAULT CHARSET=utf8mb4;

--
-- Дамп данных таблицы `pallet_roll_status_history`
--

INSERT INTO `pallet_roll_status_history` (`id`, `pallet_roll_id`, `date`, `status_id`, `user_id`) VALUES
(68, 61, '2021-05-06 14:19:02', 2, 120),
(69, 61, '2021-05-06 14:19:27', 1, 120),
(70, 35, '2021-05-11 11:51:26', 2, 122),
(71, 205, '2021-05-12 12:06:32', 2, 124),
(72, 204, '2021-05-12 12:13:39', 2, 124),
(73, 262, '2021-05-13 07:04:18', 2, 124),
(74, 297, '2021-05-13 10:23:52', 2, 124),
(75, 298, '2021-05-13 10:24:12', 2, 124),
(76, 299, '2021-05-13 10:24:30', 2, 124),
(77, 300, '2021-05-13 10:24:45', 2, 124),
(78, 263, '2021-05-14 10:46:46', 2, 124),
(79, 175, '2021-05-17 09:47:26', 2, 122),
(80, 176, '2021-05-17 09:47:37', 2, 122),
(81, 371, '2021-05-17 09:48:21', 2, 122),
(82, 372, '2021-05-17 09:48:48', 2, 122),
(83, 292, '2021-05-17 09:50:18', 2, 122),
(84, 294, '2021-05-17 09:50:31', 2, 122),
(85, 293, '2021-05-17 09:51:03', 2, 122),
(86, 135, '2021-05-17 09:51:21', 2, 122),
(87, 368, '2021-05-17 09:52:01', 2, 122),
(88, 182, '2021-05-17 09:52:30', 2, 122),
(89, 183, '2021-05-17 09:52:47', 2, 122),
(90, 248, '2021-05-17 09:55:57', 2, 122),
(91, 249, '2021-05-17 09:56:06', 2, 122),
(92, 250, '2021-05-17 09:56:19', 2, 122),
(93, 177, '2021-05-17 10:01:24', 2, 122),
(94, 178, '2021-05-17 10:01:33', 2, 122),
(95, 366, '2021-05-17 10:02:35', 2, 122),
(96, 358, '2021-05-18 14:06:21', 2, 122),
(97, 122, '2021-05-18 14:08:17', 2, 122),
(98, 123, '2021-05-18 14:08:27', 2, 122),
(99, 90, '2021-05-18 14:09:01', 2, 124),
(100, 166, '2021-05-18 14:09:02', 2, 122),
(101, 265, '2021-05-18 14:09:36', 2, 122),
(102, 266, '2021-05-18 14:09:47', 2, 122),
(103, 93, '2021-05-18 14:10:05', 2, 124),
(104, 92, '2021-05-18 14:10:18', 2, 124),
(105, 91, '2021-05-18 14:10:30', 2, 124),
(106, 124, '2021-05-18 14:14:17', 2, 122),
(107, 125, '2021-05-18 14:14:26', 2, 122),
(108, 118, '2021-05-18 14:15:06', 2, 122),
(109, 119, '2021-05-18 14:15:12', 2, 122),
(110, 110, '2021-05-18 14:15:56', 2, 122),
(111, 111, '2021-05-18 14:16:04', 2, 122),
(112, 353, '2021-05-18 14:16:55', 2, 122),
(113, 138, '2021-05-20 11:00:17', 2, 122),
(114, 264, '2021-05-20 11:00:39', 2, 122),
(115, 5, '2021-05-20 11:01:58', 2, 122),
(116, 4, '2021-05-20 11:02:13', 2, 122),
(117, 158, '2021-05-20 11:03:40', 2, 122),
(118, 268, '2021-05-20 11:04:02', 2, 122),
(119, 267, '2021-05-20 11:04:10', 2, 122),
(120, 359, '2021-05-20 11:06:42', 2, 122),
(121, 354, '2021-05-20 11:07:25', 2, 122),
(122, 355, '2021-05-20 11:07:35', 2, 122),
(123, 425, '2021-05-20 11:09:35', 2, 122),
(124, 426, '2021-05-20 11:09:42', 2, 122),
(125, 423, '2021-05-20 11:14:03', 2, 122),
(126, 424, '2021-05-20 11:14:20', 2, 122),
(127, 410, '2021-05-24 11:00:19', 2, 122),
(128, 411, '2021-05-24 11:00:27', 2, 122),
(129, 412, '2021-05-24 11:00:34', 2, 122),
(130, 305, '2021-05-24 11:02:20', 2, 122),
(131, 306, '2021-05-24 11:02:27', 2, 122),
(132, 307, '2021-05-24 11:02:34', 2, 122),
(133, 308, '2021-05-24 11:02:40', 2, 122),
(134, 190, '2021-05-24 11:18:28', 2, 122),
(135, 340, '2021-05-24 11:18:46', 2, 122),
(136, 391, '2021-05-24 11:20:08', 2, 122),
(137, 388, '2021-05-24 11:20:19', 2, 122),
(138, 389, '2021-05-24 11:20:30', 2, 122),
(139, 181, '2021-05-24 11:21:50', 2, 122),
(140, 154, '2021-05-24 11:22:07', 2, 122),
(141, 401, '2021-05-24 11:22:26', 2, 122),
(142, 403, '2021-05-24 11:22:41', 2, 122),
(143, 404, '2021-05-24 11:22:56', 2, 122),
(144, 253, '2021-05-24 11:27:03', 2, 122),
(145, 291, '2021-05-24 11:27:15', 2, 122),
(146, 255, '2021-05-24 11:27:37', 2, 122),
(147, 221, '2021-05-24 12:21:16', 2, 122),
(148, 220, '2021-05-24 12:21:29', 2, 122),
(149, 217, '2021-05-24 12:21:44', 2, 122),
(150, 218, '2021-05-24 12:21:56', 2, 122),
(151, 408, '2021-05-24 12:22:37', 2, 122),
(152, 409, '2021-05-24 12:23:27', 2, 122),
(153, 395, '2021-05-24 12:24:22', 2, 122),
(154, 396, '2021-05-24 12:24:36', 2, 122),
(155, 209, '2021-05-25 07:02:43', 2, 122),
(156, 245, '2021-05-25 07:04:40', 2, 122),
(157, 246, '2021-05-25 07:04:51', 2, 122),
(158, 211, '2021-05-25 07:08:42', 2, 122),
(159, 212, '2021-05-25 07:08:56', 2, 122),
(160, 402, '2021-05-25 07:09:04', 2, 122),
(161, 469, '2021-05-26 06:10:15', 2, 122),
(162, 491, '2021-05-27 07:54:11', 2, 122),
(163, 492, '2021-05-27 07:54:30', 2, 122),
(164, 493, '2021-05-27 07:54:41', 2, 122),
(165, 418, '2021-05-27 07:59:33', 2, 122),
(166, 419, '2021-05-27 08:00:06', 2, 122),
(167, 331, '2021-05-27 08:02:03', 2, 122),
(168, 373, '2021-05-27 09:55:17', 2, 122),
(169, 333, '2021-05-27 09:55:51', 2, 122),
(170, 251, '2021-05-27 10:07:47', 2, 122),
(171, 252, '2021-05-27 10:07:56', 2, 122),
(172, 75, '2021-05-27 10:08:20', 2, 122),
(173, 76, '2021-05-27 10:08:26', 2, 122),
(174, 420, '2021-05-27 10:09:26', 2, 122),
(175, 421, '2021-05-27 10:09:33', 2, 122),
(176, 422, '2021-05-27 10:09:39', 2, 122),
(177, 471, '2021-05-27 10:10:00', 2, 122),
(178, 472, '2021-05-27 10:10:07', 2, 122),
(179, 470, '2021-05-27 10:10:22', 2, 122),
(180, 273, '2021-05-27 10:11:22', 2, 122),
(181, 274, '2021-05-27 10:11:34', 2, 122),
(182, 276, '2021-05-27 10:11:44', 2, 122),
(183, 275, '2021-05-27 10:11:50', 2, 122),
(184, 416, '2021-05-27 10:12:37', 2, 122),
(185, 417, '2021-05-27 10:12:43', 2, 122),
(186, 191, '2021-05-27 10:14:05', 2, 122),
(187, 193, '2021-05-27 10:14:11', 2, 122),
(188, 192, '2021-05-27 10:14:27', 2, 122),
(189, 468, '2021-05-27 10:15:00', 2, 122),
(190, 278, '2021-05-27 10:16:45', 2, 122),
(191, 279, '2021-05-27 10:16:50', 2, 122),
(192, 413, '2021-05-27 10:17:03', 2, 122),
(193, 415, '2021-05-27 10:17:09', 2, 122),
(194, 414, '2021-05-27 10:17:15', 2, 122),
(195, 498, '2021-05-31 10:35:54', 2, 122),
(196, 499, '2021-05-31 10:36:02', 2, 122),
(197, 500, '2021-05-31 10:36:10', 2, 122),
(198, 501, '2021-05-31 10:36:17', 2, 122),
(199, 502, '2021-05-31 10:36:26', 2, 122),
(200, 503, '2021-05-31 10:36:33', 2, 122),
(201, 508, '2021-05-31 10:37:04', 2, 122),
(202, 509, '2021-05-31 10:37:22', 2, 122),
(203, 222, '2021-05-31 10:37:53', 2, 122),
(204, 224, '2021-05-31 10:38:12', 2, 122),
(205, 225, '2021-05-31 10:38:31', 2, 122),
(206, 226, '2021-05-31 10:39:01', 2, 122),
(207, 504, '2021-05-31 10:41:32', 2, 122),
(208, 506, '2021-05-31 10:41:44', 2, 122),
(209, 507, '2021-05-31 10:41:59', 2, 122),
(210, 512, '2021-05-31 10:42:48', 2, 122),
(211, 513, '2021-05-31 10:45:12', 2, 122),
(212, 326, '2021-05-31 10:45:37', 2, 122),
(213, 324, '2021-05-31 10:45:53', 2, 122),
(214, 165, '2021-05-31 10:55:55', 2, 122),
(215, 117, '2021-05-31 10:56:31', 2, 122),
(216, 473, '2021-05-31 10:57:03', 2, 122),
(217, 407, '2021-05-31 10:57:16', 2, 122),
(218, 239, '2021-05-31 10:57:42', 2, 122),
(219, 240, '2021-05-31 10:57:49', 2, 122),
(220, 114, '2021-05-31 10:58:27', 2, 122),
(221, 116, '2021-05-31 10:58:37', 2, 122),
(222, 113, '2021-05-31 10:58:46', 2, 122),
(223, 112, '2021-05-31 10:58:54', 2, 122),
(224, 115, '2021-05-31 10:59:05', 2, 122),
(225, 376, '2021-05-31 10:59:28', 2, 122),
(226, 150, '2021-05-31 11:05:08', 2, 122),
(227, 481, '2021-05-31 11:05:32', 2, 122),
(228, 479, '2021-05-31 11:05:58', 2, 122),
(229, 480, '2021-05-31 11:06:11', 2, 122),
(230, 234, '2021-06-02 07:42:28', 2, 122),
(231, 235, '2021-06-02 07:43:00', 2, 122),
(232, 236, '2021-06-02 07:43:07', 2, 122),
(233, 237, '2021-06-02 07:43:15', 2, 122),
(234, 132, '2021-06-02 07:43:56', 2, 122),
(235, 104, '2021-06-02 07:44:14', 2, 122),
(236, 105, '2021-06-02 07:44:21', 2, 122),
(237, 367, '2021-06-02 07:44:38', 2, 122),
(238, 223, '2021-06-02 08:46:18', 2, 122),
(239, 510, '2021-06-03 10:36:25', 2, 122),
(240, 286, '2021-06-03 10:37:44', 2, 122),
(241, 580, '2021-06-03 10:38:14', 2, 122),
(242, 629, '2021-06-03 10:38:42', 2, 122),
(243, 573, '2021-06-03 10:39:00', 2, 122),
(244, 574, '2021-06-03 10:39:13', 2, 122),
(245, 571, '2021-06-03 10:39:22', 2, 122),
(246, 572, '2021-06-03 10:39:28', 2, 122),
(247, 626, '2021-06-03 10:39:56', 2, 122),
(248, 628, '2021-06-03 10:40:06', 2, 122),
(249, 11, '2021-06-03 10:40:21', 2, 122),
(250, 627, '2021-06-03 10:40:32', 2, 122),
(251, 106, '2021-06-03 10:45:29', 2, 122),
(252, 587, '2021-06-03 10:47:03', 2, 122),
(253, 588, '2021-06-03 10:47:16', 2, 122),
(254, 586, '2021-06-03 10:47:25', 2, 122),
(255, 585, '2021-06-03 10:47:36', 2, 122),
(256, 301, '2021-06-03 10:47:58', 2, 122),
(257, 338, '2021-06-03 10:48:25', 2, 122),
(258, 475, '2021-06-03 10:49:17', 2, 122),
(259, 474, '2021-06-03 10:49:24', 2, 122),
(260, 369, '2021-06-07 07:21:58', 2, 122),
(261, 332, '2021-06-07 07:22:20', 2, 122),
(262, 518, '2021-06-07 07:22:48', 2, 122),
(263, 280, '2021-06-07 07:23:10', 2, 122),
(264, 660, '2021-06-07 07:24:09', 2, 122),
(265, 661, '2021-06-07 07:24:15', 2, 122),
(266, 662, '2021-06-07 07:24:21', 2, 122),
(267, 663, '2021-06-07 07:24:27', 2, 122),
(268, 664, '2021-06-07 07:24:32', 2, 122),
(269, 665, '2021-06-07 07:24:39', 2, 122),
(270, 511, '2021-06-07 07:25:00', 2, 122),
(271, 281, '2021-06-07 07:25:24', 2, 122),
(272, 323, '2021-06-07 07:26:56', 2, 122),
(273, 370, '2021-06-07 07:27:14', 2, 122),
(274, 457, '2021-06-07 07:30:18', 2, 122),
(275, 460, '2021-06-07 07:30:30', 2, 122),
(276, 375, '2021-06-07 07:31:47', 2, 122),
(277, 171, '2021-06-07 07:32:35', 2, 122),
(278, 172, '2021-06-07 07:32:42', 2, 122),
(279, 173, '2021-06-07 07:32:49', 2, 122),
(280, 174, '2021-06-07 07:32:55', 2, 122),
(281, 197, '2021-06-07 07:33:57', 2, 122),
(282, 198, '2021-06-07 07:34:05', 2, 122),
(283, 405, '2021-06-07 07:36:29', 2, 122),
(284, 489, '2021-06-07 07:38:15', 2, 122),
(285, 487, '2021-06-07 07:39:20', 2, 122),
(286, 490, '2021-06-07 07:39:26', 2, 122),
(287, 560, '2021-06-07 07:39:54', 2, 122),
(288, 561, '2021-06-07 07:40:07', 2, 122),
(289, 559, '2021-06-07 07:40:17', 2, 122),
(290, 108, '2021-06-07 07:40:31', 2, 122),
(291, 288, '2021-06-07 07:40:46', 2, 122),
(292, 109, '2021-06-07 07:40:59', 2, 122),
(293, 194, '2021-06-07 07:41:15', 2, 122),
(294, 675, '2021-06-07 07:41:46', 2, 122),
(295, 674, '2021-06-07 07:41:58', 2, 122),
(296, 676, '2021-06-07 07:42:11', 2, 122),
(297, 495, '2021-06-07 07:42:23', 2, 122),
(298, 36, '2021-06-07 11:06:15', 2, 122),
(299, 37, '2021-06-07 11:06:21', 2, 122),
(300, 120, '2021-06-07 11:07:26', 2, 122),
(301, 284, '2021-06-07 11:08:20', 2, 122),
(302, 542, '2021-06-07 11:09:48', 2, 122),
(303, 89, '2021-06-07 11:10:58', 2, 122),
(304, 12, '2021-06-07 11:11:22', 2, 122),
(305, 406, '2021-06-07 11:15:34', 2, 122),
(306, 488, '2021-06-07 11:23:55', 2, 122),
(307, 455, '2021-06-08 07:46:38', 2, 122),
(308, 456, '2021-06-08 07:46:45', 2, 122),
(309, 705, '2021-06-25 13:04:21', 1, 126),
(310, 204, '2021-07-01 07:54:22', 1, 126),
(311, 406, '2021-07-01 08:24:06', 1, 126),
(312, 705, '2021-07-01 09:01:06', 2, 126),
(313, 705, '2021-07-01 09:01:13', 1, 126),
(314, 705, '2021-07-01 09:01:18', 2, 126),
(315, 705, '2021-07-01 09:01:48', 1, 126),
(316, 705, '2021-07-01 09:01:53', 2, 126),
(317, 716, '2021-07-07 07:40:27', 2, 126),
(319, 156, '2021-07-09 08:01:31', 1, 126);

-- --------------------------------------------------------

--
-- Структура таблицы `raport`
--

CREATE TABLE `raport` (
  `id` int(11) NOT NULL,
  `machine_id` int(11) NOT NULL,
  `value` float(10,3) NOT NULL
) ENGINE=InnoDB DEFAULT CHARSET=utf8mb4;

--
-- Дамп данных таблицы `raport`
--

INSERT INTO `raport` (`id`, `machine_id`, `value`) VALUES
(57, 1, 209.550),
(58, 1, 215.900),
(59, 1, 219.100),
(60, 1, 225.400),
(61, 1, 228.600),
(62, 1, 241.300),
(63, 1, 247.650),
(64, 1, 250.800),
(65, 1, 260.350),
(66, 1, 266.700),
(67, 1, 269.900),
(69, 1, 276.225),
(70, 1, 279.400),
(71, 1, 282.600),
(72, 1, 288.900),
(73, 1, 292.100),
(74, 1, 298.450),
(75, 1, 301.625),
(76, 1, 304.800),
(77, 1, 311.150),
(78, 1, 320.700),
(92, 1, 190.500),
(93, 1, 200.025),
(94, 2, 209.550),
(95, 2, 215.900),
(96, 2, 219.100),
(97, 2, 225.400),
(98, 2, 228.600),
(99, 2, 241.300),
(100, 2, 247.650),
(101, 2, 250.800),
(102, 2, 260.350),
(103, 2, 266.700),
(104, 2, 269.900),
(105, 2, 276.225),
(106, 2, 279.400),
(107, 2, 282.600),
(108, 2, 288.900),
(109, 2, 292.100),
(110, 2, 298.450),
(111, 2, 301.625),
(112, 2, 304.800),
(113, 2, 311.150),
(114, 2, 320.700),
(115, 2, 330.200),
(116, 2, 333.400),
(117, 2, 342.900),
(118, 2, 349.500),
(119, 2, 352.430),
(120, 2, 361.950),
(121, 2, 371.500),
(122, 2, 381.000),
(123, 2, 390.525),
(124, 2, 400.050),
(125, 2, 406.400),
(126, 2, 419.100),
(127, 2, 457.200),
(128, 3, 200.025),
(129, 3, 209.550),
(130, 3, 215.900),
(131, 3, 219.100),
(132, 3, 225.400),
(133, 3, 228.600),
(134, 3, 241.300),
(135, 3, 247.650),
(136, 3, 250.800),
(137, 3, 260.350),
(138, 3, 266.700),
(139, 3, 269.900),
(140, 3, 276.225),
(141, 3, 279.400),
(142, 3, 282.600),
(143, 3, 288.900),
(144, 3, 292.100),
(145, 3, 298.450),
(146, 3, 301.625),
(147, 3, 304.800),
(148, 3, 311.150),
(149, 3, 320.700),
(150, 3, 330.200),
(151, 3, 333.400),
(152, 3, 342.900),
(153, 3, 349.250),
(154, 3, 352.430),
(155, 3, 361.950),
(156, 3, 371.500),
(157, 3, 381.000),
(158, 3, 390.525),
(159, 3, 400.050),
(160, 3, 406.400),
(161, 3, 419.100),
(162, 4, 380.000),
(163, 4, 390.000),
(164, 4, 410.000),
(165, 4, 420.000),
(166, 4, 430.000),
(167, 4, 450.000),
(168, 4, 460.000),
(169, 4, 500.000),
(170, 4, 510.000),
(171, 4, 520.000),
(172, 4, 540.000),
(173, 4, 550.000),
(174, 4, 560.000),
(175, 4, 570.000),
(176, 4, 580.000),
(177, 4, 590.000),
(178, 4, 610.000),
(179, 4, 620.000),
(180, 4, 630.000),
(181, 4, 640.000),
(182, 4, 650.000),
(183, 4, 670.000),
(184, 4, 690.000),
(185, 4, 700.000),
(186, 4, 720.000),
(187, 4, 740.000);

-- --------------------------------------------------------

--
-- Структура таблицы `request_calc`
--

CREATE TABLE `request_calc` (
  `id` int(11) NOT NULL,
  `date` timestamp NOT NULL DEFAULT CURRENT_TIMESTAMP,
  `customer_id` int(11) DEFAULT NULL,
  `name` varchar(200) NOT NULL,
  `unit` varchar(10) NOT NULL,
  `quantity` int(11) DEFAULT NULL,
  `work_type_id` int(11) DEFAULT NULL,
  `brand_name` varchar(100) NOT NULL,
  `thickness` int(11) DEFAULT NULL,
  `individual_brand_name` varchar(100) NOT NULL,
  `individual_price` decimal(10,2) DEFAULT NULL,
  `individual_thickness` int(11) DEFAULT NULL,
  `individual_density` double(10,2) DEFAULT NULL,
  `customers_material` tinyint(1) NOT NULL DEFAULT '0',
  `lamination1_brand_name` varchar(100) NOT NULL,
  `lamination1_thickness` int(11) DEFAULT NULL,
  `lamination1_individual_brand_name` varchar(100) NOT NULL,
  `lamination1_individual_price` decimal(10,2) DEFAULT NULL,
  `lamination1_individual_thickness` int(11) DEFAULT NULL,
  `lamination1_individual_density` double(10,2) DEFAULT NULL,
  `lamination1_customers_material` tinyint(1) NOT NULL DEFAULT '0',
  `lamination2_brand_name` varchar(100) NOT NULL,
  `lamination2_thickness` int(11) DEFAULT NULL,
  `lamination2_individual_brand_name` varchar(100) NOT NULL,
  `lamination2_individual_price` decimal(10,2) DEFAULT NULL,
  `lamination2_individual_thickness` int(11) DEFAULT NULL,
  `lamination2_individual_density` double(10,2) DEFAULT NULL,
  `lamination2_customers_material` tinyint(1) NOT NULL DEFAULT '0',
  `streams_number` int(11) DEFAULT NULL,
  `machine_type` varchar(10) DEFAULT NULL,
  `raport_resize` tinyint(1) NOT NULL DEFAULT '0',
  `label_length` double(11,4) DEFAULT NULL,
  `stream_width` int(11) DEFAULT NULL,
  `raport` double(10,3) DEFAULT NULL,
  `number_on_raport` int(11) DEFAULT NULL,
  `lamination_roller_width` int(11) DEFAULT NULL,
  `ink_number` int(11) DEFAULT NULL,
  `manager_id` int(11) DEFAULT NULL,
  `ski_width` int(11) DEFAULT NULL,
  `no_ski` tinyint(1) NOT NULL DEFAULT '0',
  `ink_1` varchar(10) NOT NULL,
  `ink_2` varchar(10) NOT NULL,
  `ink_3` varchar(10) NOT NULL,
  `ink_4` varchar(10) NOT NULL,
  `ink_5` varchar(10) NOT NULL,
  `ink_6` varchar(10) NOT NULL,
  `ink_7` varchar(10) NOT NULL,
  `ink_8` varchar(10) NOT NULL,
  `color_1` int(11) DEFAULT NULL,
  `color_2` int(11) DEFAULT NULL,
  `color_3` int(11) DEFAULT NULL,
  `color_4` int(11) DEFAULT NULL,
  `color_5` int(11) DEFAULT NULL,
  `color_6` int(11) DEFAULT NULL,
  `color_7` int(11) DEFAULT NULL,
  `color_8` int(11) DEFAULT NULL,
  `cmyk_1` varchar(10) NOT NULL,
  `cmyk_2` varchar(10) NOT NULL,
  `cmyk_3` varchar(10) NOT NULL,
  `cmyk_4` varchar(10) NOT NULL,
  `cmyk_5` varchar(10) NOT NULL,
  `cmyk_6` varchar(10) NOT NULL,
  `cmyk_7` varchar(10) NOT NULL,
  `cmyk_8` varchar(10) NOT NULL,
  `percent_1` int(11) DEFAULT NULL,
  `percent_2` int(11) DEFAULT NULL,
  `percent_3` int(11) DEFAULT NULL,
  `percent_4` int(11) DEFAULT NULL,
  `percent_5` int(11) DEFAULT NULL,
  `percent_6` int(11) DEFAULT NULL,
  `percent_7` int(11) DEFAULT NULL,
  `percent_8` int(11) DEFAULT NULL,
  `cliche_1` varchar(10) NOT NULL,
  `cliche_2` varchar(10) NOT NULL,
  `cliche_3` varchar(10) NOT NULL,
  `cliche_4` varchar(10) NOT NULL,
  `cliche_5` varchar(10) NOT NULL,
  `cliche_6` varchar(10) NOT NULL,
  `cliche_7` varchar(10) NOT NULL,
  `cliche_8` varchar(10) NOT NULL,
  `comment` text NOT NULL,
  `confirm` int(11) NOT NULL DEFAULT '0',
  `status_id` int(11) DEFAULT NULL,
  `finished` tinyint(1) NOT NULL DEFAULT '0'
) ENGINE=InnoDB DEFAULT CHARSET=utf8mb4;

--
-- Дамп данных таблицы `request_calc`
--

INSERT INTO `request_calc` (`id`, `date`, `customer_id`, `name`, `unit`, `quantity`, `work_type_id`, `brand_name`, `thickness`, `individual_brand_name`, `individual_price`, `individual_thickness`, `individual_density`, `customers_material`, `lamination1_brand_name`, `lamination1_thickness`, `lamination1_individual_brand_name`, `lamination1_individual_price`, `lamination1_individual_thickness`, `lamination1_individual_density`, `lamination1_customers_material`, `lamination2_brand_name`, `lamination2_thickness`, `lamination2_individual_brand_name`, `lamination2_individual_price`, `lamination2_individual_thickness`, `lamination2_individual_density`, `lamination2_customers_material`, `streams_number`, `machine_type`, `raport_resize`, `label_length`, `stream_width`, `raport`, `number_on_raport`, `lamination_roller_width`, `ink_number`, `manager_id`, `ski_width`, `no_ski`, `ink_1`, `ink_2`, `ink_3`, `ink_4`, `ink_5`, `ink_6`, `ink_7`, `ink_8`, `color_1`, `color_2`, `color_3`, `color_4`, `color_5`, `color_6`, `color_7`, `color_8`, `cmyk_1`, `cmyk_2`, `cmyk_3`, `cmyk_4`, `cmyk_5`, `cmyk_6`, `cmyk_7`, `cmyk_8`, `percent_1`, `percent_2`, `percent_3`, `percent_4`, `percent_5`, `percent_6`, `percent_7`, `percent_8`, `cliche_1`, `cliche_2`, `cliche_3`, `cliche_4`, `cliche_5`, `cliche_6`, `cliche_7`, `cliche_8`, `comment`, `confirm`, `status_id`, `finished`) VALUES
(1, '2021-11-22 08:54:56', 15, 'Салфетки \"Gratias 24ф\"', 'kg', 200, 2, 'HGPL прозрачка', 30, '', NULL, NULL, NULL, 0, '', NULL, '', NULL, NULL, NULL, 0, '', NULL, '', NULL, NULL, NULL, 0, 3, 'comiflex', 0, 295.0000, 156, 590.000, 2, NULL, 4, 156, 20, 0, 'cmyk', 'cmyk', 'cmyk', 'cmyk', '', '', '', '', 0, 0, 0, 0, 0, 0, 0, 0, 'cyan', 'magenta', 'yellow', 'kontur', '', '', '', '', 30, 30, 30, 30, 0, 0, 0, 0, 'flint', 'flint', 'flint', 'flint', '', '', '', '', '', 1, 5, 1),
(2, '2021-11-25 12:37:28', 16, 'Классика крутка', 'pieces', 100000, 2, 'individual', NULL, 'комбинированный материал', '180.00', 90, 90.00, 0, '', NULL, '', NULL, NULL, NULL, 0, '', NULL, '', NULL, NULL, NULL, 0, 3, 'zbs', 0, 76.2000, 78, 228.600, 3, NULL, 5, 158, 20, 0, 'cmyk', 'cmyk', 'cmyk', 'cmyk', 'panton', '', '', '', 0, 0, 0, 0, 123, 0, 0, 0, 'cyan', 'magenta', 'yellow', 'kontur', '', '', '', '', 22, 3, 4, 12, 2, 0, 0, 0, 'old', 'old', 'old', 'old', 'old', '', '', '', '', 0, 4, 1),
(6, '2021-11-30 12:25:13', 16, 'Классика крутка', 'kg', NULL, 2, '', NULL, '', NULL, NULL, NULL, 0, '', NULL, '', NULL, NULL, NULL, 0, '', NULL, '', NULL, NULL, NULL, 0, NULL, NULL, 0, NULL, NULL, NULL, NULL, NULL, NULL, 158, 20, 0, '', '', '', '', '', '', '', '', NULL, NULL, NULL, NULL, NULL, NULL, NULL, NULL, '', '', '', '', '', '', '', '', NULL, NULL, NULL, NULL, NULL, NULL, NULL, NULL, '', '', '', '', '', '', '', '', '', 0, 1, 0),
(7, '2021-11-30 12:56:03', 16, '11', 'kg', 3000, 2, 'HGPL прозрачка', 20, '', NULL, NULL, NULL, 0, '', NULL, '', NULL, NULL, NULL, 0, '', NULL, '', NULL, NULL, NULL, 0, 2, 'comiflex', 0, 225.0000, 300, 450.000, 2, NULL, 4, 156, 20, 0, 'panton', 'cmyk', 'cmyk', 'cmyk', '', '', '', '', 22, 0, 0, 0, 0, 0, 0, 0, '', 'magenta', 'cyan', 'cyan', '', '', '', '', 22, 22, 22, 22, 0, 0, 0, 0, 'old', 'old', 'old', 'old', '', '', '', '', '', 0, 4, 1),
(8, '2021-11-30 14:30:33', NULL, '', '', NULL, NULL, '', NULL, '', NULL, NULL, NULL, 0, '', NULL, '', NULL, NULL, NULL, 0, '', NULL, '', NULL, NULL, NULL, 0, NULL, NULL, 0, NULL, NULL, NULL, NULL, NULL, NULL, 156, 20, 0, '', '', '', '', '', '', '', '', NULL, NULL, NULL, NULL, NULL, NULL, NULL, NULL, '', '', '', '', '', '', '', '', NULL, NULL, NULL, NULL, NULL, NULL, NULL, NULL, '', '', '', '', '', '', '', '', '', 0, 1, 0),
(9, '2021-12-01 08:25:03', 17, 'Шампунь', 'kg', 1000, 2, 'MGS матовая', 20, '', NULL, NULL, NULL, 0, 'Pet металл ', 12, '', NULL, NULL, NULL, 0, 'ПВД PE/LL проз', 40, '', NULL, NULL, NULL, 0, 6, 'zbs', 0, 100.0125, 120, 200.025, 2, 725, 2, 158, 20, 0, 'white', 'cmyk', '', '', '', '', '', '', 0, 0, 0, 0, 0, 0, 0, 0, '', 'kontur', '', '', '', '', '', '', 100, 20, 0, 0, 0, 0, 0, 0, 'old', 'old', '', '', '', '', '', '', '', 0, 4, 1),
(10, '2021-12-07 13:50:48', 17, '22', 'kg', 22, 2, 'individual', NULL, 'Моя осн', '1.10', 2, 3.00, 0, 'individual', NULL, 'Моя лам 1', '5.00', 7, 8.00, 0, 'individual', NULL, '', '10.00', 12, 13.00, 0, NULL, NULL, 0, NULL, NULL, NULL, NULL, NULL, 6, 156, 20, 0, 'panton', 'panton', 'panton', 'panton', 'panton', 'white', '', '', NULL, NULL, NULL, NULL, NULL, NULL, NULL, NULL, '', '', '', '', '', '', '', '', NULL, NULL, NULL, NULL, NULL, 100, NULL, NULL, 'old', 'old', 'old', 'old', 'old', 'old', '', '', '', 0, 1, 0),
(11, '2021-12-07 13:52:10', 18, 'Молоко \"Высший сорт\"', 'pieces', 330000, 2, 'ПВД PE/LD-EP белый', 40, '', NULL, NULL, NULL, 0, 'HOHL жемчуг', 30, '', NULL, NULL, NULL, 0, '', NULL, '', NULL, NULL, NULL, 0, 6, 'zbs', 0, 13.9700, 100, 209.550, 15, 250, 2, 126, 20, 0, 'panton', 'white', '', '', '', '', '', '', 45345, 0, 0, 0, 0, 0, 0, 0, '', '', '', '', '', '', '', '', 23, 54, 0, 0, 0, 0, 0, 0, 'old', 'old', '', '', '', '', '', '', '', 0, 4, 1),
(12, '2021-12-07 13:54:16', 17, '22', 'kg', 300, 2, 'ПВД PE/LL белый', 40, '', NULL, NULL, NULL, 0, '', NULL, '', NULL, NULL, NULL, 0, '', NULL, '', NULL, NULL, NULL, 0, 33, 'comiflex', 0, 203.3333, 300, 610.000, 3, NULL, 5, 156, 20, 0, 'panton', 'panton', 'panton', 'cmyk', 'panton', '', '', '', NULL, NULL, NULL, NULL, NULL, NULL, NULL, NULL, '', '', '', '', '', '', '', '', NULL, NULL, NULL, NULL, NULL, NULL, NULL, NULL, 'old', 'old', 'old', 'old', 'old', '', '', '', '', 0, 1, 0),
(13, '2021-12-08 06:46:04', NULL, '', 'kg', NULL, 1, '', NULL, '', NULL, NULL, NULL, 0, '', NULL, '', NULL, NULL, NULL, 0, '', NULL, '', NULL, NULL, NULL, 0, NULL, NULL, 0, NULL, NULL, NULL, NULL, NULL, 2, 156, 20, 0, 'cmyk', 'white', '', '', '', '', '', '', NULL, NULL, NULL, NULL, NULL, NULL, NULL, NULL, '', '', '', '', '', '', '', '', NULL, NULL, NULL, NULL, NULL, NULL, NULL, NULL, 'old', 'old', '', '', '', '', '', '', '', 0, 1, 0),
(14, '2021-12-09 08:27:55', 18, 'Обёртки для конфет \"Русские праздники\"', 'pieces', 3000, 2, 'LOBA жемчуг', 38, '', NULL, NULL, NULL, 0, '', NULL, '', NULL, NULL, NULL, 0, '', NULL, '', NULL, NULL, NULL, 0, 3, 'comiflex', 0, 95.0000, 120, 570.000, 6, NULL, 2, 126, NULL, 1, 'white', 'lacquer', '', '', '', '', '', '', 0, 0, 0, 0, 0, 0, 0, 0, '', '', '', '', '', '', '', '', 60, 80, 0, 0, 0, 0, 0, 0, 'flint', 'flint', '', '', '', '', '', '', '', 0, 3, 1),
(15, '2021-12-09 11:22:32', NULL, '', 'pieces', NULL, 2, 'LOBA жемчуг', 38, '', NULL, NULL, NULL, 0, '', NULL, '', NULL, NULL, NULL, 0, '', NULL, '', NULL, NULL, NULL, 0, NULL, 'zbs', 0, NULL, NULL, NULL, NULL, NULL, NULL, 126, 20, 0, '', '', '', '', '', '', '', '', NULL, NULL, NULL, NULL, NULL, NULL, NULL, NULL, '', '', '', '', '', '', '', '', NULL, NULL, NULL, NULL, NULL, NULL, NULL, NULL, '', '', '', '', '', '', '', '', '', 0, 1, 0),
(16, '2021-12-13 11:50:45', NULL, '', '', NULL, 2, '', NULL, '', NULL, NULL, NULL, 0, '', NULL, '', NULL, NULL, NULL, 0, '', NULL, '', NULL, NULL, NULL, 0, NULL, 'zbs', 0, NULL, NULL, NULL, NULL, 420, NULL, 126, 20, 0, '', '', '', '', '', '', '', '', NULL, NULL, NULL, NULL, NULL, NULL, NULL, NULL, '', '', '', '', '', '', '', '', NULL, NULL, NULL, NULL, NULL, NULL, NULL, NULL, '', '', '', '', '', '', '', '', '', 0, 1, 0),
(17, '2021-12-13 11:59:29', NULL, '', '', NULL, 2, '', NULL, '', NULL, NULL, NULL, 0, '', NULL, '', NULL, NULL, NULL, 0, '', NULL, '', NULL, NULL, NULL, 0, 8, NULL, 0, NULL, 6767, NULL, NULL, 700, NULL, 126, 20, 0, '', '', '', '', '', '', '', '', NULL, NULL, NULL, NULL, NULL, NULL, NULL, NULL, '', '', '', '', '', '', '', '', NULL, NULL, NULL, NULL, NULL, NULL, NULL, NULL, '', '', '', '', '', '', '', '', '', 0, 1, 0),
(18, '2021-12-14 09:46:29', NULL, '', '', NULL, NULL, '', NULL, '', NULL, NULL, NULL, 0, '', NULL, '', NULL, NULL, NULL, 0, '', NULL, '', NULL, NULL, NULL, 0, NULL, NULL, 0, NULL, NULL, NULL, NULL, NULL, NULL, 126, 20, 0, '', '', '', '', '', '', '', '', NULL, NULL, NULL, NULL, NULL, NULL, NULL, NULL, '', '', '', '', '', '', '', '', NULL, NULL, NULL, NULL, NULL, NULL, NULL, NULL, '', '', '', '', '', '', '', '', '', 0, 1, 0),
(19, '2021-12-14 09:47:07', NULL, '', '', NULL, NULL, '', NULL, '', NULL, NULL, NULL, 0, '', NULL, '', NULL, NULL, NULL, 0, '', NULL, '', NULL, NULL, NULL, 0, NULL, NULL, 0, NULL, NULL, NULL, NULL, NULL, NULL, 126, 20, 0, '', '', '', '', '', '', '', '', NULL, NULL, NULL, NULL, NULL, NULL, NULL, NULL, '', '', '', '', '', '', '', '', NULL, NULL, NULL, NULL, NULL, NULL, NULL, NULL, '', '', '', '', '', '', '', '', '', 0, 1, 0),
(20, '2021-12-16 08:23:27', NULL, '', '', NULL, 2, '', NULL, '', NULL, NULL, NULL, 0, '', NULL, '', NULL, NULL, NULL, 0, '', NULL, '', NULL, NULL, NULL, 0, NULL, NULL, 0, NULL, NULL, NULL, NULL, NULL, NULL, 126, 20, 0, '', '', '', '', '', '', '', '', NULL, NULL, NULL, NULL, NULL, NULL, NULL, NULL, '', '', '', '', '', '', '', '', NULL, NULL, NULL, NULL, NULL, NULL, NULL, NULL, '', '', '', '', '', '', '', '', '', 0, 1, 0),
(21, '2021-12-16 08:24:15', NULL, '', '', NULL, NULL, '', NULL, '', NULL, NULL, NULL, 0, '', NULL, '', NULL, NULL, NULL, 0, '', NULL, '', NULL, NULL, NULL, 0, NULL, NULL, 0, NULL, NULL, NULL, NULL, NULL, NULL, 126, 20, 0, '', '', '', '', '', '', '', '', NULL, NULL, NULL, NULL, NULL, NULL, NULL, NULL, '', '', '', '', '', '', '', '', NULL, NULL, NULL, NULL, NULL, NULL, NULL, NULL, '', '', '', '', '', '', '', '', '', 0, 1, 0),
(22, '2021-12-20 06:35:25', 17, 'Шампунь', 'kg', 1000, 2, 'MGS матовая', 20, '', NULL, NULL, NULL, 0, 'Pet металл ', 12, '', NULL, NULL, NULL, 0, 'ПВД PE/LL проз', 40, '', NULL, NULL, NULL, 0, 6, 'zbs', 0, 100.0125, 120, 200.025, 2, 725, 2, 126, 20, 0, 'white', 'cmyk', '', '', '', '', '', '', 0, 0, 0, 0, 0, 0, 0, 0, '', 'kontur', '', '', '', '', '', '', 100, 20, 0, 0, 0, 0, 0, 0, 'kodak', 'kodak', '', '', '', '', '', '', '', 0, 4, 1),
(23, '2021-12-20 12:14:05', NULL, '', '', NULL, NULL, '', NULL, '', NULL, NULL, NULL, 0, '', NULL, '', NULL, NULL, NULL, 0, '', NULL, '', NULL, NULL, NULL, 0, NULL, NULL, 0, NULL, NULL, NULL, NULL, NULL, NULL, 126, 20, 0, '', '', '', '', '', '', '', '', NULL, NULL, NULL, NULL, NULL, NULL, NULL, NULL, '', '', '', '', '', '', '', '', NULL, NULL, NULL, NULL, NULL, NULL, NULL, NULL, '', '', '', '', '', '', '', '', '', 0, 1, 0),
(24, '2021-12-21 06:21:18', NULL, '', 'pieces', NULL, 1, '', NULL, '', NULL, NULL, NULL, 0, '', NULL, '', NULL, NULL, NULL, 0, '', NULL, '', NULL, NULL, NULL, 0, NULL, NULL, 0, NULL, NULL, NULL, NULL, NULL, NULL, 126, 20, 0, '', '', '', '', '', '', '', '', NULL, NULL, NULL, NULL, NULL, NULL, NULL, NULL, '', '', '', '', '', '', '', '', NULL, NULL, NULL, NULL, NULL, NULL, NULL, NULL, '', '', '', '', '', '', '', '', '', 0, 1, 0),
(25, '2021-12-21 06:57:54', NULL, '', 'kg', NULL, 1, '', NULL, '', NULL, NULL, NULL, 0, '', NULL, '', NULL, NULL, NULL, 0, '', NULL, '', NULL, NULL, NULL, 0, NULL, NULL, 0, NULL, NULL, NULL, NULL, NULL, NULL, 126, 20, 0, '', '', '', '', '', '', '', '', NULL, NULL, NULL, NULL, NULL, NULL, NULL, NULL, '', '', '', '', '', '', '', '', NULL, NULL, NULL, NULL, NULL, NULL, NULL, NULL, '', '', '', '', '', '', '', '', '', 0, 1, 0),
(26, '2021-12-21 06:58:09', NULL, '', 'kg', NULL, 1, 'HMIL.M металл', 20, '', NULL, NULL, NULL, 0, 'LOHM.M', 38, '', NULL, NULL, NULL, 0, '', NULL, '', NULL, NULL, NULL, 0, 3, NULL, 0, NULL, 344, NULL, NULL, 450, NULL, 126, 20, 0, '', '', '', '', '', '', '', '', NULL, NULL, NULL, NULL, NULL, NULL, NULL, NULL, '', '', '', '', '', '', '', '', NULL, NULL, NULL, NULL, NULL, NULL, NULL, NULL, '', '', '', '', '', '', '', '', '', 0, 1, 0);

-- --------------------------------------------------------

--
-- Структура таблицы `request_calc_result`
--

CREATE TABLE `request_calc_result` (
  `id` int(11) NOT NULL,
  `request_calc_id` int(11) NOT NULL,
  `pure_area` decimal(20,3) DEFAULT NULL,
  `pure_width` decimal(20,3) DEFAULT NULL,
  `pure_length` decimal(20,3) DEFAULT NULL,
  `pure_length_lam` decimal(20,3) DEFAULT NULL,
  `dirty_length` decimal(20,3) DEFAULT NULL,
  `dirty_width` decimal(20,3) DEFAULT NULL,
  `dirty_area` decimal(20,3) DEFAULT NULL,
  `pure_weight` decimal(20,3) DEFAULT NULL,
  `dirty_weight` decimal(20,3) DEFAULT NULL,
  `material_price` decimal(20,3) DEFAULT NULL,
  `print_time` decimal(10,3) DEFAULT NULL,
  `tuning_time` decimal(20,3) DEFAULT NULL,
  `print_tuning_time` decimal(20,3) DEFAULT NULL,
  `print_price` decimal(20,3) DEFAULT NULL,
  `cliche_area` decimal(20,3) DEFAULT NULL,
  `cliche_flint_price` decimal(20,3) DEFAULT NULL,
  `cliche_kodak_price` decimal(20,3) DEFAULT NULL,
  `cliche_tver_price` decimal(10,3) DEFAULT NULL,
  `cliche_price` decimal(20,3) DEFAULT NULL,
  `ink_price` decimal(20,3) DEFAULT NULL,
  `pure_weight_lam1` decimal(20,3) DEFAULT NULL,
  `dirty_weight_lam1` decimal(20,3) DEFAULT NULL,
  `price_lam1_material` decimal(20,3) DEFAULT NULL,
  `price_lam1_glue` decimal(20,3) DEFAULT NULL,
  `price_lam1_work` decimal(20,3) DEFAULT NULL,
  `pure_weight_lam2` decimal(20,3) DEFAULT NULL,
  `dirty_weight_lam2` decimal(20,3) DEFAULT NULL,
  `price_lam2_material` decimal(20,3) DEFAULT NULL,
  `price_lam2_glue` decimal(20,3) DEFAULT NULL,
  `price_lam2_work` decimal(20,3) DEFAULT NULL,
  `price_lam_total` decimal(20,3) NOT NULL,
  `pure_weight_total` decimal(20,3) DEFAULT NULL,
  `dirty_weight_total` decimal(20,3) DEFAULT NULL,
  `cost_no_cliche` decimal(20,3) DEFAULT NULL,
  `cost_with_cliche` decimal(20,3) DEFAULT NULL,
  `cost_no_cliche_kg` decimal(20,3) DEFAULT NULL,
  `cost_with_cliche_kg` decimal(20,3) DEFAULT NULL,
  `cost_no_cliche_pieces` decimal(20,3) DEFAULT NULL,
  `cost_with_cliche_pieces` decimal(20,3) DEFAULT NULL,
  `extracharge` int(11) NOT NULL DEFAULT '0'
) ENGINE=InnoDB DEFAULT CHARSET=utf8mb4;

--
-- Дамп данных таблицы `request_calc_result`
--

INSERT INTO `request_calc_result` (`id`, `request_calc_id`, `pure_area`, `pure_width`, `pure_length`, `pure_length_lam`, `dirty_length`, `dirty_width`, `dirty_area`, `pure_weight`, `dirty_weight`, `material_price`, `print_time`, `tuning_time`, `print_tuning_time`, `print_price`, `cliche_area`, `cliche_flint_price`, `cliche_kodak_price`, `cliche_tver_price`, `cliche_price`, `ink_price`, `pure_weight_lam1`, `dirty_weight_lam1`, `price_lam1_material`, `price_lam1_glue`, `price_lam1_work`, `pure_weight_lam2`, `dirty_weight_lam2`, `price_lam2_material`, `price_lam2_glue`, `price_lam2_work`, `price_lam_total`, `pure_weight_total`, `dirty_weight_total`, `cost_no_cliche`, `cost_with_cliche`, `cost_no_cliche_kg`, `cost_with_cliche_kg`, `cost_no_cliche_pieces`, `cost_with_cliche_pieces`, `extracharge`) VALUES
(1, 1, '7326.008', '468.000', '15653.862', '16123.478', '17323.478', '490.000', '8488.504', '200.000', '231.736', '49197.587', '1.565', '2.667', '4.232', '5924.874', '3111.000', '5265.679', '9836.982', '7279.367', '21062.714', '5802.885', NULL, NULL, NULL, NULL, NULL, NULL, NULL, NULL, NULL, NULL, '0.000', '200.000', '231.736', '63355.660', '84418.374', '316.778', '422.092', '0.000', '0.000', 35),
(2, 2, '594.360', '234.000', '2540.000', '2616.200', '3616.200', '255.000', '922.131', '53.492', '82.992', '14938.522', '1.016', '3.333', '4.349', '3044.533', '683.650', '1157.146', '2161.701', '1599.659', '0.000', '4050.997', NULL, NULL, NULL, NULL, NULL, NULL, NULL, NULL, NULL, NULL, '0.000', '53.492', '82.992', '22701.637', '22701.637', '0.000', '0.000', '0.227', '0.227', 50),
(3, 7, '164835.158', '600.000', '274725.263', '282967.021', '284167.021', '620.000', '176183.553', '3000.000', '3206.541', '833700.608', '27.473', '2.667', '30.139', '42194.870', '3008.000', '5091.341', '9511.296', '7038.359', '0.000', '121597.147', NULL, NULL, NULL, NULL, NULL, NULL, NULL, NULL, NULL, NULL, '0.000', '3000.000', '3206.541', '999842.475', '999842.475', '333.281', '333.281', '0.000', '0.000', 15),
(4, 7, '164835.158', '600.000', '274725.263', '282967.021', '284167.021', '620.000', '176183.553', '3000.000', '3206.541', '833700.608', '27.473', '2.667', '30.139', '42194.870', '3008.000', '5091.341', '9511.296', '7038.359', '0.000', '121597.147', NULL, NULL, NULL, NULL, NULL, NULL, NULL, NULL, NULL, NULL, '0.000', '3000.000', '3206.541', '999842.475', '999842.475', '333.281', '333.281', '0.000', '0.000', 15),
(5, 9, '13888.889', '720.000', '19290.123', '19868.827', '20268.827', '740.000', '14998.932', '252.778', '272.981', '91448.493', '7.716', '1.333', '9.049', '6334.568', '1672.190', '2830.349', '5287.465', '3912.724', '0.000', '16436.840', '233.333', '249.496', '62573.509', '42931.005', '4563.383', '513.889', '549.484', '128266.164', '23416.912', '4563.383', '266314.356', '1000.000', '1079.923', '381187.414', '381187.414', '381.187', '381.187', '0.000', '0.000', 20),
(6, 22, '13888.889', '720.000', '19290.123', '19868.827', '20268.827', '740.000', '14998.932', '252.778', '272.981', '91448.493', '7.716', '1.333', '9.049', '6334.568', '1672.190', '2830.349', '5287.465', '3912.724', '10574.930', '16436.840', '233.333', '249.496', '62573.509', '42931.005', '4563.383', '513.889', '549.484', '128266.164', '23416.912', '4563.383', '266314.356', '1000.000', '1079.923', '381187.414', '391762.344', '381.187', '391.762', '0.000', '0.000', 22),
(7, 11, '461.010', '600.000', '768.350', '791.401', '1191.401', '620.000', '738.668', '17.057', '27.331', '6278.141', '0.307', '1.333', '1.641', '1148.471', '1469.120', '2486.633', '4645.357', '3437.565', '0.000', '1734.885', '9.958', '13.277', '4407.909', '637.897', '853.883', NULL, NULL, NULL, NULL, NULL, '5899.690', '27.015', '43.286', '15635.026', '15635.026', '0.000', '0.000', '0.047', '0.047', 100);

-- --------------------------------------------------------

--
-- Структура таблицы `role`
--

CREATE TABLE `role` (
  `id` int(11) NOT NULL,
  `name` varchar(20) NOT NULL,
  `local_name` varchar(50) NOT NULL,
  `twofactor` tinyint(4) NOT NULL DEFAULT '0',
  `priority` int(11) NOT NULL DEFAULT '0'
) ENGINE=InnoDB DEFAULT CHARSET=utf8mb4;

--
-- Дамп данных таблицы `role`
--

INSERT INTO `role` (`id`, `name`, `local_name`, `twofactor`, `priority`) VALUES
(3, 'technologist', 'Технолог', 0, 3),
(4, 'manager', 'Менеджер', 0, 5),
(6, 'storekeeper', 'Кладовщик', 0, 6),
(7, 'electrocarist', 'Карщик', 0, 7),
(8, 'cutter', 'Резчик раскрой', 0, 8),
(9, 'designer', 'Художник', 0, 9),
(10, 'administrator', 'Администратор', 0, 4);

-- --------------------------------------------------------

--
-- Структура таблицы `roll`
--

CREATE TABLE `roll` (
  `id` int(11) NOT NULL,
  `supplier_id` int(11) NOT NULL,
  `id_from_supplier` varchar(20) NOT NULL,
  `film_brand_id` int(11) NOT NULL,
  `width` int(11) NOT NULL,
  `thickness` int(11) NOT NULL,
  `length` int(11) NOT NULL,
  `net_weight` int(11) NOT NULL,
  `cell` varchar(20) NOT NULL,
  `comment` mediumtext NOT NULL,
  `is_unknown` tinyint(1) NOT NULL DEFAULT '0',
  `date` timestamp NOT NULL DEFAULT CURRENT_TIMESTAMP,
  `storekeeper_id` int(11) NOT NULL,
  `cut_wind_id` int(11) DEFAULT NULL
) ENGINE=InnoDB DEFAULT CHARSET=utf8mb4;

--
-- Дамп данных таблицы `roll`
--

INSERT INTO `roll` (`id`, `supplier_id`, `id_from_supplier`, `film_brand_id`, `width`, `thickness`, `length`, `net_weight`, `cell`, `comment`, `is_unknown`, `date`, `storekeeper_id`, `cut_wind_id`) VALUES
(78, 41, '345', 87, 820, 30, 4936, 87, 'Цех ', 'Ем ем', 0, '2021-03-16 21:00:00', 122, NULL),
(79, 41, '455', 85, 610, 20, 5546, 62, 'Цех ', '', 0, '2021-03-16 21:00:00', 122, NULL),
(80, 41, '345', 85, 610, 20, 7000, 77, 'Цех ', '', 0, '2021-03-16 21:00:00', 122, NULL),
(81, 41, '456', 87, 1120, 35, 4076, 115, 'Цех ', '', 0, '2021-03-16 21:00:00', 122, NULL),
(82, 41, '345', 81, 1060, 20, 1260, 24, 'Цех ', '', 0, '2021-03-16 21:00:00', 122, NULL),
(83, 42, '345', 92, 1120, 20, 1292, 28, 'Цех ', '', 0, '2021-03-16 21:00:00', 122, NULL),
(84, 42, '456', 83, 1590, 20, 1425, 41, 'Цех ', '', 0, '2021-03-16 21:00:00', 122, NULL),
(85, 41, '345', 87, 750, 30, 4446, 72, 'Цех ', '', 0, '2021-03-16 21:00:00', 122, NULL),
(86, 41, '345', 87, 750, 30, 4446, 72, 'Д 3 1', '', 0, '2021-03-16 21:00:00', 122, NULL),
(87, 41, '345', 87, 750, 30, 5074, 82, 'Д 3 1', '', 0, '2021-03-16 21:00:00', 122, NULL),
(88, 41, '345', 87, 750, 30, 5120, 83, 'Д 3 1', '', 0, '2021-03-16 21:00:00', 122, NULL),
(89, 41, '355', 81, 725, 20, 6735, 89, 'Цех ', '', 0, '2021-03-16 21:00:00', 122, NULL),
(90, 41, '345', 81, 725, 20, 5079, 67, 'Цех ', '', 0, '2021-03-16 21:00:00', 122, NULL),
(91, 41, '355', 81, 725, 20, 9591, 127, 'Цех ', '', 0, '2021-03-16 21:00:00', 122, NULL),
(92, 41, '345', 77, 370, 40, 5190, 70, 'Цех ', '', 0, '2021-03-16 21:00:00', 122, NULL),
(93, 41, '345', 77, 320, 40, 1559, 18, 'Д 3 5 ', '', 0, '2021-03-16 21:00:00', 122, NULL),
(94, 41, '5677', 77, 360, 40, 5558, 73, 'Цех', '', 0, '2021-03-16 21:00:00', 120, NULL),
(95, 41, '345', 77, 320, 40, 2803, 33, 'Д 3 5', '', 0, '2021-03-16 21:00:00', 122, NULL),
(96, 41, '345', 77, 360, 40, 5393, 71, 'Цех ', '', 0, '2021-03-16 21:00:00', 122, NULL),
(97, 41, '5666', 77, 360, 40, 5434, 71, 'Цех', '', 0, '2021-03-16 21:00:00', 120, NULL),
(98, 41, '345', 77, 360, 40, 5393, 71, 'Цех', '', 0, '2021-03-16 21:00:00', 122, NULL),
(99, 42, '567', 92, 670, 20, 1556, 20, 'Д 3(2)', '', 0, '2021-03-16 21:00:00', 120, NULL),
(100, 41, '577', 77, 350, 35, 1337, 15, 'Цех', ' ', 0, '2021-03-16 21:00:00', 120, NULL),
(101, 41, '577', 90, 420, 20, 6412, 52, 'Цех', '', 0, '2021-03-16 21:00:00', 120, NULL),
(102, 41, '345', 81, 460, 30, 4490, 56, 'Цех ', 'корзинкина', 0, '2021-03-16 21:00:00', 122, NULL),
(103, 41, '345', 81, 565, 15, 11776, 91, 'Цех', '', 0, '2021-03-16 21:00:00', 122, NULL),
(104, 41, '5665', 77, 560, 25, 1938, 25, 'Цех', 'Нужно перемотать', 0, '2021-03-16 21:00:00', 120, NULL),
(105, 41, '57776', 85, 440, 20, 1137, 9, 'Цех у входа ', '', 0, '2021-03-16 21:00:00', 120, NULL),
(106, 41, 'Е7885', 77, 210, 25, 2071, 10, 'Цех у вохда ', '', 0, '2021-03-16 21:00:00', 120, NULL),
(107, 41, '345', 90, 320, 20, 8832, 54, 'Цех ', '', 0, '2021-03-16 21:00:00', 122, NULL),
(108, 41, '57875', 77, 540, 25, 5284, 65, 'Цех', '', 0, '2021-03-16 21:00:00', 120, NULL),
(109, 41, '578н', 85, 440, 20, 10541, 84, 'Цех', '', 0, '2021-03-16 21:00:00', 120, NULL),
(110, 41, '345', 77, 590, 15, 3284, 26, 'Цех ', '', 0, '2021-03-16 21:00:00', 122, NULL),
(111, 41, '345', 77, 310, 25, 6771, 48, 'Цех ', '', 0, '2021-03-16 21:00:00', 122, NULL),
(112, 41, '47765', 77, 630, 35, 5305, 106, 'Цех', '', 0, '2021-03-16 21:00:00', 120, NULL),
(113, 41, '345', 81, 705, 30, 3658, 70, 'Д 4 (1)', '', 0, '2021-03-16 21:00:00', 122, NULL),
(114, 41, '5775', 77, 630, 35, 5089, 102, 'Цех', '', 0, '2021-03-16 21:00:00', 120, NULL),
(115, 41, '345', 81, 670, 20, 9981, 122, 'Д 4 (1)', '', 0, '2021-03-16 21:00:00', 122, NULL),
(116, 42, '566644', 86, 700, 20, 8103, 103, 'Цех', '', 0, '2021-03-16 21:00:00', 120, NULL),
(117, 41, '345', 87, 400, 35, 2194, 22, 'Ц', '', 0, '2021-03-16 21:00:00', 122, NULL),
(118, 42, '58656', 79, 240, 20, 1590, 7, 'Цех', '', 0, '2021-03-16 21:00:00', 120, NULL),
(119, 41, '345', 87, 400, 35, 3135, 32, 'Д 3 (1)', '', 0, '2021-03-16 21:00:00', 122, NULL),
(120, 41, '345', 87, 400, 35, 3961, 40, 'Ц', '', 0, '2021-03-16 21:00:00', 122, NULL),
(121, 41, '345', 87, 400, 35, 4753, 48, 'Е 27 1', '', 0, '2021-03-16 21:00:00', 122, NULL),
(122, 41, '56665', 77, 440, 25, 5814, 58, 'Цех', '', 0, '2021-03-16 21:00:00', 120, NULL),
(123, 41, '345', 87, 400, 35, 2677, 27, 'Цех ', '', 0, '2021-03-16 21:00:00', 122, NULL),
(124, 42, '47655', 79, 440, 25, 5814, 58, 'Цех', '', 0, '2021-03-16 21:00:00', 120, NULL),
(125, 41, '345', 87, 400, 35, 3135, 32, 'Цех', '', 0, '2021-03-16 21:00:00', 122, NULL),
(126, 41, '57865', 77, 360, 40, 5230, 69, 'Цех', '', 0, '2021-03-16 21:00:00', 120, NULL),
(127, 41, '345', 87, 400, 35, 3307, 33, 'Д 3 (2)', 'Корнилова', 0, '2021-03-16 21:00:00', 122, NULL),
(128, 41, '345', 87, 390, 30, 1507, 13, 'Д 3 (3)', '', 0, '2021-03-16 21:00:00', 122, NULL),
(129, 41, '47755', 77, 380, 20, 9207, 64, 'Цех', '', 0, '2021-03-16 21:00:00', 120, NULL),
(130, 41, '345', 87, 430, 30, 4317, 40, 'Д 3 (2)', '', 0, '2021-03-16 21:00:00', 122, NULL),
(131, 41, '4776', 77, 720, 20, 1876, 25, 'Цех', 'Перемотать ', 0, '2021-03-16 21:00:00', 120, NULL),
(132, 41, '345', 77, 380, 20, 2892, 20, 'Цех ', '', 0, '2021-03-16 21:00:00', 122, NULL),
(133, 41, '346', 77, 480, 20, 8318, 73, 'Цех ', 'Мукомол', 0, '2021-03-16 21:00:00', 122, NULL),
(134, 41, '345', 77, 520, 25, 746, 9, 'Цех ', '', 0, '2021-03-16 21:00:00', 122, NULL),
(135, 41, '345', 77, 520, 25, 746, 9, 'Цех ', '', 0, '2021-03-16 21:00:00', 122, NULL),
(136, 41, '345', 77, 340, 20, 4630, 29, 'Цех ', '', 0, '2021-03-16 21:00:00', 122, NULL),
(137, 41, '345', 77, 740, 25, 615, 10, 'Цех ', '', 0, '2021-03-16 21:00:00', 122, NULL),
(138, 41, '345', 87, 585, 30, 603, 8, 'Цех ', 'Перемотать', 0, '2021-03-16 21:00:00', 122, NULL),
(139, 41, '345', 87, 560, 30, 1130, 14, 'Д 3 (3)', 'Перемотать ', 0, '2021-03-16 21:00:00', 122, NULL),
(140, 41, '345', 81, 340, 30, 2731, 25, 'Цех ', '', 0, '2021-03-16 21:00:00', 122, NULL),
(141, 41, '345', 81, 305, 15, 10333, 43, 'Цех ', '', 0, '2021-03-16 21:00:00', 122, NULL),
(142, 41, '424', 81, 420, 20, 3210, 25, 'Цех ', 'пломбир', 0, '2021-03-16 21:00:00', 122, NULL),
(143, 41, '345', 87, 530, 30, 2560, 29, 'Цех ', '', 0, '2021-03-16 21:00:00', 122, NULL),
(144, 41, '345', 81, 305, 15, 7717, 32, 'Цех ', '', 0, '2021-03-16 21:00:00', 122, NULL),
(145, 41, '5786', 77, 540, 20, 3304, 32, 'Цех', '', 0, '2021-03-16 21:00:00', 120, NULL),
(146, 41, '34е', 81, 280, 20, 5788, 29, 'Цех ', '', 0, '2021-03-16 21:00:00', 122, NULL),
(147, 41, '47865', 81, 430, 15, 4920, 29, 'Цех', '', 0, '2021-03-16 21:00:00', 120, NULL),
(148, 41, '345', 81, 305, 15, 10804, 45, 'Цех ', '', 0, '2021-03-16 21:00:00', 122, NULL),
(149, 41, '345', 81, 305, 15, 11091, 46, 'Цех ', '', 0, '2021-03-16 21:00:00', 122, NULL),
(150, 41, '5775', 77, 420, 30, 1226, 14, 'Д 3 5', 'Нужно перемотат. ', 0, '2021-03-16 21:00:00', 120, NULL),
(151, 41, '345', 81, 305, 15, 10804, 45, 'Цех ', '', 0, '2021-03-16 21:00:00', 122, NULL),
(152, 42, '58855', 83, 400, 20, 3118, 23, 'I 02', 'БХК фр.лед', 0, '2021-03-16 21:00:00', 120, NULL),
(153, 41, '345', 81, 320, 20, 7404, 43, 'Цех ', '', 0, '2021-03-16 21:00:00', 122, NULL),
(154, 41, '345', 81, 320, 20, 6999, 41, 'Цех ', '', 0, '2021-03-16 21:00:00', 122, NULL),
(155, 41, '46786', 77, 510, 20, 6284, 58, 'Цех', 'Pr-diz.ru ', 0, '2021-03-16 21:00:00', 120, NULL),
(156, 41, '345', 81, 320, 20, 6412, 37, 'Цех ', '', 0, '2021-03-16 21:00:00', 122, NULL),
(157, 41, '345', 81, 495, 30, 2628, 36, 'Цех ', '', 0, '2021-03-16 21:00:00', 122, NULL),
(158, 46, '577555', 93, 510, 20, 6221, 58, 'Цех', 'Бест папир', 0, '2021-03-16 21:00:00', 120, NULL),
(159, 41, '345', 81, 280, 20, 5666, 29, 'Цех ', '', 0, '2021-03-16 21:00:00', 122, NULL),
(160, 46, '47855', 93, 580, 30, 2395, 38, 'Цех', '', 0, '2021-03-16 21:00:00', 120, NULL),
(161, 41, '345', 81, 360, 20, 2064, 14, 'Цех ', '', 0, '2021-03-16 21:00:00', 122, NULL),
(162, 41, '345', 81, 490, 20, 1839, 16, 'Цех ', '', 0, '2021-03-16 21:00:00', 122, NULL),
(163, 41, '345', 81, 430, 15, 10804, 63, 'Цех ', '', 0, '2021-03-16 21:00:00', 122, NULL),
(164, 46, '57755', 93, 570, 25, 6947, 90, 'Цех', 'Зао хлеб ', 0, '2021-03-16 21:00:00', 120, NULL),
(165, 41, '345', 81, 720, 20, 4096, 54, 'Д 4 (1)', '', 0, '2021-03-16 21:00:00', 122, NULL),
(166, 41, '56655', 77, 420, 15, 9872, 57, 'Д 4 4', '', 0, '2021-03-16 21:00:00', 120, NULL),
(167, 41, '345', 81, 430, 15, 10804, 63, 'Цех ', '', 0, '2021-03-16 21:00:00', 122, NULL),
(168, 41, '4787', 87, 400, 30, 4845, 42, 'Д 4 4', '', 0, '2021-03-16 21:00:00', 120, NULL),
(169, 41, '345', 81, 520, 20, 5079, 48, 'Цех ', '', 0, '2021-03-16 21:00:00', 122, NULL),
(170, 41, '57755', 77, 170, 25, 6482, 25, 'Д 4 3', '', 0, '2021-03-16 21:00:00', 120, NULL),
(171, 41, '47755', 87, 400, 30, 4936, 43, 'Цех', '', 0, '2021-03-16 21:00:00', 120, NULL),
(172, 41, '345', 81, 740, 20, 1198, 16, 'Цех ', '', 0, '2021-03-16 21:00:00', 122, NULL),
(173, 41, '345', 81, 520, 20, 9591, 91, 'Цех ', '', 0, '2021-03-16 21:00:00', 122, NULL),
(174, 41, '5775', 77, 650, 15, 13309, 118, 'Цех', 'Ммз иыло', 0, '2021-03-16 21:00:00', 120, NULL),
(175, 41, '4774', 87, 400, 30, 4710, 41, 'Цех', '', 0, '2021-03-16 21:00:00', 120, NULL),
(176, 41, '577544', 77, 260, 20, 6221, 29, 'Цех', '', 0, '2021-03-16 21:00:00', 120, NULL),
(177, 41, '57655', 77, 205, 25, 2568, 12, 'Цех', '', 0, '2021-03-16 21:00:00', 120, NULL),
(178, 41, '46644', 77, 210, 40, 1559, 12, 'I 07', '', 0, '2021-03-16 21:00:00', 120, NULL),
(179, 41, '345', 81, 735, 15, 2551, 26, 'Цех ', '', 0, '2021-03-16 21:00:00', 122, NULL),
(180, 41, '345', 77, 695, 15, 2600, 25, 'Цех ', '', 0, '2021-03-16 21:00:00', 122, NULL),
(181, 41, '345', 77, 280, 25, 2139, 14, 'Д 4 3', '', 0, '2021-03-16 21:00:00', 122, NULL),
(182, 41, '46555', 87, 620, 35, 2968, 46, 'Цех', '', 0, '2021-03-16 21:00:00', 120, NULL),
(183, 41, '345', 87, 400, 30, 6920, 60, 'Цех ', '', 0, '2021-03-16 21:00:00', 122, NULL),
(184, 41, '57555', 77, 260, 20, 6221, 29, 'Цех', '', 0, '2021-03-16 21:00:00', 120, NULL),
(185, 41, '345', 87, 400, 30, 6920, 60, 'Цех ', '', 0, '2021-03-16 21:00:00', 122, NULL),
(186, 41, '57776', 77, 540, 25, 2834, 35, 'Цех', '', 0, '2021-03-16 21:00:00', 120, NULL),
(187, 41, '345', 87, 400, 30, 6920, 60, 'Д 3 (2)', '', 0, '2021-03-16 21:00:00', 122, NULL),
(188, 41, '4764', 87, 620, 35, 5004, 78, 'Цех', '', 0, '2021-03-16 21:00:00', 120, NULL),
(189, 41, '345', 77, 650, 15, 13309, 118, 'Цех ', '', 0, '2021-03-16 21:00:00', 122, NULL),
(190, 41, '57755', 87, 620, 35, 4836, 76, 'Цех', 'Узмв', 0, '2021-03-16 21:00:00', 120, NULL),
(191, 41, '345', 81, 740, 20, 6476, 87, 'Цех ', '', 0, '2021-03-16 21:00:00', 122, NULL),
(192, 41, '345', 81, 740, 20, 7541, 102, 'Цех ', '', 0, '2021-03-16 21:00:00', 122, NULL),
(193, 41, '46545', 81, 420, 20, 6412, 49, 'Цех', '', 0, '2021-03-16 21:00:00', 120, NULL),
(194, 41, '5775', 81, 420, 20, 7472, 57, 'Цех', '', 0, '2021-03-16 21:00:00', 120, NULL),
(195, 41, '345', 85, 700, 20, 615, 8, 'Цех ', '', 0, '2021-03-16 21:00:00', 122, NULL),
(196, 41, '47744', 77, 420, 15, 989, 6, 'Д 4 4', '', 0, '2021-03-16 21:00:00', 120, NULL),
(197, 41, '345', 77, 540, 20, 363, 4, 'Цех ', '', 0, '2021-03-16 21:00:00', 122, NULL),
(198, 41, '46864', 77, 520, 20, 1047, 10, 'Цех', '', 0, '2021-03-16 21:00:00', 120, NULL),
(199, 41, '345', 77, 350, 30, 1251, 12, 'Цех ', '', 0, '2021-03-16 21:00:00', 122, NULL),
(200, 41, '57865', 77, 460, 20, 640, 5, 'Цех', '', 0, '2021-03-16 21:00:00', 120, NULL),
(201, 41, '345', 87, 285, 35, 3342, 24, 'Цех', '', 0, '2021-03-16 21:00:00', 122, NULL),
(202, 41, '345', 77, 620, 15, 3565, 30, 'Д 3 (2)', '', 0, '2021-03-16 21:00:00', 122, NULL),
(203, 41, 'Е764', 77, 320, 40, 1294, 15, 'Цех', '', 0, '2021-03-16 21:00:00', 120, NULL),
(204, 41, '345', 77, 400, 30, 904, 10, 'Цех ', '', 0, '2021-03-16 21:00:00', 122, NULL),
(205, 41, '57755', 77, 270, 20, 2381, 12, 'Цех', 'корзинкина куафер', 0, '2021-03-16 21:00:00', 120, NULL),
(206, 41, '345', 77, 360, 35, 775, 9, 'Цех ', ' ', 0, '2021-03-16 21:00:00', 122, NULL),
(207, 41, '345', 85, 310, 20, 1625, 9, 'Цех ', '', 0, '2021-03-16 21:00:00', 122, NULL),
(208, 41, '47855', 77, 480, 25, 1560, 17, 'Цех', '', 0, '2021-03-16 21:00:00', 120, NULL),
(209, 41, '345', 77, 660, 20, 876, 11, 'Цех ', '', 0, '2021-03-16 21:00:00', 122, NULL),
(210, 41, '47754', 81, 740, 20, 3351, 45, 'Цех', '', 0, '2021-03-16 21:00:00', 120, NULL),
(211, 41, '345', 77, 580, 40, 599, 13, 'Цех ', '', 0, '2021-03-16 21:00:00', 122, NULL),
(212, 41, '345', 81, 590, 20, 5252, 56, 'Цех ', '', 0, '2021-03-16 21:00:00', 122, NULL),
(213, 41, '345', 77, 600, 25, 6482, 88, 'Цех ', '', 0, '2021-03-16 21:00:00', 122, NULL),
(214, 41, '345', 90, 660, 20, 5194, 66, 'Цех ', '', 0, '2021-03-16 21:00:00', 122, NULL),
(215, 41, '345', 90, 660, 20, 5849, 74, 'Цех ', '', 0, '2021-03-16 21:00:00', 122, NULL),
(216, 41, '57755', 81, 1020, 20, 8610, 160, 'Цех', '', 0, '2021-03-16 21:00:00', 120, NULL),
(217, 41, '345', 77, 600, 25, 5923, 81, 'Цех ', '', 0, '2021-03-16 21:00:00', 122, NULL),
(218, 41, '345', 77, 600, 25, 5923, 81, 'Цех ', '', 0, '2021-03-16 21:00:00', 122, NULL),
(219, 41, '345', 77, 310, 35, 4037, 40, 'Д 4 4', ' бобимэкс', 0, '2021-03-16 21:00:00', 122, NULL),
(220, 41, '57854', 87, 270, 35, 4349, 30, 'Д 3 2', '', 0, '2021-03-16 21:00:00', 120, NULL),
(221, 41, '345', 77, 340, 20, 6735, 42, 'Д 4 4', 'корзинкина куафер', 0, '2021-03-16 21:00:00', 122, NULL),
(222, 41, '345', 77, 650, 15, 12277, 109, 'Цех ', '', 0, '2021-03-16 21:00:00', 122, NULL),
(223, 41, '5774', 90, 340, 20, 10140, 66, 'Цех', 'корзинкина куафер', 0, '2021-03-16 21:00:00', 120, NULL),
(224, 41, '345', 77, 650, 15, 13309, 118, 'Цех ', '', 0, '2021-03-16 21:00:00', 122, NULL),
(225, 41, '345', 85, 800, 20, 6735, 98, 'Цех ', '', 0, '2021-03-16 21:00:00', 122, NULL),
(226, 41, '345', 87, 380, 35, 2491, 24, 'Цех ', '', 0, '2021-03-16 21:00:00', 122, NULL),
(227, 41, '4764', 87, 600, 35, 685, 10, 'Цех', '', 0, '2021-03-16 21:00:00', 120, NULL),
(228, 41, '345', 77, 420, 25, 2139, 20, 'Цех ', '', 0, '2021-03-16 21:00:00', 122, NULL),
(229, 41, '345', 77, 550, 35, 3135, 55, 'Цех ', '', 0, '2021-03-16 21:00:00', 122, NULL),
(230, 41, '5686', 81, 670, 20, 10460, 128, 'Д 4 (1)', '', 0, '2021-03-16 21:00:00', 120, NULL),
(231, 41, '345', 87, 720, 30, 3272, 51, 'I 04', '', 0, '2021-03-16 21:00:00', 122, NULL),
(232, 41, '345', 77, 380, 15, 5461, 28, 'Д 5 1', '', 0, '2021-03-16 21:00:00', 122, NULL),
(233, 41, '345', 87, 720, 30, 4064, 63, 'Д 5 1', '', 0, '2021-03-16 21:00:00', 122, NULL),
(234, 41, '345', 77, 320, 25, 3926, 29, 'Цех ', '', 0, '2021-03-16 21:00:00', 122, NULL),
(235, 41, '345', 77, 430, 20, 7750, 61, 'Цех ', '', 0, '2021-03-16 21:00:00', 122, NULL),
(236, 41, '345', 77, 405, 20, 7404, 55, 'Цех', '', 0, '2021-03-16 21:00:00', 122, NULL),
(237, 41, '345', 77, 370, 25, 4390, 37, 'Цех ', '', 0, '2021-03-16 21:00:00', 122, NULL),
(239, 41, '556655', 87, 255, 35, 3848, 25, 'Цех', '', 0, '2021-03-17 21:00:00', 122, NULL),
(240, 41, '44443', 87, 240, 35, 1051, 6, 'Цех', '', 0, '2021-03-17 21:00:00', 122, NULL),
(241, 41, '6666', 77, 460, 35, 3034, 44, 'Цех', '', 0, '2021-03-17 21:00:00', 122, NULL),
(242, 41, '5565', 77, 460, 35, 3238, 47, 'Цех', '', 0, '2021-03-17 21:00:00', 122, NULL),
(243, 41, '4555', 77, 460, 35, 3001, 44, 'Цех', '', 0, '2021-03-17 21:00:00', 122, NULL),
(244, 41, '5565', 77, 700, 20, 6096, 78, 'Цех', '', 0, '2021-03-17 21:00:00', 122, NULL),
(245, 41, '4444', 85, 740, 20, 11450, 154, 'Цех', '', 0, '2021-03-17 21:00:00', 122, NULL),
(246, 41, '56554', 77, 700, 20, 10622, 135, 'Цех', '', 0, '2021-03-17 21:00:00', 122, NULL),
(247, 41, '6666', 87, 460, 35, 6163, 71, 'Цех', '', 0, '2021-03-17 21:00:00', 122, NULL),
(248, 41, '56677', 77, 250, 20, 6221, 28, 'Цех', '', 0, '2021-03-17 21:00:00', 122, NULL),
(250, 41, '456', 87, 300, 30, 4534, 29, 'Цех', '', 0, '2021-03-21 21:00:00', 124, NULL),
(251, 41, '345', 77, 320, 20, 10541, 61, 'Цех ', '', 0, '2021-03-21 21:00:00', 124, NULL),
(252, 41, '334', 77, 510, 20, 1356, 13, 'Цех ', 'корнилова', 0, '2021-03-21 21:00:00', 124, NULL),
(253, 41, '6667', 77, 460, 20, 10785, 90, 'Цех ', '', 0, '2021-03-21 21:00:00', 124, NULL),
(254, 41, '333', 77, 720, 25, 6482, 106, 'Цех ', '', 0, '2021-03-21 21:00:00', 124, NULL),
(255, 41, '4456', 77, 720, 25, 5923, 97, 'Цех ', '', 0, '2021-03-21 21:00:00', 124, NULL),
(256, 41, '678', 77, 720, 25, 6482, 106, 'Цех ', '', 0, '2021-03-21 21:00:00', 124, NULL),
(257, 41, '678', 77, 720, 25, 6482, 106, 'Цех ', '', 0, '2021-03-21 21:00:00', 124, NULL),
(258, 41, '456', 77, 720, 25, 6482, 106, 'Цех ', '', 0, '2021-03-21 21:00:00', 124, NULL),
(259, 41, '343', 77, 720, 25, 6482, 106, 'Цех ', '', 0, '2021-03-21 21:00:00', 124, NULL),
(260, 41, '367', 77, 650, 25, 6482, 96, 'Цех ', '', 0, '2021-03-21 21:00:00', 124, NULL),
(261, 41, '897', 77, 650, 25, 6482, 96, 'Цех ', '', 0, '2021-03-21 21:00:00', 124, NULL),
(262, 41, '765', 77, 385, 35, 2491, 31, 'Цех ', 'Светлояр', 0, '2021-03-21 21:00:00', 124, NULL),
(263, 41, '6543', 77, 490, 25, 325, 4, 'I 07', '', 0, '2021-03-21 21:00:00', 124, NULL),
(264, 41, '568', 77, 385, 35, 4630, 57, 'Цех ', 'Светлояр', 0, '2021-03-21 21:00:00', 124, NULL),
(265, 41, '4908', 77, 650, 25, 5923, 88, 'Цех ', '', 0, '2021-03-21 21:00:00', 124, NULL),
(266, 41, '3290', 77, 240, 20, 10785, 47, 'Д 4 4', '', 0, '2021-03-21 21:00:00', 124, NULL),
(267, 41, '8907', 90, 700, 20, 5487, 74, 'Цех ', '', 0, '2021-03-21 21:00:00', 124, NULL),
(268, 41, '4356', 90, 700, 20, 6096, 82, 'Цех ', '', 0, '2021-03-21 21:00:00', 124, NULL),
(269, 41, '3421', 77, 210, 25, 7673, 37, 'Д 4 3', '', 0, '2021-03-21 21:00:00', 124, NULL),
(270, 41, '620', 77, 300, 20, 10785, 59, 'Д 4 4', '', 0, '2021-03-21 21:00:00', 124, NULL),
(271, 41, '7629', 90, 700, 20, 5487, 74, 'Цех ', '', 0, '2021-03-21 21:00:00', 124, NULL),
(272, 41, '4745', 85, 610, 20, 6412, 71, 'Цех ', '', 0, '2021-03-21 21:00:00', 124, NULL),
(273, 41, '8765', 90, 700, 20, 6096, 82, 'Цех ', '', 0, '2021-03-21 21:00:00', 124, NULL),
(274, 41, '7658', 77, 600, 25, 5923, 81, 'Цех ', '', 0, '2021-03-21 21:00:00', 124, NULL),
(275, 41, '5743', 77, 600, 25, 6200, 85, 'Цех ', '', 0, '2021-03-21 21:00:00', 124, NULL),
(276, 41, '9023', 77, 480, 20, 10380, 91, 'Цех ', '', 0, '2021-03-21 21:00:00', 124, NULL),
(277, 41, '5467', 77, 310, 35, 4231, 42, 'Цех ', '', 0, '2021-03-21 21:00:00', 124, NULL),
(278, 41, '6578', 77, 400, 20, 11199, 82, 'Цех ', '', 0, '2021-03-21 21:00:00', 124, NULL),
(279, 41, '0987', 77, 200, 35, 3664, 23, 'Д 4 3 ', '', 0, '2021-03-21 21:00:00', 124, NULL),
(280, 41, '05674', 77, 400, 20, 7750, 56, 'Цех ', '', 0, '2021-03-21 21:00:00', 124, NULL),
(281, 41, '56433', 77, 300, 20, 3592, 20, 'Д 4 4', '', 0, '2021-03-21 21:00:00', 124, NULL),
(282, 41, '54876', 77, 480, 15, 9872, 65, 'Д 5 1', '', 0, '2021-03-21 21:00:00', 124, NULL),
(283, 41, '08345', 77, 200, 35, 3135, 20, 'Д 4 4', '', 0, '2021-03-21 21:00:00', 124, NULL),
(284, 41, '5871', 77, 760, 30, 3858, 80, 'Д 5 1', '', 0, '2021-03-21 21:00:00', 124, NULL),
(285, 41, '7459', 77, 400, 35, 2491, 32, 'Цех ', 'Светлояр', 0, '2021-03-21 21:00:00', 124, NULL),
(286, 41, '56745', 77, 480, 15, 5120, 34, 'Д 5 1', '', 0, '2021-03-21 21:00:00', 124, NULL),
(287, 41, '1234', 77, 580, 40, 1337, 28, 'Цех ', '', 0, '2021-03-21 21:00:00', 124, NULL),
(288, 41, '56436', 77, 480, 15, 9872, 65, 'Д 5 1', '', 0, '2021-03-21 21:00:00', 124, NULL),
(289, 41, '2365', 77, 200, 20, 10785, 39, 'I 03', '', 0, '2021-03-21 21:00:00', 124, NULL),
(291, 41, '4356', 77, 220, 20, 10380, 42, 'I 03', '', 0, '2021-03-21 21:00:00', 124, NULL),
(292, 41, '89765', 77, 180, 30, 5888, 29, 'Цех ', '', 0, '2021-03-21 21:00:00', 124, NULL),
(293, 41, '0675', 77, 480, 15, 9872, 65, 'Д 5 1', '', 0, '2021-03-21 21:00:00', 124, NULL),
(294, 41, '453566', 87, 250, 35, 4037, 25, 'Цех ', '', 0, '2021-03-21 21:00:00', 124, NULL),
(295, 41, '97612', 87, 660, 30, 1642, 23, 'Д 3 (3)', '', 0, '2021-03-21 21:00:00', 124, NULL),
(296, 41, '78654', 77, 440, 25, 6482, 65, 'Цех ', '', 0, '2021-03-21 21:00:00', 124, NULL),
(297, 41, '47648', 77, 440, 25, 6482, 65, 'Цех ', '', 0, '2021-03-21 21:00:00', 124, NULL),
(298, 41, '8709', 77, 660, 25, 6482, 97, 'Цех ', '', 0, '2021-03-21 21:00:00', 124, NULL),
(299, 41, '6234', 77, 440, 25, 6771, 68, 'Цех ', '', 0, '2021-03-21 21:00:00', 124, NULL),
(300, 41, '98765', 77, 440, 25, 6771, 68, 'Цех ', '', 0, '2021-03-21 21:00:00', 124, NULL),
(301, 41, '56446', 77, 440, 25, 6482, 65, 'Цех ', '', 0, '2021-03-21 21:00:00', 124, NULL),
(302, 41, '74765', 77, 440, 25, 6482, 65, 'Цех ', '', 0, '2021-03-21 21:00:00', 124, NULL),
(303, 41, '43566', 77, 340, 20, 2463, 15, 'Цех ', '', 0, '2021-03-21 21:00:00', 124, NULL),
(304, 41, '7658', 85, 540, 20, 7404, 73, 'Цех ', '', 0, '2021-03-21 21:00:00', 124, NULL),
(305, 41, '34576', 90, 235, 20, 10785, 49, 'Цех ', '', 0, '2021-03-21 21:00:00', 124, NULL),
(306, 41, '564', 90, 240, 20, 10785, 50, 'Цех ', '', 0, '2021-03-21 21:00:00', 124, NULL),
(307, 41, '89762', 90, 700, 20, 4908, 66, 'Цех ', '', 0, '2021-03-21 21:00:00', 124, NULL),
(308, 41, '345', 90, 320, 20, 1047, 6, 'Цех ', '', 0, '2021-03-21 21:00:00', 124, NULL),
(309, 41, '56755', 90, 300, 20, 1047, 6, 'Цех ', '', 0, '2021-03-21 21:00:00', 124, NULL),
(310, 41, '3476', 77, 560, 15, 1396, 11, 'Цех ', '', 0, '2021-03-21 21:00:00', 124, NULL),
(311, 41, '7658', 77, 550, 20, 1356, 14, 'Цех ', '', 0, '2021-03-21 21:00:00', 124, NULL),
(312, 41, '45556', 77, 440, 40, 3206, 51, 'Цех ', '', 0, '2021-03-21 21:00:00', 124, NULL),
(313, 41, '67567', 85, 490, 20, 4908, 44, 'Цех ', '', 0, '2021-03-21 21:00:00', 124, NULL),
(314, 41, '45365', 77, 660, 25, 6200, 93, 'Цех ', '', 0, '2021-03-21 21:00:00', 124, NULL),
(315, 41, '56467', 77, 590, 25, 7065, 95, 'Цех ', '', 0, '2021-03-21 21:00:00', 124, NULL),
(316, 41, '3452', 77, 340, 20, 8103, 50, 'Цех ', '', 0, '2021-03-21 21:00:00', 124, NULL),
(317, 41, '46678', 77, 340, 20, 8103, 50, 'Цех ', '', 0, '2021-03-21 21:00:00', 124, NULL),
(318, 41, '76853', 77, 340, 20, 8103, 50, 'Цех ', 'корзинкина куафер', 0, '2021-03-21 21:00:00', 124, NULL),
(319, 41, '67885', 90, 600, 20, 2260, 26, 'Цех ', '', 0, '2021-03-21 21:00:00', 124, NULL),
(320, 41, '56678', 77, 440, 40, 524, 8, 'Цех ', '', 0, '2021-03-21 21:00:00', 124, NULL),
(321, 41, '34764', 85, 780, 20, 11199, 159, 'Цех ', 'корзинкина', 0, '2021-03-21 21:00:00', 124, NULL),
(322, 41, '68345', 77, 220, 35, 6163, 43, 'Цех ', 'Вера ММЗ', 0, '2021-03-21 21:00:00', 124, NULL),
(323, 41, '54466', 77, 220, 35, 6163, 43, 'Цех ', 'Вера ММЗ', 0, '2021-03-21 21:00:00', 124, NULL),
(324, 41, '980766', 90, 520, 20, 6412, 64, 'Цех ', '', 0, '2021-03-21 21:00:00', 124, NULL),
(325, 41, '546534', 77, 300, 20, 7404, 40, 'Цех ', '', 0, '2021-03-21 21:00:00', 124, NULL),
(326, 41, '6765', 77, 160, 35, 2052, 10, 'Цех ', '', 0, '2021-03-21 21:00:00', 124, NULL),
(327, 41, '45666', 77, 680, 25, 7985, 124, 'Цех ', '', 0, '2021-03-21 21:00:00', 124, NULL),
(328, 41, '78877', 81, 250, 40, 678, 6, 'Цех ', '', 0, '2021-03-21 21:00:00', 124, NULL),
(329, 41, '8765', 81, 250, 40, 761, 7, 'Цех ', '', 0, '2021-03-21 21:00:00', 124, NULL),
(330, 41, '87654', 81, 420, 20, 8103, 62, 'Цех ', '', 0, '2021-03-21 21:00:00', 124, NULL),
(331, 41, '6544', 81, 420, 20, 10380, 79, 'Цех ', '', 0, '2021-03-21 21:00:00', 124, NULL),
(332, 41, '4534', 77, 1020, 25, 4283, 99, 'Цех ', '', 0, '2021-03-21 21:00:00', 124, NULL),
(333, 41, '87665', 90, 660, 20, 4908, 62, 'Цех ', '', 0, '2021-03-21 21:00:00', 124, NULL),
(334, 41, '76555', 77, 740, 25, 838, 14, 'Д 5 1 ', '', 0, '2021-03-21 21:00:00', 124, NULL),
(335, 41, '84098', 90, 800, 20, 4630, 71, 'Цех ', '', 0, '2021-03-21 21:00:00', 124, NULL),
(336, 41, '654556', 90, 460, 20, 6096, 54, 'Цех ', '', 0, '2021-03-21 21:00:00', 124, NULL),
(337, 41, '8775', 90, 500, 20, 1695, 16, 'Д 4 4', '', 0, '2021-03-21 21:00:00', 124, NULL),
(338, 41, '34566', 90, 340, 20, 1198, 8, 'Цех ', 'корзинкина куафер', 0, '2021-03-21 21:00:00', 124, NULL),
(339, 41, '65777', 90, 420, 20, 1356, 11, 'Д 4 3', '', 0, '2021-03-21 21:00:00', 124, NULL),
(340, 41, '987076', 90, 280, 20, 1198, 6, 'Д 4 3', '', 0, '2021-03-21 21:00:00', 124, NULL),
(341, 41, '45653', 90, 360, 20, 2463, 17, 'Цех ', '', 0, '2021-03-21 21:00:00', 124, NULL),
(343, 41, '1', 77, 200, 35, 2968, 19, 'Цех ', '', 0, '2021-03-21 21:00:00', 124, NULL),
(344, 41, '1', 90, 600, 20, 2848, 33, 'Д 5 1', '', 0, '2021-03-21 21:00:00', 124, NULL),
(345, 41, '1', 87, 570, 35, 424, 6, 'Цех ', '', 0, '2021-03-21 21:00:00', 124, NULL),
(346, 41, '1', 90, 420, 20, 904, 7, 'Цех ', '', 0, '2021-03-21 21:00:00', 124, NULL),
(347, 41, '1', 77, 440, 15, 1808, 11, 'Цех ', '', 0, '2021-03-21 21:00:00', 124, NULL),
(348, 41, '1', 81, 620, 20, 7610, 86, 'Цех ', '', 0, '2021-03-21 21:00:00', 124, NULL),
(349, 41, '1', 77, 260, 20, 4908, 23, 'Цех ', '', 0, '2021-03-21 21:00:00', 124, NULL),
(350, 41, '1', 87, 245, 30, 4490, 24, 'Цех ', '', 0, '2021-03-21 21:00:00', 124, NULL),
(351, 41, '1', 87, 245, 30, 4403, 23, 'Д 4 3', '', 0, '2021-03-21 21:00:00', 124, NULL),
(352, 41, '1', 81, 735, 15, 4343, 44, 'Цех ', '', 0, '2021-03-21 21:00:00', 124, NULL),
(353, 41, '1', 81, 660, 20, 1988, 24, 'Цех ', '', 0, '2021-03-21 21:00:00', 124, NULL),
(354, 41, '1', 77, 180, 35, 2869, 16, 'Цех ', '', 0, '2021-03-21 21:00:00', 124, NULL),
(355, 41, '1', 77, 180, 40, 2833, 19, 'Цех ', '', 0, '2021-03-21 21:00:00', 124, NULL),
(356, 41, '1', 77, 429, 15, 887, 5, 'Цех ', '', 0, '2021-03-21 21:00:00', 124, NULL),
(357, 41, '1', 77, 180, 35, 5931, 34, 'Цех ', '', 0, '2021-03-21 21:00:00', 124, NULL),
(358, 41, '1', 81, 260, 20, 7961, 38, 'Цех ', '', 0, '2021-03-21 21:00:00', 124, NULL),
(359, 41, '1', 77, 240, 25, 1905, 10, 'Цех ', '', 0, '2021-03-21 21:00:00', 124, NULL),
(360, 41, '1', 77, 175, 35, 615, 3, 'Цех ', '', 0, '2021-03-21 21:00:00', 124, NULL),
(361, 41, '1', 77, 175, 35, 615, 3, 'Цех ', '', 0, '2021-03-21 21:00:00', 124, NULL),
(362, 41, '1', 77, 175, 35, 615, 3, 'Цех ', '', 0, '2021-03-21 21:00:00', 124, NULL),
(363, 41, '1', 77, 175, 35, 615, 3, 'Цех ', '', 0, '2021-03-21 21:00:00', 124, NULL),
(364, 41, '1', 77, 180, 35, 4153, 24, 'Цех ', '', 0, '2021-03-21 21:00:00', 124, NULL),
(365, 41, '1', 77, 180, 35, 4076, 23, 'Цех ', 'Корзинкина Оковский лес', 0, '2021-03-21 21:00:00', 124, NULL),
(366, 41, '1', 77, 180, 35, 4153, 24, 'Цех ', '', 0, '2021-03-21 21:00:00', 124, NULL),
(367, 41, '1', 85, 210, 20, 7541, 29, 'Цех ', '', 0, '2021-03-21 21:00:00', 124, NULL),
(368, 41, '1', 81, 660, 20, 2804, 34, 'Цех ', '', 0, '2021-03-21 21:00:00', 124, NULL),
(369, 41, '1', 81, 750, 20, 2142, 29, 'Цех ', '', 0, '2021-03-21 21:00:00', 124, NULL),
(370, 41, '1', 87, 228, 35, 1180, 7, 'Цех ', '', 0, '2021-03-21 21:00:00', 124, NULL),
(371, 41, '1', 77, 180, 20, 4852, 16, 'Цех ', '', 0, '2021-03-21 21:00:00', 124, NULL),
(372, 41, '1', 81, 290, 20, 716, 4, 'Цех ', '', 0, '2021-03-21 21:00:00', 124, NULL),
(373, 41, '1', 81, 472, 30, 1533, 20, 'Цех ', 'корзинкина', 0, '2021-03-21 21:00:00', 124, NULL),
(374, 41, '1', 81, 620, 20, 451, 5, 'Цех ', '', 0, '2021-03-21 21:00:00', 124, NULL),
(375, 41, '1', 81, 480, 20, 473, 4, 'Цех ', 'Вера МПП \"Мевлана\"', 0, '2021-03-21 21:00:00', 124, NULL),
(376, 41, '1', 77, 158, 35, 1269, 6, 'Цех ', '', 0, '2021-03-21 21:00:00', 124, NULL),
(377, 41, '1', 81, 348, 20, 1356, 9, 'I 02', '', 0, '2021-03-21 21:00:00', 124, NULL),
(378, 41, '1', 81, 735, 15, 1319, 13, 'Цех ', '', 0, '2021-03-21 21:00:00', 124, NULL),
(379, 41, '1', 90, 540, 20, 1488, 15, 'Цех ', '', 0, '2021-03-21 21:00:00', 124, NULL),
(380, 41, '1', 81, 740, 20, 591, 8, 'Цех ', '', 0, '2021-03-21 21:00:00', 124, NULL),
(381, 41, '4536', 81, 400, 20, 904, 7, 'Цех ', '', 0, '2021-03-22 21:00:00', 124, NULL),
(382, 41, '3425', 77, 300, 35, 1180, 11, 'Д 4 3', 'бобимэкс', 0, '2021-03-22 21:00:00', 124, NULL),
(383, 41, '38766', 81, 270, 30, 512, 4, 'Цех ', '', 0, '2021-03-22 21:00:00', 124, NULL),
(384, 41, '09567', 87, 520, 35, 439, 6, 'Цех ', 'Олеся', 0, '2021-03-22 21:00:00', 124, NULL),
(385, 41, '54076', 81, 780, 40, 678, 19, 'Цех ', '', 0, '2021-03-22 21:00:00', 124, NULL),
(386, 41, '6778', 81, 780, 40, 761, 22, 'Цех ', '', 0, '2021-03-22 21:00:00', 124, NULL),
(387, 41, '3', 81, 780, 40, 678, 19, 'Цех ', '', 0, '2021-03-22 21:00:00', 124, NULL),
(388, 41, '56444', 81, 780, 40, 678, 19, 'Цех ', '', 0, '2021-03-22 21:00:00', 124, NULL),
(389, 41, '5678', 81, 780, 40, 452, 13, 'Цех ', '', 0, '2021-03-22 21:00:00', 124, NULL),
(390, 41, '987', 90, 550, 20, 10380, 110, 'Цех ', '', 0, '2021-03-22 21:00:00', 124, NULL),
(391, 41, '765', 81, 530, 20, 9591, 93, 'Цех ', '', 0, '2021-03-22 21:00:00', 124, NULL),
(392, 41, '789', 81, 530, 20, 9591, 93, 'Цех ', '', 0, '2021-03-22 21:00:00', 124, NULL),
(393, 41, '546', 77, 420, 20, 4096, 31, 'Цех ', '', 0, '2021-03-22 21:00:00', 124, NULL),
(394, 41, '345', 77, 570, 25, 2681, 35, 'Цех ', 'Вера ИП Колосницин', 0, '2021-03-22 21:00:00', 124, NULL),
(395, 41, '5876', 77, 440, 25, 958, 10, 'Цех ', '', 0, '2021-03-22 21:00:00', 124, NULL),
(396, 41, '9867', 77, 700, 25, 1218, 19, 'Цех ', '', 0, '2021-03-22 21:00:00', 124, NULL),
(397, 41, '876', 77, 460, 25, 838, 9, 'Цех ', '', 0, '2021-03-22 21:00:00', 124, NULL),
(398, 41, '3688', 77, 405, 20, 768, 6, 'Цех ', '', 0, '2021-03-22 21:00:00', 124, NULL),
(399, 41, '4567', 87, 300, 35, 4630, 35, 'Цех ', '', 0, '2021-03-22 21:00:00', 124, NULL),
(400, 41, '3456', 90, 1000, 20, 3608, 69, 'Цех ', '', 0, '2021-03-22 21:00:00', 124, NULL),
(401, 41, '45678', 87, 350, 30, 200, 2, 'Цех ', '', 0, '2021-03-22 21:00:00', 124, NULL),
(402, 41, '43323', 90, 700, 20, 9207, 124, 'Цех ', '', 0, '2021-03-22 21:00:00', 124, NULL),
(403, 41, '43455', 87, 720, 35, 2491, 45, 'Цех ', '', 0, '2021-03-22 21:00:00', 124, NULL),
(404, 41, '3456', 90, 770, 20, 768, 11, 'Цех ', '', 0, '2021-03-22 21:00:00', 124, NULL),
(405, 41, '345', 77, 360, 25, 512, 4, 'Цех ', '', 0, '2021-03-22 21:00:00', 124, NULL),
(406, 41, '6778', 87, 330, 30, 799, 6, 'Цех ', '', 0, '2021-03-22 21:00:00', 124, NULL),
(407, 41, '4566', 77, 1280, 20, 5353, 125, 'Цех ', '', 0, '2021-03-22 21:00:00', 124, NULL),
(408, 41, '3455', 77, 200, 25, 8304, 38, 'Цех ', '', 0, '2021-03-22 21:00:00', 124, NULL),
(409, 41, '4566', 77, 190, 25, 1808, 8, 'Цех ', '', 0, '2021-03-22 21:00:00', 124, NULL),
(410, 41, '5678', 81, 560, 15, 2752, 21, 'Д 4 (1)', '', 0, '2021-03-22 21:00:00', 124, NULL),
(411, 41, '4567', 90, 340, 20, 8832, 58, 'Д 3 1', '', 0, '2021-03-22 21:00:00', 124, NULL),
(412, 41, '6788', 90, 1200, 20, 602, 14, 'Цех ', '', 0, '2021-03-22 21:00:00', 124, NULL),
(413, 41, '3677', 77, 1120, 25, 2681, 68, 'Цех ', '', 0, '2021-03-22 21:00:00', 124, NULL),
(414, 41, '4455', 81, 1590, 20, 3087, 89, 'Цех ', '', 0, '2021-03-22 21:00:00', 124, NULL),
(415, 41, '5664', 90, 460, 20, 5194, 46, 'Цех ', '', 0, '2021-03-22 21:00:00', 124, NULL),
(416, 41, '49865', 90, 480, 20, 6096, 56, 'Д 6 4', '', 0, '2021-03-22 21:00:00', 124, NULL),
(417, 41, '456', 90, 490, 20, 9207, 87, 'С7', '', 0, '2021-03-22 21:00:00', 124, NULL),
(418, 41, '4567', 90, 500, 20, 3840, 37, 'С7', '', 0, '2021-03-22 21:00:00', 124, NULL),
(419, 41, '455', 90, 350, 20, 6735, 45, 'Е 28 1', '', 0, '2021-03-22 21:00:00', 124, NULL),
(420, 41, '567', 90, 350, 20, 7750, 52, 'Е 28 1 ', '', 0, '2021-03-22 21:00:00', 124, NULL),
(421, 41, '6543', 90, 350, 20, 7750, 52, 'С7', '', 0, '2021-03-22 21:00:00', 124, NULL),
(422, 41, '3956', 90, 460, 20, 9591, 85, 'Е 28 1', '', 0, '2021-03-22 21:00:00', 124, NULL),
(423, 41, '654', 90, 470, 20, 6735, 61, 'Е 28 1', '', 0, '2021-03-22 21:00:00', 124, NULL),
(424, 41, '5443', 90, 700, 20, 9591, 129, 'Е 27 1', '', 0, '2021-03-22 21:00:00', 124, NULL),
(425, 41, '5780', 90, 380, 20, 6412, 47, 'Е 28 1', '', 0, '2021-03-22 21:00:00', 124, NULL),
(426, 41, '8765', 77, 360, 25, 4390, 36, 'Е 28 2', '', 0, '2021-03-22 21:00:00', 124, NULL),
(427, 41, '56654', 77, 410, 25, 5652, 53, 'Е 28 2', '', 0, '2021-03-22 21:00:00', 124, NULL),
(428, 41, '8345', 77, 260, 15, 8549, 30, 'Е 28 2', '', 0, '2021-03-22 21:00:00', 124, NULL),
(429, 41, '4234', 77, 260, 15, 8128, 29, 'Д 4 4', '', 0, '2021-03-22 21:00:00', 124, NULL),
(430, 41, '8990', 77, 260, 15, 6544, 23, 'Е 28 2', '', 0, '2021-03-22 21:00:00', 124, NULL),
(431, 41, '23466', 77, 305, 15, 3284, 14, 'Е 28 2', '', 0, '2021-03-22 21:00:00', 124, NULL),
(432, 41, '7655', 77, 520, 30, 4936, 70, 'Е 28 3', '', 0, '2021-03-22 21:00:00', 124, NULL),
(433, 41, '7487', 77, 600, 40, 2743, 60, 'Е 28 3', '', 0, '2021-03-22 21:00:00', 124, NULL),
(434, 41, '5366', 77, 260, 20, 5487, 26, 'Е 28 2', '', 0, '2021-03-22 21:00:00', 124, NULL),
(435, 41, '456', 77, 920, 35, 3578, 105, 'А10', '', 0, '2021-03-22 21:00:00', 124, NULL),
(436, 41, '4556', 90, 1000, 20, 5996, 115, 'А10', '', 0, '2021-03-22 21:00:00', 124, NULL),
(437, 41, '5677', 77, 1240, 35, 6543, 258, 'А10', '', 0, '2021-03-22 21:00:00', 124, NULL),
(438, 41, '54445', 77, 640, 20, 3608, 42, 'А10', '', 0, '2021-03-22 21:00:00', 124, NULL),
(439, 41, '7665', 90, 1590, 20, 7404, 226, 'А10', '', 0, '2021-03-22 21:00:00', 124, NULL),
(440, 41, '43346', 77, 1020, 35, 3733, 121, 'А10', '', 0, '2021-03-22 21:00:00', 124, NULL),
(441, 41, '53355', 90, 1440, 20, 5479, 151, 'А10', '', 0, '2021-03-22 21:00:00', 124, NULL),
(442, 41, '7654', 77, 1290, 25, 986, 29, 'А10', '', 0, '2021-03-22 21:00:00', 124, NULL),
(443, 41, '4567', 81, 1560, 20, 5353, 152, 'А10', '', 0, '2021-03-22 21:00:00', 124, NULL),
(444, 41, '8765', 81, 1200, 15, 6971, 114, 'А10', '', 0, '2021-03-22 21:00:00', 124, NULL),
(445, 41, '6654', 81, 1460, 20, 4159, 111, 'А10', '', 0, '2021-03-22 21:00:00', 124, NULL),
(446, 41, '8665', 90, 1440, 20, 2987, 83, 'А10', '', 0, '2021-03-22 21:00:00', 124, NULL),
(447, 41, '8776', 90, 925, 20, 9667, 172, 'А8', '', 0, '2021-03-22 21:00:00', 124, NULL),
(448, 41, '6544', 87, 525, 35, 685, 9, 'А8', 'Олеся', 0, '2021-03-22 21:00:00', 124, NULL),
(449, 41, '6654', 81, 1320, 20, 1918, 46, 'А8', 'ПМ Эскимо', 0, '2021-03-22 21:00:00', 124, NULL),
(450, 41, '346', 77, 1540, 35, 860, 42, 'А8', '', 0, '2021-03-22 21:00:00', 124, NULL),
(451, 41, '766', 81, 495, 30, 1642, 22, 'Д 7 1', 'корзинкина', 0, '2021-03-22 21:00:00', 124, NULL),
(452, 41, '7544', 81, 315, 20, 8832, 51, 'Д 5 2', '', 0, '2021-03-22 21:00:00', 124, NULL),
(453, 41, '8765', 81, 460, 20, 5727, 48, 'Д 5 2', 'Питер. мор.', 0, '2021-03-22 21:00:00', 124, NULL),
(454, 41, '87655', 77, 360, 40, 5311, 70, 'Е 25 4', '', 0, '2021-03-22 21:00:00', 124, NULL),
(455, 41, '45666', 77, 300, 35, 2805, 27, 'Е 25 4', ' бобимэкс', 0, '2021-03-22 21:00:00', 124, NULL),
(456, 41, '4455', 77, 360, 40, 1402, 18, 'Е 25 4', '', 0, '2021-03-22 21:00:00', 124, NULL),
(457, 41, '8765', 81, 1105, 40, 2740, 110, 'А8', '', 0, '2021-03-22 21:00:00', 124, NULL),
(458, 41, '54455', 77, 1220, 30, 7278, 242, 'А8', '', 0, '2021-03-22 21:00:00', 124, NULL),
(459, 41, '876', 77, 1220, 30, 2660, 89, 'А8', '', 0, '2021-03-22 21:00:00', 124, NULL),
(460, 41, '43345', 81, 640, 20, 10219, 119, 'Д 7 1', '', 0, '2021-03-22 21:00:00', 124, NULL),
(461, 41, '75445', 85, 725, 20, 2631, 35, 'Д 7 1', '', 0, '2021-03-22 21:00:00', 124, NULL),
(462, 41, '5678', 90, 320, 20, 5194, 32, 'Д 7 1', 'корзинкина куафер', 0, '2021-03-22 21:00:00', 124, NULL),
(463, 41, '64445', 77, 320, 20, 2064, 12, 'Е 25 4', '', 0, '2021-03-22 21:00:00', 124, NULL),
(464, 41, '8765', 77, 1540, 40, 1024, 57, 'А8', '', 0, '2021-03-22 21:00:00', 124, NULL),
(465, 41, '8643', 77, 230, 35, 2805, 21, 'Е 25 4', 'Вера ММЗ', 0, '2021-03-22 21:00:00', 124, NULL),
(466, 41, '45677', 81, 640, 20, 9981, 116, 'Д 7 1', '', 0, '2021-03-22 21:00:00', 124, NULL),
(467, 41, '5434', 81, 1060, 20, 7066, 136, 'А8', 'сыркофф', 0, '2021-03-22 21:00:00', 124, NULL),
(468, 41, '5554', 90, 480, 20, 6096, 56, 'Д 6 4', '', 0, '2021-03-23 21:00:00', 124, NULL),
(469, 41, '8876', 77, 280, 20, 3351, 17, 'Е 25 4', '', 0, '2021-03-23 21:00:00', 124, NULL),
(470, 41, '8776', 87, 530, 30, 5166, 59, 'Д 6 4', '', 0, '2021-03-23 21:00:00', 124, NULL),
(471, 41, '6544', 77, 410, 35, 2194, 29, 'А8', 'Светлояр', 0, '2021-03-23 21:00:00', 124, NULL),
(472, 41, '7643', 87, 285, 40, 3702, 30, 'А8', '', 0, '2021-03-23 21:00:00', 124, NULL),
(473, 41, '3567', 77, 410, 40, 813, 12, 'Е 25 4', '', 0, '2021-03-23 21:00:00', 124, NULL),
(474, 41, '8753', 81, 500, 20, 8832, 80, 'Д 6 1', '', 0, '2021-03-23 21:00:00', 124, NULL),
(475, 41, '7543', 90, 925, 20, 7810, 139, 'А8', '', 0, '2021-03-23 21:00:00', 124, NULL),
(476, 41, '34567', 77, 1280, 30, 1279, 45, 'А8', '', 0, '2021-03-23 21:00:00', 124, NULL),
(477, 41, '53346', 81, 1060, 20, 8639, 167, 'А8', 'сыркофф', 0, '2021-03-23 21:00:00', 124, NULL),
(478, 41, '86445', 77, 430, 15, 2752, 16, 'Е 25 4', '', 0, '2021-03-23 21:00:00', 124, NULL),
(479, 41, '8643', 81, 1040, 20, 2789, 53, 'А8', '', 0, '2021-03-23 21:00:00', 124, NULL),
(480, 41, '64357', 77, 390, 15, 8128, 43, 'А8', '', 0, '2021-03-23 21:00:00', 124, NULL),
(481, 41, '64356', 81, 920, 20, 3555, 60, 'А8', '', 0, '2021-03-23 21:00:00', 124, NULL),
(482, 41, '6544', 90, 480, 20, 6096, 56, 'Д 6 4', '', 0, '2021-03-23 21:00:00', 124, NULL),
(483, 41, '3578', 85, 800, 20, 5369, 78, 'А8', '', 0, '2021-03-23 21:00:00', 124, NULL),
(484, 41, '86556', 87, 360, 35, 1455, 13, 'Е 25 4', '', 0, '2021-03-23 21:00:00', 124, NULL),
(485, 41, '3567', 77, 480, 35, 2340, 36, 'Е 25 4', 'Сетлояр', 0, '2021-03-23 21:00:00', 124, NULL),
(486, 41, '87537', 90, 480, 20, 6735, 62, 'Д 6 3', '', 0, '2021-03-23 21:00:00', 124, NULL),
(487, 41, '6557', 77, 580, 30, 4064, 64, 'А8', '', 0, '2021-03-23 21:00:00', 124, NULL),
(488, 41, '57546', 77, 580, 30, 4064, 64, 'А8', '', 0, '2021-03-23 21:00:00', 124, NULL),
(489, 41, '76446', 77, 220, 20, 1876, 8, 'Д 5 4', '', 0, '2021-03-23 21:00:00', 124, NULL),
(490, 41, '3457', 81, 490, 30, 3272, 44, 'Д 6 1', 'корзинкина', 0, '2021-03-23 21:00:00', 124, NULL),
(491, 41, '76546', 81, 385, 30, 2906, 31, 'Д 6 1', 'корзинкина', 0, '2021-03-23 21:00:00', 124, NULL),
(492, 41, '6546', 90, 520, 20, 1876, 19, 'Д 6 4', '', 0, '2021-03-23 21:00:00', 124, NULL),
(493, 41, '5456', 87, 500, 35, 1072, 14, 'А7', 'Олеся', 0, '2021-03-23 21:00:00', 124, NULL),
(494, 41, '73806', 81, 700, 20, 8103, 103, 'А7', '', 0, '2021-03-23 21:00:00', 124, NULL),
(495, 41, '73806', 81, 700, 20, 8103, 103, 'А7', '', 0, '2021-03-23 21:00:00', 124, NULL),
(496, 41, '7566', 81, 1590, 20, 6329, 183, 'А7', '', 0, '2021-03-23 21:00:00', 124, NULL),
(497, 41, '34567', 77, 1240, 35, 1096, 43, 'А7', '', 0, '2021-03-23 21:00:00', 124, NULL),
(498, 41, '7567', 81, 980, 20, 4446, 79, 'А7', '', 0, '2021-03-23 21:00:00', 124, NULL),
(499, 41, '7656', 90, 340, 20, 5788, 38, 'А7', '', 0, '2021-03-23 21:00:00', 124, NULL),
(500, 41, '7557', 81, 385, 15, 6173, 32, 'А7', '', 0, '2021-03-23 21:00:00', 124, NULL),
(501, 41, '46764', 77, 390, 25, 3704, 33, 'А7', '', 0, '2021-03-23 21:00:00', 124, NULL),
(502, 41, '8667', 77, 400, 35, 3483, 44, 'А7', '', 0, '2021-03-23 21:00:00', 124, NULL),
(503, 41, '6467', 87, 740, 30, 5402, 86, 'А7', '', 0, '2021-03-23 21:00:00', 124, NULL),
(504, 41, '3865', 87, 220, 35, 5047, 28, 'А7', '', 0, '2021-03-23 21:00:00', 124, NULL),
(505, 41, '75578', 87, 340, 30, 6138, 45, 'А7', '', 0, '2021-03-23 21:00:00', 124, NULL),
(506, 41, '46854', 77, 200, 25, 3926, 18, 'Е 25 4', '', 0, '2021-03-23 21:00:00', 124, NULL),
(507, 41, '5456', 87, 220, 30, 5888, 28, 'А7', '', 0, '2021-03-23 21:00:00', 124, NULL),
(508, 41, '7557', 87, 220, 30, 3272, 16, 'А7', '', 0, '2021-03-23 21:00:00', 124, NULL),
(509, 41, '356', 77, 530, 25, 7366, 89, 'А7', '', 0, '2021-03-23 21:00:00', 124, NULL),
(510, 41, '86557', 77, 530, 25, 2494, 30, 'А7', '', 0, '2021-03-23 21:00:00', 124, NULL),
(511, 41, '6445', 77, 370, 35, 4630, 55, 'Д 5 4', 'Вера ММЗ', 0, '2021-03-23 21:00:00', 124, NULL),
(512, 41, '6556', 77, 270, 25, 4390, 27, 'А7', '', 0, '2021-03-23 21:00:00', 124, NULL),
(513, 41, '34674', 90, 475, 20, 9207, 84, 'Д 5 4', '', 0, '2021-03-23 21:00:00', 124, NULL),
(514, 41, '76677', 87, 220, 35, 5047, 28, 'А7', '', 0, '2021-03-23 21:00:00', 124, NULL),
(515, 41, '4678', 87, 220, 35, 5047, 28, 'А7', '', 0, '2021-03-23 21:00:00', 124, NULL),
(516, 41, '46765', 87, 220, 30, 3658, 17, 'А7', '', 0, '2021-03-23 21:00:00', 124, NULL),
(517, 41, '76567', 87, 280, 30, 3272, 20, 'Д 5 4', '', 0, '2021-03-23 21:00:00', 124, NULL),
(518, 41, '45654', 77, 530, 20, 4908, 47, 'А7', '', 0, '2021-03-23 21:00:00', 124, NULL),
(519, 41, '7567', 87, 220, 30, 5888, 28, 'А7', '', 0, '2021-03-23 21:00:00', 124, NULL),
(520, 41, '4346', 77, 530, 20, 8832, 85, 'А7', '', 0, '2021-03-23 21:00:00', 124, NULL),
(521, 41, '5676', 77, 360, 25, 3704, 30, 'Е 25 4', '', 0, '2021-03-23 21:00:00', 124, NULL),
(522, 41, '5456', 81, 240, 40, 3048, 27, 'Е 27 3', '', 0, '2021-03-23 21:00:00', 124, NULL),
(523, 41, '6556', 81, 240, 40, 3048, 27, 'Д 6 1', '', 0, '2021-03-23 21:00:00', 124, NULL),
(524, 41, '6556', 81, 660, 20, 2463, 30, 'Е 27 3', '', 0, '2021-03-23 21:00:00', 124, NULL),
(525, 41, '4566', 81, 565, 15, 12788, 99, 'Д 6 2', '', 0, '2021-03-23 21:00:00', 124, NULL),
(526, 41, '6567', 81, 1240, 20, 2137, 48, 'С6', '', 0, '2021-03-23 21:00:00', 124, NULL),
(527, 41, '6567', 81, 620, 30, 1642, 28, 'Д 6 2', 'Вера МПП', 0, '2021-03-23 21:00:00', 124, NULL),
(528, 41, '5677', 81, 540, 20, 2892, 28, 'Е 27 3', '', 0, '2021-03-23 21:00:00', 124, NULL),
(529, 41, '65667', 81, 470, 20, 8103, 69, 'С6', 'АМС Медиа', 0, '2021-03-23 21:00:00', 124, NULL),
(530, 41, '5667', 81, 705, 20, 9591, 123, 'Д 8 1', '', 0, '2021-03-23 21:00:00', 124, NULL),
(531, 41, '46753', 77, 600, 35, 1782, 34, 'Е 28 2', '', 0, '2021-03-23 21:00:00', 124, NULL),
(532, 41, '64567', 87, 245, 30, 1928, 10, 'Е 28 3', '', 0, '2021-03-23 21:00:00', 124, NULL),
(533, 41, '5677', 87, 1160, 35, 748, 22, 'С6', '', 0, '2021-03-23 21:00:00', 124, NULL),
(534, 41, '6566', 87, 640, 30, 2906, 40, 'Е 28 3', '', 0, '2021-03-23 21:00:00', 124, NULL),
(535, 41, '4567', 87, 300, 35, 2805, 21, 'Е 28 3', '', 0, '2021-03-23 21:00:00', 124, NULL),
(536, 41, '4677', 87, 570, 35, 969, 14, 'Е 28 3', '', 0, '2021-03-23 21:00:00', 124, NULL),
(537, 41, '5456', 87, 520, 35, 1408, 18, 'Е 28 3', 'Олеся', 0, '2021-03-23 21:00:00', 124, NULL),
(538, 41, '7566', 87, 310, 35, 4630, 36, 'Е 28 3', '', 0, '2021-03-23 21:00:00', 124, NULL),
(539, 41, '8657', 87, 740, 30, 799, 13, 'Е 28 3', '', 0, '2021-03-23 21:00:00', 124, NULL),
(540, 41, '6457', 87, 560, 30, 1251, 15, 'Е 28 3', '', 0, '2021-03-23 21:00:00', 124, NULL),
(541, 41, '5545', 77, 310, 25, 1501, 11, 'Е 28 2', '', 0, '2021-03-23 21:00:00', 124, NULL),
(542, 41, '7566', 77, 610, 25, 1085, 15, 'Е 28 2', '', 0, '2021-03-23 21:00:00', 124, NULL),
(543, 41, '5677', 77, 260, 25, 5388, 32, 'Д 4 4', '', 0, '2021-03-23 21:00:00', 124, NULL),
(544, 41, '5677', 77, 730, 25, 1085, 18, 'Е 28 4', '', 0, '2021-03-23 21:00:00', 124, NULL),
(545, 41, '7567', 77, 820, 40, 1032, 31, 'Е 28 4', '', 0, '2021-03-23 21:00:00', 124, NULL),
(546, 41, '6566', 77, 730, 25, 1218, 20, 'Е 28 4', '', 0, '2021-03-23 21:00:00', 124, NULL),
(547, 41, '4567', 77, 730, 20, 1522, 20, 'Е 28 2', '', 0, '2021-03-23 21:00:00', 124, NULL),
(548, 41, '6567', 77, 690, 25, 1356, 21, 'Е 28 4', '', 0, '2021-03-23 21:00:00', 124, NULL),
(549, 41, '766567', 77, 690, 25, 2314, 36, 'С7', '', 0, '2021-03-23 21:00:00', 124, NULL),
(550, 41, '5677', 77, 460, 20, 1047, 9, 'Е 28 2', '', 0, '2021-03-23 21:00:00', 124, NULL),
(551, 41, '8667', 77, 490, 25, 1356, 15, 'С7', '', 0, '2021-03-23 21:00:00', 124, NULL),
(552, 41, '45754', 87, 530, 30, 1015, 12, 'Е 28 3', '', 0, '2021-03-23 21:00:00', 124, NULL),
(553, 41, '54678', 87, 730, 35, 1072, 20, 'Е 28 3', '', 0, '2021-03-23 21:00:00', 124, NULL),
(554, 41, '7678', 85, 340, 20, 8464, 52, 'Е 26 2', 'биотека', 0, '2021-03-23 21:00:00', 124, NULL),
(555, 41, '7678', 85, 340, 20, 8464, 52, 'С7', '', 0, '2021-03-23 21:00:00', 124, NULL),
(556, 41, '7567', 77, 300, 20, 2463, 13, 'С7', '', 0, '2021-03-23 21:00:00', 124, NULL),
(557, 41, '6788', 77, 300, 25, 1971, 13, 'С7', '', 0, '2021-03-23 21:00:00', 124, NULL),
(558, 41, '46644', 77, 450, 25, 1651, 17, 'Е 28 2', '', 0, '2021-03-23 21:00:00', 124, NULL),
(559, 41, '56765', 77, 700, 25, 1218, 19, 'Е 28 4', '', 0, '2021-03-23 21:00:00', 124, NULL),
(560, 41, '657764', 77, 360, 25, 838, 7, 'Е 28 4', '', 0, '2021-03-23 21:00:00', 124, NULL),
(561, 41, '6456', 87, 315, 35, 1653, 13, 'Е 28 4', '', 0, '2021-03-23 21:00:00', 124, NULL),
(562, 41, '5777', 77, 290, 35, 1408, 13, 'Е 28 3', 'Вера ММЗ', 0, '2021-03-23 21:00:00', 124, NULL),
(563, 41, '54457', 77, 230, 25, 2314, 12, 'Е 28 2', '', 0, '2021-03-23 21:00:00', 124, NULL),
(564, 41, '4567', 87, 1160, 30, 872, 22, 'С7', '', 0, '2021-03-23 21:00:00', 124, NULL),
(565, 41, '5456', 77, 400, 20, 1047, 8, 'Е 28 4', '', 0, '2021-03-23 21:00:00', 124, NULL),
(566, 41, '58888', 87, 380, 30, 904, 7, 'Е 28 3', '', 0, '2021-03-23 21:00:00', 124, NULL),
(567, 41, '5445', 77, 730, 20, 3840, 51, 'Цех ', '', 0, '2021-03-24 21:00:00', 124, NULL),
(568, 41, '64456', 77, 470, 20, 768, 7, 'Д 4 3', 'Вера МПП \"Мевлана\"', 0, '2021-03-24 21:00:00', 124, NULL),
(569, 41, '5678', 77, 440, 25, 2314, 23, 'Цех ', '', 0, '2021-03-24 21:00:00', 124, NULL),
(570, 41, '5466', 77, 440, 25, 2314, 23, 'Цех ', '', 0, '2021-03-24 21:00:00', 124, NULL),
(571, 41, '6567', 77, 440, 25, 2314, 23, 'Цех ', '', 0, '2021-03-24 21:00:00', 124, NULL),
(572, 41, '6557', 77, 370, 25, 3487, 29, 'Цех ', '', 0, '2021-03-24 21:00:00', 124, NULL),
(573, 41, '5456', 77, 310, 35, 2491, 25, 'Цех ', '', 0, '2021-03-24 21:00:00', 124, NULL),
(574, 41, '467', 87, 770, 30, 1376, 23, 'I 04', '', 0, '2021-03-24 21:00:00', 124, NULL),
(575, 41, '4677', 87, 660, 30, 904, 13, 'Цех ', '', 0, '2021-03-24 21:00:00', 124, NULL),
(576, 41, '5567', 77, 220, 20, 8103, 32, 'Цех ', '', 0, '2021-03-24 21:00:00', 124, NULL),
(577, 41, '3566', 87, 250, 35, 3135, 20, 'Цех ', '', 0, '2021-03-24 21:00:00', 124, NULL),
(578, 41, '7556', 87, 250, 35, 3135, 20, 'Цех ', '', 0, '2021-03-24 21:00:00', 124, NULL),
(579, 41, '75578', 87, 250, 35, 3135, 20, 'Цех ', '', 0, '2021-03-24 21:00:00', 124, NULL),
(580, 41, '4678', 87, 250, 35, 3135, 20, 'Цех ', '', 0, '2021-03-24 21:00:00', 124, NULL),
(581, 41, '65467', 87, 250, 35, 3135, 20, 'Цех ', '', 0, '2021-03-24 21:00:00', 124, NULL),
(582, 41, '4578', 87, 440, 35, 3135, 35, 'Цех ', '', 0, '2021-03-24 21:00:00', 124, NULL),
(583, 41, '5678', 77, 373, 25, 1971, 17, 'Цех ', 'Колос', 0, '2021-03-24 21:00:00', 124, NULL),
(584, 41, '5567', 90, 460, 20, 3840, 34, 'Цех ', '', 0, '2021-03-24 21:00:00', 124, NULL),
(585, 41, '465347', 90, 560, 20, 6735, 72, 'Цех ', 'Студиопак', 0, '2021-03-24 21:00:00', 124, NULL),
(586, 41, '4567', 85, 480, 20, 1356, 12, 'Цех ', '', 0, '2021-03-24 21:00:00', 124, NULL),
(587, 41, '64467', 77, 645, 20, 4908, 58, 'Цех ', '', 0, '2021-03-24 21:00:00', 124, NULL),
(588, 41, '4567', 77, 710, 20, 3840, 50, 'Цех ', '', 0, '2021-03-24 21:00:00', 124, NULL),
(589, 41, '467743', 77, 590, 15, 2260, 18, 'Цех ', '', 0, '2021-03-24 21:00:00', 124, NULL),
(590, 41, '6788', 85, 1080, 20, 3087, 61, 'Цех ', '', 0, '2021-03-24 21:00:00', 124, NULL),
(591, 41, '6777', 77, 400, 20, 8103, 59, 'Д 5 4', 'Шпуля смята', 0, '2021-03-24 21:00:00', 124, NULL),
(592, 41, '76567', 77, 400, 30, 1130, 12, 'Е 25 4', '', 0, '2021-03-24 21:00:00', 124, NULL),
(595, 41, '5677', 77, 520, 40, 2180, 41, 'А8', 'Шпуля смята', 0, '2021-03-24 21:00:00', 124, NULL),
(596, 41, '7567', 85, 480, 20, 7404, 65, 'Цех ', '', 0, '2021-03-24 21:00:00', 124, NULL),
(597, 41, '7567', 85, 480, 20, 7404, 65, 'Цех ', '', 0, '2021-03-24 21:00:00', 124, NULL),
(598, 41, '7567', 85, 480, 20, 7404, 65, 'Цех ', '', 0, '2021-03-24 21:00:00', 124, NULL),
(599, 41, '4566', 77, 460, 20, 2064, 17, 'Д 5 4', '', 0, '2021-03-24 21:00:00', 124, NULL),
(600, 41, '56677', 87, 440, 35, 870, 10, 'С7', 'ЕС ЧПА', 0, '2021-03-24 21:00:00', 124, NULL),
(601, 41, '45666', 77, 440, 25, 4390, 44, 'С7', '', 0, '2021-03-24 21:00:00', 124, NULL),
(602, 41, '67777', 87, 180, 35, 4630, 21, 'С7', '', 0, '2021-03-24 21:00:00', 124, NULL),
(603, 41, '57776', 90, 1240, 20, 2597, 62, 'С7', '', 0, '2021-03-24 21:00:00', 124, NULL),
(604, 41, '74567', 77, 270, 35, 2194, 19, 'А5', 'Вера ММЗ', 0, '2021-03-24 21:00:00', 124, NULL),
(605, 41, '65677', 77, 1560, 25, 3793, 135, 'А5', '', 0, '2021-03-24 21:00:00', 124, NULL),
(606, 41, '35774', 90, 1000, 20, 8107, 156, 'А5', '', 0, '2021-03-24 21:00:00', 124, NULL),
(607, 41, '544387', 77, 1380, 25, 2886, 91, 'А5', '', 0, '2021-03-24 21:00:00', 124, NULL),
(608, 41, '75568', 81, 250, 20, 3840, 17, 'Д 7 1', 'Шпуля плохая', 0, '2021-03-24 21:00:00', 124, NULL),
(609, 41, '3467', 81, 380, 20, 6735, 47, 'Д 7 1', 'Аэрс Мед', 0, '2021-03-24 21:00:00', 124, NULL),
(610, 41, '35654', 81, 700, 20, 2463, 31, 'Д 7 1', '', 0, '2021-03-24 21:00:00', 124, NULL),
(611, 41, '4477', 81, 470, 20, 3840, 33, 'I 02', 'АМС Медиа', 0, '2021-03-24 21:00:00', 124, NULL),
(612, 41, '56347', 90, 400, 20, 4908, 38, 'А5', 'Шпуля плохая', 0, '2021-03-24 21:00:00', 124, NULL),
(613, 41, '6457', 81, 370, 20, 2064, 14, 'С6', 'Аэрс Мед', 0, '2021-03-24 21:00:00', 124, NULL),
(614, 41, '4676', 81, 480, 20, 2064, 18, 'С6', '', 0, '2021-03-24 21:00:00', 124, NULL),
(615, 41, '4677', 81, 680, 20, 1356, 17, 'С6', '', 0, '2021-03-24 21:00:00', 124, NULL),
(616, 41, '56887', 81, 470, 20, 4908, 42, 'А5', '', 0, '2021-03-24 21:00:00', 124, NULL),
(617, 41, '4764', 77, 365, 25, 1356, 11, 'Д 7 1', 'Шприцы ', 0, '2021-03-24 21:00:00', 124, NULL),
(618, 41, '54567', 77, 320, 25, 1356, 10, 'Д 7 1', '', 0, '2021-03-24 21:00:00', 124, NULL),
(619, 41, '46654', 87, 200, 35, 3483, 18, 'Д 7 1', '', 0, '2021-03-24 21:00:00', 124, NULL),
(620, 41, '5567', 81, 550, 20, 8103, 81, 'А5', '', 0, '2021-03-24 21:00:00', 124, NULL),
(621, 41, '234', 77, 600, 25, 5868, 80, 'Цех ', '', 0, '2021-03-25 21:00:00', 124, NULL),
(622, 41, '65567', 81, 490, 40, 848, 15, 'Цех ', '', 0, '2021-03-25 21:00:00', 124, NULL),
(623, 41, '5566', 90, 460, 20, 1047, 9, 'Цех ', '', 0, '2021-03-25 21:00:00', 124, NULL),
(624, 41, '65677', 77, 500, 35, 4630, 74, 'Цех ', '', 0, '2021-03-25 21:00:00', 124, NULL),
(625, 41, '3456', 87, 440, 35, 3483, 39, 'Цех ', 'ЕС ЧПА', 0, '2021-03-25 21:00:00', 124, NULL),
(626, 41, '4566', 77, 360, 20, 8103, 53, 'Цех ', '', 0, '2021-03-25 21:00:00', 124, NULL),
(627, 41, '5677', 77, 360, 20, 8103, 53, 'Цех ', 'Аэрс-мед', 0, '2021-03-25 21:00:00', 124, NULL),
(628, 41, '46664', 77, 360, 20, 8103, 53, 'Цех ', 'Аэрс-мед', 0, '2021-03-25 21:00:00', 124, NULL),
(629, 41, '4566', 77, 360, 20, 8103, 53, 'Цех ', 'Аэрс-мед', 0, '2021-03-25 21:00:00', 124, NULL),
(630, 41, '4566', 77, 360, 20, 8103, 53, 'Цех ', 'Аэрс-мед', 0, '2021-03-25 21:00:00', 124, NULL),
(631, 41, '5677', 77, 760, 20, 4908, 68, 'Цех ', '', 0, '2021-03-25 21:00:00', 124, NULL),
(632, 41, '4578', 90, 380, 20, 768, 6, 'Цех ', '', 0, '2021-03-25 21:00:00', 124, NULL),
(633, 41, '7566', 77, 300, 20, 6735, 37, 'Цех ', '', 0, '2021-03-25 21:00:00', 124, NULL),
(634, 41, '6566', 77, 300, 20, 6735, 37, 'I 05', '', 0, '2021-03-25 21:00:00', 124, NULL),
(635, 41, '6567', 77, 360, 30, 5405, 53, 'Цех ', '', 0, '2021-03-25 21:00:00', 124, NULL);
INSERT INTO `roll` (`id`, `supplier_id`, `id_from_supplier`, `film_brand_id`, `width`, `thickness`, `length`, `net_weight`, `cell`, `comment`, `is_unknown`, `date`, `storekeeper_id`, `cut_wind_id`) VALUES
(636, 41, '4566', 77, 780, 30, 5405, 115, 'Цех ', '', 0, '2021-03-25 21:00:00', 124, NULL),
(637, 41, '46665', 85, 830, 20, 2064, 31, 'Цех ', '', 0, '2021-03-25 21:00:00', 124, NULL),
(638, 41, '56777', 77, 430, 25, 3072, 30, 'Цех ', '', 0, '2021-03-25 21:00:00', 124, NULL),
(639, 41, '5566', 81, 420, 20, 6096, 47, 'Цех ', 'Миловидова', 0, '2021-03-25 21:00:00', 124, NULL),
(640, 41, '5666', 81, 1020, 20, 2064, 38, 'Цех ', '', 0, '2021-03-25 21:00:00', 124, NULL),
(641, 41, '86678', 77, 600, 25, 7673, 105, 'Цех ', '', 0, '2021-03-25 21:00:00', 124, NULL),
(642, 41, '4345', 90, 410, 20, 904, 7, 'Е 28 3', '', 0, '2021-03-28 21:00:00', 124, NULL),
(643, 41, '53456', 90, 700, 20, 1695, 23, 'Е 28 3', '', 0, '2021-03-28 21:00:00', 124, NULL),
(644, 41, '6555', 87, 280, 35, 297, 2, 'Е 26 2', '', 0, '2021-03-28 21:00:00', 124, NULL),
(645, 41, '44555', 87, 190, 35, 3483, 17, 'Е 27 3', '', 0, '2021-03-28 21:00:00', 124, NULL),
(646, 41, '54556', 77, 690, 25, 1971, 31, 'Е 26 2', '', 0, '2021-03-28 21:00:00', 124, NULL),
(647, 41, '54455', 77, 400, 20, 8103, 59, 'С7', '', 0, '2021-03-28 21:00:00', 124, NULL),
(648, 41, '75556', 90, 510, 20, 6096, 60, 'Е 26 2', '', 0, '2021-03-28 21:00:00', 124, NULL),
(649, 41, '6456', 85, 520, 20, 1522, 14, 'С7', '', 0, '2021-03-28 21:00:00', 124, NULL),
(650, 41, '5 гнев ', 77, 540, 20, 1047, 10, 'Е 27 3', '', 0, '2021-03-28 21:00:00', 124, NULL),
(651, 41, '54455', 77, 320, 40, 384, 4, 'Е 26 2', '', 0, '2021-03-28 21:00:00', 124, NULL),
(652, 41, '4566', 77, 245, 40, 384, 3, 'Е 26 2', '', 0, '2021-03-28 21:00:00', 124, NULL),
(653, 41, '65566', 77, 260, 20, 3840, 18, 'Е 26 2', '', 0, '2021-03-28 21:00:00', 124, NULL),
(654, 41, '6456', 77, 350, 30, 200, 2, 'Е 27 3', '', 0, '2021-03-28 21:00:00', 124, NULL),
(655, 41, '6555', 90, 720, 20, 300, 4, 'Е 28 3', 'Вера', 0, '2021-03-28 21:00:00', 124, NULL),
(656, 41, '6556', 81, 815, 40, 1232, 37, 'Е 29 3', '', 0, '2021-03-28 21:00:00', 124, NULL),
(657, 41, '7556', 81, 450, 30, 2906, 36, 'Е 29 3', 'корзинкина', 0, '2021-03-28 21:00:00', 124, NULL),
(658, 41, '6545', 81, 700, 20, 3840, 49, 'Е 29 3', '', 0, '2021-03-28 21:00:00', 124, NULL),
(659, 41, '65566', 81, 370, 20, 5487, 37, 'Е 29 3', 'Аэрс Мед', 0, '2021-03-28 21:00:00', 124, NULL),
(660, 41, '4567', 81, 700, 20, 3351, 43, 'Е 29 3', '', 0, '2021-03-28 21:00:00', 124, NULL),
(661, 41, '6556', 81, 700, 20, 6096, 78, 'Д8 1', '', 0, '2021-03-28 21:00:00', 124, NULL),
(662, 41, '64566', 81, 700, 20, 6412, 82, 'С7', '', 0, '2021-03-28 21:00:00', 124, NULL),
(663, 41, '64566', 81, 700, 20, 6412, 82, 'С7', '', 0, '2021-03-28 21:00:00', 124, NULL),
(664, 41, '64566', 81, 700, 20, 6412, 82, 'С7', '', 0, '2021-03-28 21:00:00', 124, NULL),
(665, 41, '64566', 81, 700, 20, 6412, 82, 'С7', '', 0, '2021-03-28 21:00:00', 124, NULL),
(666, 41, '64566', 81, 700, 20, 6412, 82, 'Е 29 3', '', 0, '2021-03-28 21:00:00', 124, NULL),
(667, 41, '5666', 81, 820, 20, 6096, 91, 'Е 29 3', '', 0, '2021-03-28 21:00:00', 124, NULL),
(668, 41, 'Неё ', 81, 780, 40, 3206, 91, 'С7', '', 0, '2021-03-28 21:00:00', 124, NULL),
(669, 41, '5456', 81, 370, 20, 4908, 33, 'Е 25 1', '', 0, '2021-03-28 21:00:00', 124, NULL),
(670, 41, '45655', 81, 600, 20, 5487, 60, 'С7', '', 0, '2021-03-28 21:00:00', 124, NULL),
(671, 41, '7556', 81, 300, 20, 6735, 37, 'Е 27 3', '', 0, '2021-03-28 21:00:00', 124, NULL),
(672, 41, '7556', 81, 490, 20, 768, 7, 'Е 27 3', '', 0, '2021-03-28 21:00:00', 124, NULL),
(673, 41, '6456', 81, 1060, 20, 6735, 130, 'С7', 'сыркофф', 0, '2021-03-28 21:00:00', 124, NULL),
(674, 41, '4566', 81, 730, 20, 3118, 41, 'Е 27 3', '', 0, '2021-03-28 21:00:00', 124, NULL),
(675, 41, '6456', 81, 770, 20, 1876, 26, 'Е 27 3', '', 0, '2021-03-28 21:00:00', 124, NULL),
(676, 41, '35664', 81, 760, 20, 6735, 93, 'Е 27 3', '', 0, '2021-03-28 21:00:00', 124, NULL),
(677, 41, '7557', 81, 590, 20, 1198, 13, 'Е 29 3', '', 0, '2021-03-28 21:00:00', 124, NULL),
(678, 41, '36546', 81, 880, 20, 3118, 50, 'С7', '', 0, '2021-03-28 21:00:00', 124, NULL),
(679, 41, '64566', 81, 490, 20, 2674, 24, 'С7', '', 0, '2021-03-28 21:00:00', 124, NULL),
(680, 41, '64566', 81, 490, 20, 2674, 24, 'Е 29 3', '', 0, '2021-03-28 21:00:00', 124, NULL),
(681, 41, '64566', 81, 490, 20, 2674, 24, 'С7', '', 0, '2021-03-28 21:00:00', 124, NULL),
(682, 41, '6445', 81, 300, 20, 3118, 17, 'Е 27 3', '', 0, '2021-03-28 21:00:00', 124, NULL),
(683, 41, '75677', 81, 310, 20, 4096, 23, 'Е 27 3', '', 0, '2021-03-28 21:00:00', 124, NULL),
(684, 41, '5456', 81, 310, 20, 4096, 23, 'Е 27 3', '', 0, '2021-03-28 21:00:00', 124, NULL),
(685, 41, '7557', 81, 620, 15, 3856, 33, 'Е 27 3', '', 0, '2021-03-28 21:00:00', 124, NULL),
(686, 41, '46753', 81, 915, 20, 2137, 36, 'С7', 'пэт', 0, '2021-03-28 21:00:00', 124, NULL),
(687, 41, '35654', 81, 1240, 20, 2137, 48, 'С7', '', 0, '2021-03-28 21:00:00', 124, NULL),
(688, 41, '75567', 81, 740, 20, 295, 4, 'С7', '', 0, '2021-03-28 21:00:00', 124, NULL),
(689, 41, '75457', 81, 530, 20, 1356, 13, 'Е 29 3', '', 0, '2021-03-28 21:00:00', 124, NULL),
(690, 41, '6556', 81, 560, 15, 3856, 29, 'Е 27 2', '', 0, '2021-03-28 21:00:00', 124, NULL),
(691, 41, '5355', 81, 880, 20, 5487, 88, 'С7', 'ПМ Эскимо', 0, '2021-03-28 21:00:00', 124, NULL),
(692, 41, '6456', 81, 570, 30, 3462, 54, 'Е 27 2', 'Вера МПП', 0, '2021-03-28 21:00:00', 124, NULL),
(693, 41, '3563', 81, 540, 20, 3840, 38, 'Е 27 2', '', 0, '2021-03-28 21:00:00', 124, NULL),
(694, 41, '5344', 81, 725, 20, 2463, 33, 'Е 27 2', '', 0, '2021-03-28 21:00:00', 124, NULL),
(695, 41, '5 7734', 81, 770, 20, 1876, 26, 'Е 30 1', '', 0, '2021-03-28 21:00:00', 124, NULL),
(696, 41, '43466', 81, 360, 20, 6412, 42, 'С7', '', 0, '2021-03-28 21:00:00', 124, NULL),
(697, 41, '53445', 81, 470, 20, 5788, 50, 'Е 27 3', 'АМС Медиа', 0, '2021-03-28 21:00:00', 124, NULL),
(698, 41, '5445', 81, 850, 20, 5788, 90, 'С7', '', 0, '2021-03-28 21:00:00', 124, NULL),
(699, 41, '54455', 81, 500, 20, 1695, 15, 'С7', '', 0, '2021-03-28 21:00:00', 124, NULL),
(700, 41, '65566', 81, 620, 20, 1356, 15, 'Е 27 1', '', 0, '2021-03-28 21:00:00', 124, NULL),
(701, 41, '53455', 81, 610, 20, 1356, 15, 'Е 27 3', '', 0, '2021-03-28 21:00:00', 124, NULL),
(702, 41, '65556', 81, 560, 20, 1876, 19, 'Е 27 3', '', 0, '2021-03-28 21:00:00', 124, NULL),
(703, 41, '5445', 81, 1570, 20, 16086, 460, 'С7', '', 0, '2021-03-28 21:00:00', 124, NULL),
(704, 41, '53455', 81, 1320, 20, 9667, 232, 'С7', '', 0, '2021-03-28 21:00:00', 124, NULL),
(705, 41, '34564', 81, 1160, 20, 4159, 88, 'С7', '', 0, '2021-03-28 21:00:00', 124, NULL),
(706, 41, '54456', 81, 410, 20, 7066, 53, 'Е 27 1', '', 0, '2021-03-28 21:00:00', 124, NULL),
(707, 41, '3454', 81, 310, 20, 6735, 38, 'Е 27 3', '', 0, '2021-03-28 21:00:00', 124, NULL),
(708, 41, '35433', 81, 520, 20, 1876, 18, 'С7', '', 0, '2021-03-28 21:00:00', 124, NULL),
(709, 41, '35544', 81, 520, 20, 1876, 18, 'С7', '', 0, '2021-03-28 21:00:00', 124, NULL),
(710, 41, '86444', 81, 440, 20, 6412, 51, 'С7', '', 0, '2021-03-28 21:00:00', 124, NULL),
(711, 41, '9467', 81, 410, 20, 7404, 55, 'Е 27 1', '', 0, '2021-03-28 21:00:00', 124, NULL),
(712, 41, '4654', 81, 210, 20, 3118, 12, 'Е 27 2', '', 0, '2021-03-28 21:00:00', 124, NULL),
(713, 41, '3554', 81, 410, 20, 6735, 50, 'Е 27 3', '', 0, '2021-03-28 21:00:00', 124, NULL),
(714, 41, '3444', 81, 380, 20, 5788, 40, 'Е 27 3', 'Аэрс Мед', 0, '2021-03-28 21:00:00', 124, NULL),
(715, 41, '35433', 81, 390, 20, 5788, 41, 'Е 27 3', '', 0, '2021-03-28 21:00:00', 124, NULL),
(716, 41, '53455', 81, 470, 20, 4908, 42, 'С7', '', 0, '2021-03-28 21:00:00', 124, NULL),
(717, 41, '64467', 81, 470, 20, 4908, 42, 'С7', '', 0, '2021-03-28 21:00:00', 124, NULL),
(718, 41, '6446', 81, 205, 20, 2463, 9, 'Е 27 2', '', 0, '2021-03-28 21:00:00', 124, NULL),
(719, 41, '46754', 81, 210, 20, 2674, 10, 'Е 27 2', '', 0, '2021-03-28 21:00:00', 124, NULL),
(720, 41, '24543', 81, 600, 20, 5788, 63, 'Е 27 3', '', 0, '2021-03-28 21:00:00', 124, NULL),
(721, 41, '45543', 81, 560, 20, 8832, 90, 'Е 26 1', '', 0, '2021-03-28 21:00:00', 124, NULL),
(722, 41, '54357', 81, 610, 20, 6412, 71, 'С7', '', 0, '2021-03-28 21:00:00', 124, NULL),
(723, 41, '345445', 81, 390, 20, 6096, 43, 'Е 27 3', '', 0, '2021-03-28 21:00:00', 124, NULL),
(724, 41, '35643', 81, 340, 20, 6096, 38, 'Е 27 1', '', 0, '2021-03-28 21:00:00', 124, NULL),
(725, 41, '25533', 81, 550, 20, 2892, 29, 'С7', '', 0, '2021-03-28 21:00:00', 124, NULL),
(726, 41, '44664', 81, 820, 40, 1559, 47, 'Е 27 3', '', 0, '2021-03-28 21:00:00', 124, NULL),
(727, 41, '456', 77, 1540, 40, 1444, 81, 'А8', '', 0, '2021-03-28 21:00:00', 124, NULL),
(728, 41, '456', 77, 1540, 35, 1622, 80, 'А8', '', 0, '2021-03-28 21:00:00', 124, NULL),
(729, 41, '64456', 81, 335, 40, 848, 10, 'Д 8 1', '', 0, '2021-03-29 21:00:00', 124, NULL),
(730, 41, '43445', 81, 325, 40, 3533, 42, 'Д 6 4', '', 0, '2021-03-29 21:00:00', 124, NULL),
(731, 41, '47544', 81, 325, 40, 3533, 42, 'Д 6 4', '', 0, '2021-03-29 21:00:00', 124, NULL),
(732, 41, '46544', 81, 360, 30, 4064, 40, 'Д 6 2', 'корзинкина', 0, '2021-03-29 21:00:00', 124, NULL),
(733, 41, '54456', 81, 340, 30, 4064, 38, 'Д 8 1', '', 0, '2021-03-29 21:00:00', 124, NULL),
(734, 41, '445', 81, 325, 40, 1920, 23, 'Д 6 4', '', 0, '2021-03-29 21:00:00', 124, NULL),
(735, 41, '54455', 81, 410, 40, 1130, 17, 'Д 8 1', '', 0, '2021-03-29 21:00:00', 124, NULL),
(736, 41, '4567', 81, 300, 30, 1376, 11, 'Д 8 1', '', 0, '2021-03-29 21:00:00', 124, NULL),
(737, 41, '575445', 81, 420, 30, 1376, 16, 'Д 6 2', 'корзинкина', 0, '2021-03-29 21:00:00', 124, NULL),
(738, 41, '656', 81, 360, 30, 1642, 16, 'Д 6 4', 'корзинкина', 0, '2021-03-29 21:00:00', 124, NULL),
(739, 41, '55445', 81, 300, 30, 4064, 33, 'Д 6 4', '', 0, '2021-03-29 21:00:00', 124, NULL),
(740, 41, '5448', 81, 300, 30, 4274, 35, 'Д 8 1', '', 0, '2021-03-29 21:00:00', 124, NULL),
(741, 41, '4654', 81, 360, 30, 4274, 42, 'Д 8 1', 'корзинкина', 0, '2021-03-29 21:00:00', 124, NULL),
(742, 41, '5567', 81, 380, 30, 4274, 44, 'Д 8 1', 'корзинкина', 0, '2021-03-29 21:00:00', 124, NULL),
(743, 41, '465455', 81, 495, 30, 4064, 55, 'Д 6 4', 'корзинкина', 0, '2021-03-29 21:00:00', 124, NULL),
(744, 41, '57755', 81, 540, 30, 2560, 38, 'Д 6 4', '', 0, '2021-03-29 21:00:00', 124, NULL),
(745, 41, '45655', 81, 510, 40, 524, 10, 'С8', '', 0, '2021-03-29 21:00:00', 124, NULL),
(746, 41, '54467', 81, 420, 20, 768, 6, 'Е 30 1', '', 0, '2021-03-29 21:00:00', 124, NULL),
(747, 41, '24543', 81, 610, 20, 1356, 15, 'Е 30 1', '', 0, '2021-03-29 21:00:00', 124, NULL),
(748, 41, '05753', 81, 530, 20, 2463, 24, 'Е 30 1', '', 0, '2021-03-29 21:00:00', 124, NULL),
(749, 41, '35544', 81, 495, 20, 1356, 12, 'Е 30 1', '', 0, '2021-03-29 21:00:00', 124, NULL),
(750, 41, '366446', 81, 580, 20, 1695, 18, 'Е 30 1', '', 0, '2021-03-29 21:00:00', 124, NULL),
(751, 41, '54577', 81, 800, 20, 2463, 36, 'Е 30 1', '', 0, '2021-03-29 21:00:00', 124, NULL),
(752, 41, '53467', 81, 580, 20, 6735, 71, 'С7', 'Шпуля плохая', 0, '2021-03-29 21:00:00', 124, NULL),
(753, 41, '45775', 81, 550, 20, 1695, 17, 'С7', '', 0, '2021-03-29 21:00:00', 124, NULL),
(754, 41, '35665', 81, 550, 20, 300, 3, 'Е 30 1', '', 0, '2021-03-29 21:00:00', 124, NULL),
(755, 41, '4675', 81, 730, 20, 6096, 81, 'С7', 'Плохая шпуля', 0, '2021-03-29 21:00:00', 124, NULL),
(756, 41, '35644', 81, 795, 20, 1047, 15, 'Е 30 1', 'Плохая шпуля', 0, '2021-03-29 21:00:00', 124, NULL),
(757, 41, '465к56', 81, 790, 20, 1198, 17, 'Е 30 1', '', 0, '2021-03-29 21:00:00', 124, NULL),
(758, 41, '75466', 81, 670, 20, 768, 9, 'Е 30 1', '', 0, '2021-03-29 21:00:00', 124, NULL),
(759, 41, '5665', 81, 560, 20, 1047, 11, 'Е 30 1', '', 0, '2021-03-29 21:00:00', 124, NULL),
(760, 41, '56544', 81, 730, 30, 200, 4, 'Е 30 1', '', 0, '2021-03-29 21:00:00', 124, NULL),
(761, 41, '54567', 81, 530, 20, 496, 5, 'Е 30 1', '', 0, '2021-03-29 21:00:00', 124, NULL),
(762, 41, '457754', 81, 590, 20, 1876, 20, 'Е 30 1', '', 0, '2021-03-29 21:00:00', 124, NULL),
(763, 41, '75567', 81, 740, 20, 1356, 18, 'Е 30 1', '', 0, '2021-03-29 21:00:00', 124, NULL),
(764, 41, '36754', 81, 540, 20, 1695, 17, 'С7', '', 0, '2021-03-29 21:00:00', 124, NULL),
(765, 41, '4665', 81, 530, 20, 1522, 15, 'С7', '', 0, '2021-03-29 21:00:00', 124, NULL),
(766, 41, '5446', 81, 530, 20, 904, 9, 'С7', '', 0, '2021-03-29 21:00:00', 124, NULL),
(767, 41, '5445', 81, 530, 20, 1522, 15, 'Е 30 1', '', 0, '2021-03-29 21:00:00', 124, NULL),
(768, 41, '5456', 81, 360, 30, 799, 8, 'Е 30 1', '', 0, '2021-03-29 21:00:00', 124, NULL),
(769, 41, '45655', 85, 750, 20, 519, 7, 'С7', '', 0, '2021-03-29 21:00:00', 124, NULL),
(770, 41, '75567', 85, 580, 20, 4096, 43, 'Е 29 2', 'корзинкина сыркофф', 0, '2021-03-29 21:00:00', 124, NULL),
(771, 41, '6456', 85, 300, 20, 4096, 22, 'Е 30 3', '', 0, '2021-03-29 21:00:00', 124, NULL),
(772, 41, '7556', 87, 620, 30, 799, 11, 'Е 30 3', '', 0, '2021-03-29 21:00:00', 124, NULL),
(773, 41, '54456', 85, 260, 20, 2463, 12, 'Е 29 2', '', 0, '2021-03-29 21:00:00', 124, NULL),
(774, 41, '6566', 87, 240, 35, 3135, 19, 'Е 30 3', '', 0, '2021-03-29 21:00:00', 124, NULL),
(775, 41, '75567', 90, 480, 20, 6735, 62, 'Е 29 2', '', 0, '2021-03-29 21:00:00', 124, NULL),
(776, 41, '6556', 90, 410, 20, 2892, 23, 'Е 29 2', '', 0, '2021-03-29 21:00:00', 124, NULL),
(777, 41, '53567', 90, 480, 20, 6735, 62, 'Е 29 2', '', 0, '2021-03-29 21:00:00', 124, NULL),
(778, 41, '567654', 77, 340, 25, 3926, 30, 'Е 29 1', '', 0, '2021-03-29 21:00:00', 124, NULL),
(779, 41, '5456', 85, 340, 20, 2463, 15, 'Е 29 2', 'биотека', 0, '2021-03-29 21:00:00', 124, NULL),
(780, 41, '75443', 85, 865, 20, 2463, 39, 'С7', '', 0, '2021-03-29 21:00:00', 124, NULL),
(781, 41, '4356', 77, 300, 20, 3592, 20, 'Е 29 1', 'Плохая шпуля', 0, '2021-03-29 21:00:00', 124, NULL),
(782, 41, '53457', 90, 675, 20, 5788, 75, 'Е 30 3', '', 0, '2021-03-29 21:00:00', 124, NULL),
(783, 41, '645874', 81, 800, 30, 698, 15, 'С7', '', 0, '2021-03-29 21:00:00', 124, NULL),
(784, 41, '755688', 77, 520, 40, 2454, 46, 'Е 30 2', '', 0, '2021-03-29 21:00:00', 124, NULL),
(785, 41, '43345', 90, 480, 20, 4359, 40, 'Е 30 3', '', 0, '2021-03-29 21:00:00', 124, NULL),
(786, 41, '64455', 81, 1450, 20, 3608, 95, 'С7', '', 0, '2021-03-29 21:00:00', 124, NULL),
(787, 41, '74567', 87, 1590, 30, 1138, 39, 'С7', '', 0, '2021-03-29 21:00:00', 124, NULL),
(788, 41, '64567', 85, 1160, 20, 2137, 45, 'С7', 'корзинкина сыркофф', 0, '2021-03-29 21:00:00', 124, NULL),
(789, 41, '75567', 85, 1440, 20, 3608, 95, 'С7', '', 0, '2021-03-29 21:00:00', 124, NULL),
(790, 41, '64467', 81, 1560, 20, 1918, 54, 'С7', '', 0, '2021-03-29 21:00:00', 124, NULL),
(791, 41, '64456', 81, 580, 20, 3351, 35, 'С7', '', 0, '2021-03-29 21:00:00', 124, NULL),
(792, 41, '54455', 77, 725, 30, 1015, 20, 'Е 29 1', '', 0, '2021-03-29 21:00:00', 124, NULL),
(793, 41, '65578', 77, 700, 30, 2079, 40, 'Е 30 2', '', 0, '2021-03-29 21:00:00', 124, NULL),
(794, 41, '54556', 77, 500, 20, 1876, 17, 'Е 30 2', 'Вера МПП \"Мевлана\"', 0, '2021-03-29 21:00:00', 124, NULL),
(795, 41, '64456', 77, 410, 20, 5788, 43, 'Е 30 2', '', 0, '2021-03-30 21:00:00', 124, NULL),
(796, 41, '65566', 77, 340, 20, 5487, 34, 'Е 30 2', 'Шпуля смята', 0, '2021-03-30 21:00:00', 124, NULL),
(797, 41, '7556', 77, 530, 20, 1198, 12, 'Е 30 2', 'Корнилова', 0, '2021-03-30 21:00:00', 124, NULL),
(798, 41, '54455', 85, 1410, 20, 3608, 93, 'С7', 'Миловидова', 0, '2021-03-30 21:00:00', 124, NULL),
(801, 41, '64455', 77, 370, 20, 519, 4, '       Е 30 2', '', 0, '2021-03-30 21:00:00', 124, NULL),
(802, 41, '65455', 81, 460, 20, 4096, 34, 'С7', '', 0, '2021-03-30 21:00:00', 124, NULL),
(803, 41, '76667', 81, 1200, 20, 768, 17, 'С7', '', 0, '2021-03-30 21:00:00', 124, NULL),
(804, 41, '5445', 77, 460, 20, 4096, 34, 'С7', '', 0, '2021-03-30 21:00:00', 124, NULL),
(805, 41, '86444', 90, 480, 20, 1198, 11, 'Е 30 3', '', 0, '2021-03-30 21:00:00', 124, NULL),
(806, 41, '75545', 77, 560, 40, 1804, 37, 'С7', '', 0, '2021-03-30 21:00:00', 124, NULL),
(807, 41, '64456', 87, 580, 35, 2646, 39, 'Е 30 3', '', 0, '2021-03-30 21:00:00', 124, NULL),
(808, 41, '65567', 90, 160, 20, 2892, 9, 'С7', '', 0, '2021-03-30 21:00:00', 124, NULL),
(809, 41, '65567', 77, 560, 20, 768, 8, 'Е 30 2', '', 0, '2021-03-30 21:00:00', 124, NULL),
(810, 41, '755567', 77, 400, 20, 519, 4, 'Е 30 2', '', 0, '2021-03-30 21:00:00', 124, NULL),
(811, 41, '76554', 81, 450, 20, 5788, 47, 'С7', 'Питер. мор', 0, '2021-03-30 21:00:00', 124, NULL),
(812, 41, '75457', 81, 670, 20, 1047, 13, 'Е 30 1', '', 0, '2021-03-30 21:00:00', 124, NULL),
(813, 41, '5456', 87, 470, 30, 3858, 39, 'Е 30 3', '', 0, '2021-03-30 21:00:00', 124, NULL),
(814, 41, '6557', 87, 740, 30, 512, 8, 'Е 30 3', '', 0, '2021-03-30 21:00:00', 124, NULL),
(815, 41, '75566', 90, 490, 20, 519, 5, 'С7', '', 0, '2021-03-30 21:00:00', 124, NULL),
(816, 41, '75667', 77, 200, 25, 4155, 19, 'Е 30 2', '', 0, '2021-03-30 21:00:00', 124, NULL),
(817, 41, '75567', 87, 720, 30, 4490, 70, 'Е 30 3', '', 0, '2021-03-30 21:00:00', 124, NULL),
(818, 41, '6556', 87, 720, 30, 4936, 77, 'Е 30 3', '', 0, '2021-03-30 21:00:00', 124, NULL),
(819, 41, '45676', 77, 600, 20, 1047, 11, 'Е 30 2', '', 0, '2021-03-30 21:00:00', 124, NULL),
(820, 41, '5765', 77, 250, 20, 7404, 34, 'Е 30 2', '', 0, '2021-03-30 21:00:00', 124, NULL),
(821, 41, '6456', 77, 690, 25, 2314, 36, 'Е 30 2', '', 0, '2021-03-30 21:00:00', 124, NULL),
(822, 41, '64566', 77, 240, 30, 346, 2, 'Е 30 2', '', 0, '2021-03-30 21:00:00', 124, NULL),
(823, 41, '445', 77, 500, 20, 519, 5, 'Е 30 2', 'Вера МПП \"Мевлана\"', 0, '2021-03-30 21:00:00', 124, NULL),
(824, 41, '67776', 77, 170, 20, 300, 1, 'Е 30 2', '', 0, '2021-03-30 21:00:00', 124, NULL),
(825, 41, '6567', 77, 360, 20, 519, 3, 'Е 30 2', '', 0, '2021-03-30 21:00:00', 124, NULL),
(826, 41, '53467', 90, 540, 20, 2463, 26, 'В4', '', 0, '2021-03-31 21:00:00', 124, NULL),
(827, 41, '54456', 90, 500, 20, 2463, 24, 'В4', 'Шпуля смята', 0, '2021-03-31 21:00:00', 124, NULL),
(828, 41, '755667', 90, 460, 20, 5487, 48, 'Д 5 2', '', 0, '2021-03-31 21:00:00', 124, NULL),
(829, 41, '64456', 81, 530, 20, 2463, 24, 'В4', 'Шпуля смята', 0, '2021-03-31 21:00:00', 124, NULL),
(830, 41, '35566', 81, 560, 20, 6735, 69, 'В4', '', 0, '2021-03-31 21:00:00', 124, NULL),
(831, 41, '4567', 81, 530, 20, 2064, 20, 'В4', '', 0, '2021-03-31 21:00:00', 124, NULL),
(832, 41, '64456', 81, 500, 40, 678, 12, 'В4', 'Шпуля смята', 0, '2021-03-31 21:00:00', 124, NULL),
(833, 41, '45566', 81, 480, 20, 8103, 71, 'В4', 'Вера МПП \"Мевлана\"', 0, '2021-03-31 21:00:00', 124, NULL),
(834, 41, '53456', 77, 300, 40, 1232, 13, 'Д 5 2', '', 0, '2021-03-31 21:00:00', 124, NULL),
(835, 41, '75567', 77, 255, 25, 4390, 25, 'В4', '', 0, '2021-03-31 21:00:00', 124, NULL),
(836, 41, '64566', 77, 690, 20, 3087, 39, 'В4', '', 0, '2021-03-31 21:00:00', 124, NULL),
(837, 41, '64456', 77, 780, 20, 8107, 115, 'В4', '', 0, '2021-03-31 21:00:00', 124, NULL),
(838, 41, '64467', 77, 600, 30, 4936, 81, 'В4', '', 0, '2021-03-31 21:00:00', 124, NULL),
(839, 41, '455666', 77, 410, 20, 1356, 10, 'Д 6 3', 'Шпуля смята', 0, '2021-03-31 21:00:00', 124, NULL),
(840, 41, '443456', 81, 460, 20, 5487, 46, 'В4', '', 0, '2021-03-31 21:00:00', 124, NULL),
(841, 41, '4566', 81, 450, 20, 1047, 9, 'В4', 'Питер. мор.', 0, '2021-03-31 21:00:00', 124, NULL),
(842, 41, '6456', 81, 800, 20, 1309, 19, 'В4', 'Перемотать. ', 0, '2021-03-31 21:00:00', 124, NULL),
(843, 41, '54457', 81, 460, 20, 5487, 46, 'Д 6 2', 'Питер. мор.', 0, '2021-03-31 21:00:00', 124, NULL),
(844, 41, '65567', 81, 400, 20, 768, 6, 'В4', '', 0, '2021-03-31 21:00:00', 124, NULL),
(845, 41, '467875', 81, 420, 20, 519, 4, 'В4', '', 0, '2021-03-31 21:00:00', 124, NULL),
(846, 41, '45667', 85, 550, 20, 1356, 14, 'В4', '', 0, '2021-03-31 21:00:00', 124, NULL),
(847, 41, '457765', 85, 475, 20, 3840, 33, 'Д 5 2', '', 0, '2021-03-31 21:00:00', 124, NULL),
(848, 41, '64567', 85, 740, 20, 1356, 18, 'Е 31 1', 'корзинкина', 0, '2021-03-31 21:00:00', 124, NULL),
(849, 41, '7554445', 77, 340, 30, 3658, 34, 'В4', '6', 0, '2021-03-31 21:00:00', 124, NULL),
(850, 41, '854346', 77, 400, 25, 958, 9, 'В4', '', 0, '2021-03-31 21:00:00', 124, NULL),
(851, 41, '53467', 77, 430, 25, 615, 6, 'В4', '', 0, '2021-03-31 21:00:00', 124, NULL),
(852, 41, '63467', 77, 340, 20, 1047, 6, 'В4', '', 0, '2021-03-31 21:00:00', 124, NULL),
(853, 41, '456775', 77, 335, 20, 2064, 13, 'Д 5 2', '', 0, '2021-03-31 21:00:00', 124, NULL),
(854, 41, '443456', 77, 560, 20, 1695, 17, 'В4', '', 0, '2021-03-31 21:00:00', 124, NULL),
(855, 41, '345643', 77, 495, 25, 240, 3, 'Е 31 1', '', 0, '2021-03-31 21:00:00', 124, NULL),
(856, 41, '44567', 77, 670, 25, 838, 13, 'В4', 'Шпуля смята', 0, '2021-04-01 21:00:00', 124, NULL),
(857, 41, '644677', 77, 260, 20, 4908, 23, 'Д 5 2', '', 0, '2021-04-01 21:00:00', 124, NULL),
(858, 41, '64567', 77, 240, 25, 2314, 13, 'Е 31 1', '', 0, '2021-04-01 21:00:00', 124, NULL),
(859, 41, '6456', 87, 530, 30, 904, 10, 'В4', '', 0, '2021-04-01 21:00:00', 124, NULL),
(860, 41, '54456', 87, 280, 35, 2805, 20, 'Д 5 2', '', 0, '2021-04-01 21:00:00', 124, NULL),
(861, 41, '4445', 87, 200, 35, 1408, 7, 'Е 31 1', '', 0, '2021-04-01 21:00:00', 124, NULL),
(862, 41, '534567', 87, 560, 35, 1653, 23, 'В4', '', 0, '2021-04-01 21:00:00', 124, NULL),
(863, 41, '45665', 87, 280, 35, 2194, 15, 'В4', '', 0, '2021-04-04 21:00:00', 124, NULL),
(864, 41, '75567', 87, 1160, 35, 1221, 36, 'В4', '', 0, '2021-04-04 21:00:00', 124, NULL),
(865, 41, '5356', 87, 270, 35, 4630, 32, 'Д 5 2', '', 0, '2021-04-04 21:00:00', 124, NULL),
(866, 41, '45677', 87, 280, 35, 2194, 15, 'Е 31 1', '', 0, '2021-04-04 21:00:00', 124, NULL),
(867, 41, '467556', 77, 260, 20, 3840, 18, 'В4', '', 0, '2021-04-04 21:00:00', 124, NULL),
(868, 41, '64567', 87, 370, 35, 598, 6, 'В4', '', 0, '2021-04-04 21:00:00', 124, NULL),
(869, 41, '456665', 81, 940, 20, 3840, 66, 'В4', '', 0, '2021-04-04 21:00:00', 124, NULL),
(870, 41, '54567', 81, 320, 20, 8103, 47, 'В4', '', 0, '2021-04-04 21:00:00', 124, NULL),
(871, 41, '45544', 81, 650, 20, 8103, 96, 'В4', '', 0, '2021-04-04 21:00:00', 124, NULL),
(872, 41, '456654', 81, 620, 15, 6544, 55, 'Е 31 1', '', 0, '2021-04-04 21:00:00', 124, NULL),
(873, 41, '26533', 81, 700, 20, 1047, 13, 'В4', '', 0, '2021-04-04 21:00:00', 124, NULL),
(874, 41, '345544', 81, 880, 20, 2064, 33, 'В4', '', 0, '2021-04-04 21:00:00', 124, NULL),
(875, 41, '45675', 77, 340, 20, 8103, 50, 'В4', '', 0, '2021-04-05 21:00:00', 124, NULL),
(876, 41, '43466', 77, 740, 25, 416, 7, 'В1', '', 0, '2021-04-05 21:00:00', 124, NULL),
(877, 41, '965ук', 77, 620, 30, 3272, 55, 'В4', '', 0, '2021-04-05 21:00:00', 124, NULL),
(878, 41, '35554', 77, 240, 25, 6482, 35, 'Е 29 4', '', 0, '2021-04-05 21:00:00', 124, NULL),
(879, 41, '355346', 77, 240, 25, 6482, 35, 'В4', '', 0, '2021-04-05 21:00:00', 124, NULL),
(880, 41, '644556', 81, 870, 20, 4908, 78, 'В4', '', 0, '2021-04-05 21:00:00', 124, NULL),
(881, 41, '64557', 81, 870, 20, 4908, 78, 'В4', '', 0, '2021-04-05 21:00:00', 124, NULL),
(882, 41, '467876', 81, 305, 15, 10804, 45, 'В4', '', 0, '2021-04-05 21:00:00', 124, NULL),
(883, 41, '56545', 81, 720, 20, 1198, 16, 'В4', '', 0, '2021-04-05 21:00:00', 124, NULL),
(884, 41, '6457', 77, 280, 20, 8103, 41, 'В4', '', 0, '2021-04-05 21:00:00', 124, NULL),
(885, 41, '367436', 87, 300, 35, 4630, 35, 'В4', '', 0, '2021-04-05 21:00:00', 124, NULL),
(886, 41, '965567', 87, 300, 35, 4630, 35, 'В4', '', 0, '2021-04-05 21:00:00', 124, NULL),
(887, 41, '43566', 87, 300, 35, 3848, 29, 'Е 30 4', '', 0, '2021-04-05 21:00:00', 124, NULL),
(888, 41, '467765', 87, 340, 35, 2805, 24, 'В4', '', 0, '2021-04-05 21:00:00', 124, NULL),
(889, 41, '4553466', 87, 280, 35, 2805, 20, 'В4', '', 0, '2021-04-05 21:00:00', 124, NULL),
(890, 41, '53456', 81, 820, 40, 2454, 73, 'В4', '', 0, '2021-04-05 21:00:00', 124, NULL),
(891, 41, '75578', 81, 515, 20, 8103, 76, 'Д 6 4', '', 0, '2021-04-05 21:00:00', 124, NULL),
(892, 41, '6447533', 81, 495, 20, 8103, 73, 'В4', '', 0, '2021-04-05 21:00:00', 124, NULL),
(893, 41, '3686е', 81, 740, 20, 4908, 66, 'В4', '', 0, '2021-04-05 21:00:00', 124, NULL),
(894, 41, '6544476', 77, 720, 20, 2892, 38, 'В4', '', 0, '2021-04-05 21:00:00', 124, NULL),
(895, 41, '457654', 77, 700, 25, 5923, 94, 'В4', '', 0, '2021-04-05 21:00:00', 124, NULL),
(896, 41, '64456', 77, 240, 25, 5923, 32, 'Е 29 4', '', 0, '2021-04-05 21:00:00', 124, NULL),
(897, 41, '75444', 77, 280, 20, 2064, 11, 'Е 30 4', '', 0, '2021-04-05 21:00:00', 124, NULL),
(898, 41, '97544', 77, 695, 20, 519, 7, 'Е 31 1', '', 0, '2021-04-05 21:00:00', 124, NULL),
(899, 41, '53455', 87, 265, 35, 3848, 26, 'В4', '', 0, '2021-04-05 21:00:00', 124, NULL),
(900, 41, '43345', 81, 360, 40, 524, 7, 'В4', '', 0, '2021-04-05 21:00:00', 124, NULL),
(901, 41, '43455', 81, 400, 20, 1047, 8, 'В4', 'БХК фр.лед', 0, '2021-04-05 21:00:00', 124, NULL),
(902, 41, '96434', 81, 440, 20, 2463, 20, 'Е 31 1', 'Питер.мор.', 0, '2021-04-05 21:00:00', 124, NULL),
(903, 41, '38643', 81, 575, 30, 5402, 85, 'В4', 'Вера МПП', 0, '2021-04-05 21:00:00', 124, NULL),
(904, 41, '753345', 87, 570, 35, 172, 2, 'В4', '', 0, '2021-04-05 21:00:00', 124, NULL),
(905, 41, '35653', 87, 280, 35, 2491, 18, 'Е 31 1', '', 0, '2021-04-05 21:00:00', 124, NULL),
(906, 41, '35432', 81, 820, 40, 1232, 37, 'В4', '', 0, '2021-04-05 21:00:00', 124, NULL),
(907, 41, '06434', 81, 730, 20, 2463, 33, 'В4', '', 0, '2021-04-05 21:00:00', 124, NULL),
(908, 41, '85466', 81, 450, 20, 2463, 20, 'В4', 'Питер. мор.', 0, '2021-04-05 21:00:00', 124, NULL),
(909, 41, '645677', 81, 450, 20, 2463, 20, 'Е 29 4', 'Питер. мор', 0, '2021-04-05 21:00:00', 124, NULL),
(910, 41, '644578', 81, 420, 20, 3840, 29, 'Е 31 1', 'Миловидова', 0, '2021-04-05 21:00:00', 124, NULL),
(911, 41, '85457', 77, 400, 20, 2463, 18, 'Е 29 4', '', 0, '2021-04-05 21:00:00', 124, NULL),
(912, 41, '45665', 77, 700, 25, 1356, 22, 'Е 29 1', '', 0, '2021-04-06 21:00:00', 124, NULL),
(913, 41, '5445', 90, 380, 20, 4359, 32, 'Е 29 2', '', 0, '2021-04-06 21:00:00', 124, NULL),
(914, 41, '75555', 87, 220, 35, 5480, 30, 'Е 29 2', '', 0, '2021-04-06 21:00:00', 124, NULL),
(915, 41, '53456', 87, 190, 35, 2805, 13, 'Е 29 2', '', 0, '2021-04-06 21:00:00', 124, NULL),
(916, 41, 'Неё ', 77, 260, 25, 1971, 12, 'Е 28 4', '', 0, '2021-04-06 21:00:00', 124, NULL),
(917, 41, '54345', 77, 560, 30, 1642, 25, 'Е 28 4', '', 0, '2021-04-06 21:00:00', 124, NULL),
(918, 41, '56775', 77, 390, 20, 1047, 7, 'Е 28 4', '', 0, '2021-04-06 21:00:00', 124, NULL),
(919, 41, '64566', 77, 340, 35, 598, 6, 'Е 28 4', 'Вера ММЗ', 0, '2021-04-06 21:00:00', 124, NULL),
(920, 41, '75556', 77, 560, 30, 904, 14, 'Е 28 4', '', 0, '2021-04-06 21:00:00', 124, NULL),
(921, 41, '65456', 85, 795, 20, 3351, 48, 'Е 28 4', '', 0, '2021-04-06 21:00:00', 124, NULL),
(922, 41, '56766', 77, 340, 35, 598, 6, 'Е. 28 3', 'Вера ММЗ', 0, '2021-04-06 21:00:00', 124, NULL),
(923, 41, '555556', 77, 280, 35, 1653, 15, 'Е 28 4', 'Вера ММЗ', 0, '2021-04-06 21:00:00', 124, NULL),
(924, 41, '6545', 77, 690, 25, 615, 10, 'Е 28 4', '', 0, '2021-04-06 21:00:00', 124, NULL),
(925, 41, '75556', 87, 530, 30, 1642, 19, 'Е 28 3', '', 0, '2021-04-06 21:00:00', 124, NULL),
(926, 41, '6554', 85, 260, 20, 1047, 5, 'Е 28 3', '', 0, '2021-04-06 21:00:00', 124, NULL),
(927, 41, '54556', 90, 540, 20, 300, 3, 'Е 28 3', '', 0, '2021-04-06 21:00:00', 124, NULL),
(928, 41, '5434', 87, 270, 35, 775, 5, 'Е 28 3', '', 0, '2021-04-06 21:00:00', 124, NULL),
(929, 41, '65445', 87, 285, 35, 4231, 30, 'Е 27 3', '', 0, '2021-04-08 21:00:00', 124, NULL),
(930, 41, '34566', 87, 285, 35, 4231, 30, 'Е 27 2', '', 0, '2021-04-08 21:00:00', 124, NULL),
(931, 41, '554556', 87, 795, 35, 1408, 28, 'Е 27 3', '', 0, '2021-04-08 21:00:00', 124, NULL),
(932, 41, '64345', 90, 725, 20, 2064, 29, 'Е 27 2', '', 0, '2021-04-08 21:00:00', 124, NULL),
(933, 41, '76445', 81, 660, 40, 470, 11, 'Е 27 3', '', 0, '2021-04-08 21:00:00', 124, NULL),
(934, 41, '34567', 90, 350, 20, 6096, 41, 'Е 27 3', '', 0, '2021-04-08 21:00:00', 124, NULL),
(935, 41, '5677', 77, 360, 40, 1032, 14, 'Е 27 2', '', 0, '2021-04-08 21:00:00', 124, NULL),
(936, 41, '75455', 90, 480, 20, 4359, 40, 'Е 27 3', '', 0, '2021-04-08 21:00:00', 124, NULL),
(937, 41, '6545', 77, 380, 25, 1971, 17, 'Е 27 3', '', 0, '2021-04-08 21:00:00', 124, NULL),
(938, 41, '75567', 77, 600, 30, 4490, 74, 'Е 27 3', '', 0, '2021-04-08 21:00:00', 124, NULL),
(939, 41, '43455', 85, 740, 20, 768, 10, 'Е 26 2', '', 0, '2021-04-08 21:00:00', 124, NULL),
(940, 41, '7555', 85, 290, 20, 8103, 43, 'Е 26 2', '', 0, '2021-04-08 21:00:00', 124, NULL),
(941, 41, '64345', 90, 700, 20, 8103, 109, 'С7', '', 0, '2021-04-08 21:00:00', 124, NULL),
(942, 41, '754567', 87, 340, 35, 2194, 19, 'Е 30 4', '\r\n', 0, '2021-04-18 21:00:00', 124, NULL),
(943, 41, '44567', 87, 340, 35, 2194, 19, 'Е 30 4', '', 0, '2021-04-18 21:00:00', 124, NULL),
(944, 41, '45666', 87, 285, 35, 2805, 20, 'Е 30 4', '', 0, '2021-04-19 21:00:00', 124, NULL),
(945, 41, '4677', 77, 385, 15, 1024, 5, 'Е 30 4', '', 0, '2021-04-19 21:00:00', 124, NULL),
(946, 41, '4566', 87, 305, 35, 4428, 34, 'Е 30 4', '', 0, '2021-04-19 21:00:00', 124, NULL),
(947, 41, '45677', 85, 320, 20, 4908, 29, 'Е 30 4', '', 0, '2021-04-19 21:00:00', 124, NULL),
(948, 41, '4467', 87, 270, 35, 3848, 26, 'Е 29 4', '', 0, '2021-04-19 21:00:00', 124, NULL),
(949, 41, '4566', 77, 210, 25, 3926, 19, 'Е 29 4', '', 0, '2021-04-19 21:00:00', 124, NULL),
(950, 41, '8654', 77, 250, 25, 4390, 25, 'Е 29 4', '', 0, '2021-04-19 21:00:00', 124, NULL),
(951, 41, '45665', 81, 370, 20, 4908, 33, 'Е 29 3', 'Аэрс Мед', 0, '2021-04-19 21:00:00', 124, NULL),
(952, 41, '53345', 81, 370, 20, 1356, 9, 'Е 29 3', 'Аэрс Мед', 0, '2021-04-19 21:00:00', 124, NULL),
(953, 41, '64456', 77, 700, 25, 416, 7, 'Е 29 1', '', 0, '2021-04-19 21:00:00', 124, NULL),
(954, 41, '86444', 77, 630, 15, 4157, 36, 'Е 29 1', '', 0, '2021-04-19 21:00:00', 124, NULL),
(955, 41, '46654', 77, 260, 20, 3118, 15, 'Е 29 1', 'корзинкина куафер', 0, '2021-04-19 21:00:00', 124, NULL),
(956, 41, '4466', 77, 300, 20, 4908, 27, 'Е 29 1', '', 0, '2021-04-19 21:00:00', 124, NULL),
(957, 41, '86445', 77, 460, 20, 1047, 9, 'Е 29 1', '', 0, '2021-04-19 21:00:00', 124, NULL),
(958, 41, '45665', 77, 305, 20, 3840, 21, 'Е 29 1', '', 0, '2021-04-19 21:00:00', 124, NULL),
(959, 41, '5434', 77, 340, 15, 6544, 30, 'Е 29 1', '', 0, '2021-04-19 21:00:00', 124, NULL),
(960, 41, '56755', 77, 310, 15, 6544, 28, 'Е 29 1', '', 0, '2021-04-19 21:00:00', 124, NULL),
(961, 41, '64456', 77, 660, 30, 200, 4, 'Е 29 1', '', 0, '2021-04-19 21:00:00', 124, NULL),
(962, 41, '4346', 81, 630, 40, 678, 16, 'Е 27 3', '', 0, '2021-04-19 21:00:00', 124, NULL),
(963, 41, '456', 90, 450, 20, 5487, 47, 'Д 3 (1)', '', 0, '2021-04-20 21:00:00', 124, NULL),
(964, 41, '456', 90, 450, 20, 5194, 45, 'Д 3 (3)', '', 0, '2021-04-20 21:00:00', 124, NULL),
(965, 41, '456', 85, 700, 20, 4908, 63, 'Д 3 (2)', 'Вера МПП', 0, '2021-04-20 21:00:00', 124, NULL),
(966, 41, '456', 90, 540, 20, 5487, 57, 'Д 3 (3)', '', 0, '2021-04-20 21:00:00', 124, NULL),
(967, 41, '456', 90, 540, 20, 5487, 57, 'Д 3 (3)', '', 0, '2021-04-20 21:00:00', 124, NULL),
(968, 41, '456', 81, 540, 20, 3351, 33, 'Д 4 (1)', '', 0, '2021-04-20 21:00:00', 124, NULL),
(969, 41, '456', 81, 680, 20, 5194, 64, 'Д 4 (1)', '', 0, '2021-04-20 21:00:00', 124, NULL),
(970, 41, '456', 77, 360, 40, 3533, 46, 'Д 3 (5)', '', 0, '2021-04-20 21:00:00', 124, NULL),
(971, 41, '456', 77, 360, 35, 2052, 24, 'Д 3(3)', 'бобимэкс', 0, '2021-04-20 21:00:00', 124, NULL),
(972, 41, '456', 77, 370, 25, 2314, 19, 'Д 3 (5)', '', 0, '2021-04-20 21:00:00', 124, NULL),
(973, 41, '456', 77, 320, 35, 4630, 47, 'Д 3 (5)', 'бобимэкс', 0, '2021-04-20 21:00:00', 124, NULL),
(974, 41, '456', 77, 320, 35, 4671, 48, 'Д 3 (5)', 'бобимэкс', 0, '2021-04-20 21:00:00', 124, NULL),
(975, 41, '456', 77, 430, 35, 5931, 81, 'Д 4 (2)', '', 0, '2021-04-20 21:00:00', 124, NULL),
(976, 41, '456', 77, 430, 35, 5977, 82, 'Д 4 (2)', '', 0, '2021-04-20 21:00:00', 124, NULL),
(977, 41, '456', 77, 360, 40, 5190, 68, 'Д 4 (2)', '', 0, '2021-04-20 21:00:00', 124, NULL),
(978, 41, '456', 77, 430, 35, 5047, 69, 'Д 4 (2)', ' Акваприма', 0, '2021-04-20 21:00:00', 124, NULL),
(979, 41, '466', 77, 320, 35, 4878, 50, 'Д 4 (2)', 'бобимэкс', 0, '2021-04-20 21:00:00', 124, NULL),
(980, 41, '456', 77, 320, 35, 4795, 49, 'Д 4 (2)', 'Акваприма', 0, '2021-04-20 21:00:00', 124, NULL),
(981, 41, '456', 85, 440, 20, 4096, 33, 'Д 3(4)', 'биотека 2000 м', 0, '2021-04-20 21:00:00', 124, NULL),
(982, 41, '456', 85, 440, 20, 8832, 71, 'Д 3 (4)', 'Миловидова', 0, '2021-04-20 21:00:00', 124, NULL),
(983, 41, '456', 85, 440, 20, 7750, 62, 'Д 3 (4)', 'Миловидова', 0, '2021-04-20 21:00:00', 124, NULL),
(984, 41, '456', 90, 340, 20, 3840, 25, 'Д 4(4)', '', 0, '2021-04-20 21:00:00', 124, NULL),
(985, 41, '456', 85, 760, 20, 6735, 93, 'Д 4 (3)', 'корзинкина', 0, '2021-04-20 21:00:00', 124, NULL),
(986, 41, '456', 85, 760, 20, 6800, 94, 'Д 4(4)', 'корзинкина', 0, '2021-04-20 21:00:00', 124, NULL),
(987, 41, '456', 85, 450, 20, 5487, 45, 'Д 4(4)', '', 0, '2021-04-20 21:00:00', 124, NULL),
(988, 41, '456', 85, 450, 20, 7404, 61, 'Д 4 (4)', '', 0, '2021-04-20 21:00:00', 124, NULL),
(989, 41, '456', 77, 360, 40, 4051, 53, 'Д 4(4)', '', 0, '2021-04-20 21:00:00', 124, NULL),
(990, 41, '456', 77, 430, 35, 4836, 66, 'Д 4(4)', '', 0, '2021-04-20 21:00:00', 124, NULL),
(991, 41, '54556', 77, 660, 30, 904, 16, 'Д5 2', '', 0, '2021-04-22 21:00:00', 124, NULL),
(992, 41, '57765', 90, 720, 20, 3840, 53, 'Д5 2', '', 0, '2021-04-22 21:00:00', 124, NULL),
(993, 41, '6456', 77, 485, 35, 3135, 48, 'Д 5 2', '', 0, '2021-04-22 21:00:00', 124, NULL),
(994, 41, '6456', 77, 480, 15, 1396, 9, 'Д 5 2', '', 0, '2021-04-22 21:00:00', 124, NULL),
(995, 41, '64456', 77, 400, 20, 2463, 18, 'Д 5 2', '', 0, '2021-04-22 21:00:00', 124, NULL),
(996, 41, '65455', 77, 700, 25, 3926, 63, 'Д 5 3', 'Перемотать', 0, '2021-04-25 21:00:00', 124, NULL),
(997, 41, '65556', 77, 360, 25, 5388, 44, 'Д 5 3', 'Перемотать', 0, '2021-04-25 21:00:00', 124, NULL),
(998, 41, '6445', 77, 330, 20, 4359, 26, 'Д 5 3', 'Перемотать', 0, '2021-04-25 21:00:00', 124, NULL),
(999, 41, '544556', 77, 410, 20, 768, 6, 'Д 5 3', '', 0, '2021-04-25 21:00:00', 124, NULL),
(1000, 41, '4567', 77, 420, 20, 519, 4, 'Д 5 3', 'Перемотать', 0, '2021-04-25 21:00:00', 124, NULL),
(1001, 41, '76555', 77, 400, 20, 768, 6, 'Д 5 3', '', 0, '2021-04-25 21:00:00', 124, NULL),
(1002, 41, '44556', 77, 570, 20, 4096, 42, 'Д 5 3', '', 0, '2021-04-25 21:00:00', 124, NULL),
(1003, 41, '75445', 77, 620, 20, 1356, 15, 'Д 5 3', '', 0, '2021-04-25 21:00:00', 124, NULL),
(1004, 41, '4566', 77, 600, 15, 5461, 45, 'Д 5 3', '', 0, '2021-04-25 21:00:00', 124, NULL),
(1005, 41, '65566', 81, 600, 20, 1356, 15, 'Д 5 3', '', 0, '2021-04-25 21:00:00', 124, NULL),
(1006, 41, '4556', 81, 420, 20, 2892, 22, 'Д 5 3', 'БХК фр.лед', 0, '2021-04-25 21:00:00', 124, NULL),
(1007, 41, '65456', 87, 210, 35, 3483, 18, 'Д 5 3', '', 0, '2021-04-25 21:00:00', 124, NULL),
(1008, 41, '4455', 87, 360, 35, 598, 5, 'Д 5 3', 'Перемотать', 0, '2021-04-25 21:00:00', 124, NULL),
(1009, 41, '6555', 81, 475, 15, 2260, 15, 'Д 6 1', '', 0, '2021-04-25 21:00:00', 124, NULL),
(1010, 41, '456', 81, 520, 20, 1876, 18, 'Д 6 1', '', 0, '2021-04-25 21:00:00', 124, NULL),
(1011, 41, '75555', 81, 565, 15, 14932, 115, 'Д 6 1', '', 0, '2021-04-25 21:00:00', 124, NULL),
(1012, 41, '7656', 81, 560, 20, 5194, 53, 'Д 6 1', '', 0, '2021-04-25 21:00:00', 124, NULL),
(1013, 41, '7555', 81, 320, 20, 2463, 14, 'Д 6 1', '', 0, '2021-04-25 21:00:00', 124, NULL),
(1014, 52, '64455', 105, 740, 40, 301, 8, 'Д 12 1', '', 0, '2021-04-26 21:00:00', 124, NULL),
(1015, 52, '456', 105, 260, 40, 1032, 10, 'Д12 1', '', 0, '2021-04-26 21:00:00', 124, NULL),
(1016, 52, '6444', 105, 260, 40, 1032, 10, 'Д12 1', '', 0, '2021-04-26 21:00:00', 124, NULL),
(1017, 52, '65556', 105, 270, 40, 524, 5, 'Д12 1', '', 0, '2021-04-26 21:00:00', 124, NULL),
(1018, 52, '75556', 105, 580, 40, 678, 15, 'Д12. 1', '', 0, '2021-04-26 21:00:00', 124, NULL),
(1019, 52, '865556', 105, 580, 40, 150, 3, 'Д12 1', '', 0, '2021-04-26 21:00:00', 124, NULL),
(1020, 52, '7655', 105, 580, 40, 2180, 47, 'Д12 1', '', 0, '2021-04-26 21:00:00', 124, NULL),
(1021, 52, '64455', 105, 530, 30, 346, 5, 'Д 12 1', 'Полимакс королев 20 кг', 0, '2021-04-26 21:00:00', 124, NULL),
(1022, 52, '86544', 105, 420, 40, 150, 2, 'Д12 1', '', 0, '2021-04-26 21:00:00', 124, NULL),
(1023, 52, '7555', 105, 420, 40, 1032, 16, 'Д12 1', '', 0, '2021-04-26 21:00:00', 124, NULL),
(1024, 52, '7555', 105, 310, 40, 1920, 22, 'Д12 1', '', 0, '2021-04-26 21:00:00', 124, NULL),
(1025, 52, '7655', 105, 530, 60, 2245, 66, 'Д 12 1', '', 0, '2021-04-26 21:00:00', 124, NULL),
(1026, 52, '6555', 105, 360, 40, 260, 3, 'Е12 1', '', 0, '2021-04-26 21:00:00', 124, NULL),
(1027, 52, '5334', 105, 530, 30, 4936, 73, 'Е12 1', '', 0, '2021-04-26 21:00:00', 124, NULL),
(1028, 52, '7655', 105, 530, 30, 2906, 43, 'Е 12 1', '', 0, '2021-04-26 21:00:00', 124, NULL),
(1029, 41, '64455', 90, 360, 20, 4908, 34, 'Д 6 3', '', 0, '2021-04-26 21:00:00', 124, NULL),
(1030, 41, '766', 87, 360, 35, 969, 9, 'Д 6 2', '', 0, '2021-04-26 21:00:00', 124, NULL),
(1031, 41, '7555', 81, 470, 20, 4359, 37, 'Д6 2', 'Питер. мор.', 0, '2021-04-26 21:00:00', 124, NULL),
(1032, 41, '5445', 81, 570, 40, 1232, 26, 'Д 6 2', '', 0, '2021-04-26 21:00:00', 124, NULL),
(1033, 54, '5445', 119, 740, 12, 11115, 137, 'Д11 1', '', 0, '2021-04-26 21:00:00', 124, NULL),
(1034, 41, '6444', 81, 680, 20, 768, 10, 'Д 6 2', '', 0, '2021-04-26 21:00:00', 124, NULL),
(1035, 41, '6555', 81, 470, 30, 1130, 15, 'Д 6 2', 'корзинкина', 0, '2021-04-26 21:00:00', 124, NULL),
(1036, 41, '5455', 81, 480, 20, 1356, 12, 'Д 8 1', 'Вера МПП \"Мевлана\"', 0, '2021-04-26 21:00:00', 124, NULL),
(1037, 52, '655556', 105, 570, 40, 1032, 22, 'Д12 2', 'Гранд упак', 0, '2021-04-26 21:00:00', 124, NULL),
(1038, 52, '5566', 105, 570, 40, 1032, 22, 'Д12 2', 'Гранд упак', 0, '2021-04-26 21:00:00', 124, NULL),
(1039, 52, '64455', 105, 570, 40, 1676, 35, 'Д12 2', 'Гранд упак', 0, '2021-04-26 21:00:00', 124, NULL),
(1040, 52, '76555', 105, 570, 40, 1676, 35, 'Е 12 2', 'Гранд упак', 0, '2021-04-26 21:00:00', 124, NULL),
(1041, 52, '65555', 106, 420, 40, 2743, 46, 'Д12 2', '', 0, '2021-04-26 21:00:00', 124, NULL),
(1042, 52, '65555', 105, 590, 30, 200, 3, 'Е 12 2', '', 0, '2021-04-26 21:00:00', 124, NULL),
(1043, 41, '75555', 81, 1200, 20, 4741, 104, 'А7', '', 0, '2021-04-27 21:00:00', 124, NULL),
(1044, 41, '345', 77, 410, 25, 5388, 50, 'Е 28 2', '', 0, '2021-04-28 21:00:00', 124, NULL),
(1045, 41, '54445', 77, 680, 20, 2463, 30, 'Е 28 3', '', 0, '2021-04-28 21:00:00', 124, NULL),
(1046, 41, '75556', 77, 490, 15, 2260, 15, 'Д6 3', '', 0, '2021-04-28 21:00:00', 124, NULL),
(1047, 41, '7555', 77, 410, 25, 2314, 22, 'Д 6 3', '', 0, '2021-04-28 21:00:00', 124, NULL),
(1048, 45, '65555', 88, 750, 35, 6900, 130, 'А 7', 'Корзинкина', 0, '2021-05-11 21:00:00', 124, NULL),
(1049, 56, '76655', 121, 840, 12, 18000, 255, 'А 8', '', 0, '2021-05-11 21:00:00', 124, NULL),
(1050, 42, '65566', 89, 1140, 35, 6300, 171, 'А 7', '', 0, '2021-05-11 21:00:00', 124, NULL),
(1051, 41, '65555', 90, 1560, 20, 9265, 278, 'А 6', '', 0, '2021-05-16 21:00:00', 124, NULL),
(1052, 41, '7555', 90, 1200, 20, 2463, 57, 'А 6', '', 0, '2021-05-19 21:00:00', 124, NULL),
(1053, 41, '76677', 81, 360, 30, 1376, 14, 'Е', '', 0, '2021-05-24 21:00:00', 124, NULL),
(1054, 41, '44577', 81, 380, 20, 4908, 34, 'Е', 'Аэрс Мед', 0, '2021-05-24 21:00:00', 124, NULL),
(1055, 41, '6556', 81, 280, 20, 2463, 13, 'Е', '', 0, '2021-05-24 21:00:00', 124, NULL),
(1056, 41, '45654', 81, 560, 20, 1695, 17, 'Е', '', 0, '2021-05-24 21:00:00', 124, NULL),
(1057, 41, '6556', 81, 500, 30, 512, 7, 'Е', '', 0, '2021-05-24 21:00:00', 124, NULL),
(1058, 41, '7556', 81, 490, 40, 260, 5, 'Е', '', 0, '2021-05-24 21:00:00', 124, NULL),
(1059, 41, '765', 81, 490, 20, 519, 5, 'Е', '', 0, '2021-05-24 21:00:00', 124, NULL),
(1060, 41, '6456', 81, 430, 20, 519, 4, 'Е', '', 0, '2021-05-24 21:00:00', 124, NULL),
(1061, 41, '7556', 81, 500, 20, 3840, 35, 'Е', '', 0, '2021-05-24 21:00:00', 124, NULL),
(1062, 41, '6556', 81, 370, 20, 1695, 11, 'Е', 'Аэрс Мед', 0, '2021-05-24 21:00:00', 124, NULL),
(1063, 41, '7555', 81, 380, 20, 768, 5, 'Е', '', 0, '2021-05-24 21:00:00', 124, NULL),
(1064, 41, '6445', 81, 340, 30, 512, 5, 'Е', '', 0, '2021-05-24 21:00:00', 124, NULL),
(1065, 41, '6456', 77, 290, 20, 1356, 7, 'Е', '', 0, '2021-05-24 21:00:00', 124, NULL),
(1066, 41, '7655', 77, 600, 25, 838, 11, 'Е', '', 0, '2021-05-24 21:00:00', 124, NULL),
(1067, 41, '8567', 77, 620, 25, 1085, 15, 'Е', '', 0, '2021-05-24 21:00:00', 124, NULL),
(1068, 41, '6555', 77, 520, 40, 1232, 23, 'Е', '', 0, '2021-05-24 21:00:00', 124, NULL),
(1069, 41, '765', 87, 620, 35, 775, 12, 'Е', '', 0, '2021-05-24 21:00:00', 124, NULL),
(1070, 41, '765', 87, 300, 30, 2731, 18, 'Е', '', 0, '2021-05-24 21:00:00', 124, NULL),
(1071, 41, '8666', 90, 340, 20, 9591, 63, 'Е', '', 0, '2021-05-24 21:00:00', 124, NULL),
(1072, 41, '7655', 77, 300, 20, 2064, 11, 'Е', '', 0, '2021-05-24 21:00:00', 124, NULL),
(1073, 41, '7555', 77, 350, 20, 2463, 16, 'Е', '', 0, '2021-05-24 21:00:00', 124, NULL),
(1074, 52, '6556', 105, 600, 90, 2218, 111, 'В', '100 мкн!!! ', 0, '2021-05-24 21:00:00', 124, NULL),
(1075, 52, '6556', 105, 600, 90, 2218, 111, 'В', '100 мкн!!! Гранд Упак!!!! ШЕХОВЦОВА', 0, '2021-05-24 21:00:00', 124, NULL),
(1076, 52, '6455', 105, 440, 60, 1829, 45, 'В', '', 0, '2021-05-24 21:00:00', 124, NULL),
(1077, 52, '755', 105, 660, 80, 469, 23, 'В', '', 0, '2021-05-24 21:00:00', 124, NULL),
(1078, 52, '7555', 105, 360, 40, 1446, 19, 'В', '', 0, '2021-05-24 21:00:00', 124, NULL),
(1079, 41, '76556', 77, 780, 25, 3072, 55, 'Е', '', 0, '2021-05-24 21:00:00', 124, NULL),
(1080, 41, '7556', 90, 700, 20, 4359, 59, 'Е', '', 0, '2021-05-24 21:00:00', 124, NULL),
(1081, 41, '7556', 90, 380, 20, 1695, 12, 'Е', '', 0, '2021-05-24 21:00:00', 124, NULL),
(1082, 55, '6556', 123, 260, 12, 10160, 44, 'Е', '', 0, '2021-05-24 21:00:00', 124, NULL),
(1083, 55, '766', 123, 580, 12, 2825, 27, 'Е', '', 0, '2021-05-24 21:00:00', 124, NULL),
(1084, 55, '7556', 123, 560, 12, 2260, 21, 'Е', '', 0, '2021-05-24 21:00:00', 124, NULL),
(1085, 55, '7556', 123, 520, 12, 1281, 11, 'Е', '', 0, '2021-05-24 21:00:00', 124, NULL),
(1086, 55, '6556', 123, 380, 12, 2260, 14, 'Е', '', 0, '2021-05-24 21:00:00', 124, NULL),
(1087, 55, '6556', 123, 310, 12, 3440, 18, 'Е', '', 0, '2021-05-24 21:00:00', 124, NULL),
(1088, 55, '7656', 123, 300, 12, 3767, 19, 'Е', '', 0, '2021-05-24 21:00:00', 124, NULL),
(1089, 55, '7656', 123, 300, 12, 2260, 11, 'Е', '', 0, '2021-05-24 21:00:00', 124, NULL),
(1090, 55, '7666', 123, 560, 12, 3440, 32, 'Е', '', 0, '2021-05-24 21:00:00', 124, NULL),
(1091, 55, '7655', 123, 560, 12, 2260, 21, 'Е', '', 0, '2021-05-24 21:00:00', 124, NULL),
(1092, 55, '8656', 123, 640, 12, 13505, 144, 'Е', '', 0, '2021-05-24 21:00:00', 124, NULL),
(1093, 55, '6555', 123, 240, 12, 10160, 41, 'Е', '', 0, '2021-05-24 21:00:00', 124, NULL),
(1094, 55, '6445', 123, 270, 12, 1067, 5, 'Е', '', 0, '2021-05-24 21:00:00', 124, NULL),
(1095, 55, '6556', 123, 320, 12, 4820, 26, 'Е', '', 0, '2021-05-24 21:00:00', 124, NULL),
(1096, 55, '7557', 123, 270, 12, 1067, 5, 'Е', '', 0, '2021-05-24 21:00:00', 124, NULL),
(1097, 55, '7656', 123, 340, 12, 186, 1, 'Е', '', 0, '2021-05-24 21:00:00', 124, NULL),
(1098, 55, '7656', 122, 440, 12, 5585, 41, 'Е', '', 0, '2021-05-24 21:00:00', 124, NULL),
(1099, 55, '7556', 122, 720, 12, 1997, 24, 'Е', '', 0, '2021-05-24 21:00:00', 124, NULL),
(1100, 55, '7556', 122, 470, 12, 3767, 30, 'Е', '', 0, '2021-05-24 21:00:00', 124, NULL),
(1101, 52, '76667', 105, 260, 40, 260, 3, 'Е', '', 0, '2021-05-24 21:00:00', 124, NULL),
(1102, 52, '6545', 105, 530, 60, 349, 10, 'Е', '', 0, '2021-05-24 21:00:00', 124, NULL),
(1103, 53, '6555', 108, 380, 40, 2894, 43, 'Е', '', 0, '2021-05-24 21:00:00', 124, NULL),
(1104, 55, '6556', 122, 480, 12, 9145, 73, 'Е', '', 0, '2021-05-24 21:00:00', 124, NULL),
(1105, 55, '6556', 122, 470, 12, 3440, 27, 'Е', '', 0, '2021-05-24 21:00:00', 124, NULL),
(1106, 55, '6556', 122, 310, 12, 11225, 58, 'Е', '', 0, '2021-05-24 21:00:00', 124, NULL),
(1107, 55, '5446', 122, 250, 12, 4820, 20, 'Е', '', 0, '2021-05-24 21:00:00', 124, NULL),
(1108, 55, '7555', 123, 360, 12, 14106, 85, 'Е', '', 0, '2021-05-24 21:00:00', 124, NULL),
(1109, 52, '7555', 105, 380, 40, 678, 10, 'Е', '', 0, '2021-05-24 21:00:00', 124, NULL),
(1110, 53, '7656', 108, 360, 40, 2180, 31, 'Е', '', 0, '2021-05-24 21:00:00', 124, NULL),
(1111, 52, '6556', 105, 260, 40, 2180, 21, 'Е', '', 0, '2021-05-24 21:00:00', 124, NULL),
(1112, 52, '7556', 105, 260, 40, 1130, 11, 'Е', '', 0, '2021-05-24 21:00:00', 124, NULL),
(1113, 52, '7567', 105, 260, 40, 3702, 36, 'Е', '', 0, '2021-05-24 21:00:00', 124, NULL),
(1114, 52, '7667', 105, 260, 40, 3702, 36, 'Е', '', 0, '2021-05-24 21:00:00', 124, NULL),
(1115, 52, '7556', 105, 720, 40, 1676, 45, 'Е', '', 0, '2021-05-24 21:00:00', 124, NULL),
(1116, 52, '7566', 105, 720, 40, 3335, 89, 'Е', '', 0, '2021-05-24 21:00:00', 124, NULL),
(1117, 41, '7666', 77, 300, 25, 416, 3, 'Е', '', 0, '2021-05-24 21:00:00', 124, NULL),
(1118, 41, '841 ', 77, 560, 20, 768, 8, 'Е', '', 0, '2021-05-24 21:00:00', 124, NULL),
(1119, 41, '758н5', 77, 780, 25, 1971, 35, 'Е', '', 0, '2021-05-24 21:00:00', 124, NULL),
(1120, 41, '8766', 77, 560, 25, 2681, 34, 'Е', '', 0, '2021-05-24 21:00:00', 124, NULL),
(1121, 52, '76566', 105, 300, 60, 1453, 24, 'Е', '', 0, '2021-05-24 21:00:00', 124, NULL),
(1122, 52, '6556', 105, 460, 40, 320, 5, 'Е', '', 0, '2021-05-24 21:00:00', 124, NULL),
(1123, 52, '7655', 106, 560, 40, 1032, 23, 'Е', '', 0, '2021-05-24 21:00:00', 124, NULL),
(1124, 52, '7556', 105, 520, 30, 1928, 28, 'Е', '', 0, '2021-05-24 21:00:00', 124, NULL),
(1125, 52, '7556', 106, 300, 80, 1090, 25, 'Е', '', 0, '2021-05-24 21:00:00', 124, NULL),
(1126, 52, '6555', 105, 420, 40, 2180, 34, 'Е', '', 0, '2021-05-24 21:00:00', 124, NULL),
(1127, 42, '665', 83, 800, 40, 5190, 151, 'Е', '', 0, '2021-05-24 21:00:00', 124, NULL),
(1128, 41, '755567', 77, 530, 20, 6735, 65, 'Е', 'Миловидова мороженое ', 0, '2021-05-24 21:00:00', 124, NULL),
(1129, 41, '755', 81, 690, 20, 8103, 102, 'Е', '', 0, '2021-05-24 21:00:00', 124, NULL),
(1130, 41, '7666', 77, 440, 20, 7404, 59, 'Е', '', 0, '2021-05-24 21:00:00', 124, NULL),
(1131, 41, '8667', 77, 560, 20, 8103, 83, 'I 07', '', 0, '2021-05-24 21:00:00', 124, NULL),
(1132, 41, '7656', 90, 800, 20, 4359, 67, 'I 08', '', 0, '2021-05-24 21:00:00', 124, NULL),
(1133, 41, '7666', 90, 700, 20, 5487, 74, 'I 08', '', 0, '2021-05-24 21:00:00', 124, NULL),
(1134, 41, '4567', 90, 700, 20, 5487, 74, 'I 08', '', 0, '2021-05-24 21:00:00', 124, NULL),
(1135, 41, '6556', 90, 650, 20, 5788, 72, 'I 08', '', 0, '2021-05-24 21:00:00', 124, NULL),
(1136, 41, '8767', 90, 650, 20, 6735, 84, 'I 08', '', 0, '2021-05-24 21:00:00', 124, NULL),
(1137, 41, '7556', 77, 220, 35, 5047, 35, 'I 07', '', 0, '2021-05-24 21:00:00', 124, NULL),
(1138, 41, '6556', 77, 300, 25, 2873, 20, 'I 07', '', 0, '2021-05-24 21:00:00', 124, NULL),
(1139, 41, '7666', 77, 420, 25, 5388, 51, 'I 07', '', 0, '2021-05-24 21:00:00', 124, NULL),
(1140, 45, '6555', 84, 580, 20, 5487, 58, 'I 07', 'Корнилова', 0, '2021-05-24 21:00:00', 124, NULL),
(1141, 45, '7656', 84, 580, 20, 4908, 52, 'I 07', '', 0, '2021-05-24 21:00:00', 124, NULL),
(1142, 41, '7556', 77, 360, 40, 2454, 32, 'I 07', '', 0, '2021-05-24 21:00:00', 124, NULL),
(1143, 41, '5445', 77, 500, 20, 3351, 30, 'Е', 'Питерское мороженое Миловидова', 0, '2021-05-25 21:00:00', 124, NULL),
(1144, 41, '7555', 77, 340, 20, 1356, 8, 'Е', '', 0, '2021-05-25 21:00:00', 124, NULL),
(1145, 41, '6456', 77, 270, 20, 4359, 21, 'Е', '', 0, '2021-05-25 21:00:00', 124, NULL),
(1146, 41, '7555', 77, 400, 25, 7065, 64, 'Е', '', 0, '2021-05-25 21:00:00', 124, NULL),
(1147, 41, '6456', 77, 240, 20, 6735, 29, 'Е', '', 0, '2021-05-25 21:00:00', 124, NULL),
(1148, 41, '5456', 77, 380, 25, 5388, 47, 'Е', '', 0, '2021-05-25 21:00:00', 124, NULL),
(1149, 41, '6556', 77, 260, 20, 8832, 42, 'Е', '', 0, '2021-05-25 21:00:00', 124, NULL),
(1150, 41, '6556', 87, 570, 35, 4428, 64, 'Е', '', 0, '2021-05-25 21:00:00', 124, NULL),
(1151, 41, '7567', 77, 230, 30, 1376, 9, 'Е', '', 0, '2021-05-25 21:00:00', 124, NULL),
(1152, 42, '75566', 86, 640, 20, 6096, 71, 'I 09', 'Корнилова', 0, '2021-05-25 21:00:00', 124, NULL),
(1153, 41, '75566', 77, 330, 25, 3072, 23, 'Е', '', 0, '2021-05-25 21:00:00', 124, NULL),
(1154, 41, '7556', 77, 330, 25, 4877, 37, 'Е', '', 0, '2021-05-25 21:00:00', 124, NULL),
(1155, 41, '7556', 77, 330, 25, 5923, 44, 'I 09', '', 0, '2021-05-25 21:00:00', 124, NULL),
(1156, 41, '7656', 77, 300, 25, 5923, 40, 'I 09', '', 0, '2021-05-25 21:00:00', 124, NULL),
(1157, 41, '6445666', 77, 300, 25, 5923, 40, 'I 09', '', 0, '2021-05-25 21:00:00', 124, NULL),
(1158, 41, '7545', 77, 300, 25, 3487, 24, 'I 09', '', 0, '2021-05-25 21:00:00', 124, NULL),
(1159, 41, '7445', 77, 300, 25, 7065, 48, 'I 09', '', 0, '2021-05-25 21:00:00', 124, NULL),
(1160, 41, '6456', 77, 300, 25, 4390, 30, 'I 09', '', 0, '2021-05-25 21:00:00', 124, NULL),
(1161, 41, '6445', 77, 340, 20, 7404, 46, 'I 05', '', 0, '2021-05-25 21:00:00', 124, NULL),
(1162, 41, '7556', 77, 340, 20, 7404, 46, 'I 05', 'Корнилова', 0, '2021-05-25 21:00:00', 124, NULL),
(1163, 41, '7556', 77, 340, 20, 7404, 46, 'I 05', 'Корнилова', 0, '2021-05-25 21:00:00', 124, NULL),
(1164, 41, '7666', 77, 400, 25, 5388, 49, '   I 1', '', 0, '2021-05-25 21:00:00', 124, NULL),
(1165, 41, '7556', 77, 400, 25, 5388, 49, 'I 01', '', 0, '2021-05-25 21:00:00', 124, NULL),
(1166, 41, '7556', 77, 400, 25, 5652, 51, 'I 01', '', 0, '2021-05-25 21:00:00', 124, NULL),
(1167, 41, '7445', 77, 400, 25, 5652, 51, 'I 01', '', 0, '2021-05-25 21:00:00', 124, NULL),
(1168, 41, '7555', 77, 360, 25, 6771, 55, 'I 01', '', 0, '2021-05-25 21:00:00', 124, NULL),
(1169, 41, '345', 81, 410, 20, 4908, 37, 'I 02', 'БХК фр.лед', 0, '2021-05-25 21:00:00', 124, NULL),
(1170, 41, '345', 81, 410, 20, 4359, 33, 'I 02', 'БХК фр.лед', 0, '2021-05-25 21:00:00', 124, NULL),
(1171, 41, '345', 81, 440, 20, 6412, 51, 'I 02', 'ПМ Эскимо', 0, '2021-05-25 21:00:00', 124, NULL),
(1172, 41, '7555', 81, 280, 20, 3840, 20, 'I 02', '', 0, '2021-05-25 21:00:00', 124, NULL),
(1173, 41, '75556', 77, 200, 35, 5047, 32, 'I 03', '', 0, '2021-05-25 21:00:00', 124, NULL),
(1174, 41, '65566', 77, 350, 25, 3926, 31, 'I 03', '', 0, '2021-05-25 21:00:00', 124, NULL),
(1175, 41, '8666', 77, 350, 25, 4155, 33, 'I 03', '', 0, '2021-05-25 21:00:00', 124, NULL),
(1176, 41, '7556', 77, 230, 20, 6412, 27, 'I 03', '', 0, '2021-05-25 21:00:00', 124, NULL),
(1177, 41, '8655', 77, 230, 20, 6412, 27, 'I 03', '', 0, '2021-05-25 21:00:00', 124, NULL),
(1178, 41, '7545', 77, 200, 40, 2180, 16, 'I 03', '', 0, '2021-05-25 21:00:00', 124, NULL),
(1179, 41, '7656', 77, 630, 25, 5129, 74, 'I 04', '', 0, '2021-05-25 21:00:00', 124, NULL),
(1180, 41, '7555', 77, 630, 25, 6482, 93, 'I 08', '', 0, '2021-05-25 21:00:00', 124, NULL);
INSERT INTO `roll` (`id`, `supplier_id`, `id_from_supplier`, `film_brand_id`, `width`, `thickness`, `length`, `net_weight`, `cell`, `comment`, `is_unknown`, `date`, `storekeeper_id`, `cut_wind_id`) VALUES
(1181, 41, '7666', 77, 630, 25, 6482, 93, 'I 04', '', 0, '2021-05-25 21:00:00', 124, NULL),
(1182, 41, '6556', 77, 420, 25, 2314, 22, 'I 05', '', 0, '2021-05-25 21:00:00', 124, NULL),
(1183, 41, '5455', 77, 360, 40, 2454, 32, 'I 05', '', 0, '2021-05-25 21:00:00', 124, NULL),
(1184, 41, '6555', 77, 360, 25, 7673, 63, 'I 05', '', 0, '2021-05-25 21:00:00', 124, NULL),
(1185, 41, '6455', 77, 300, 20, 4630, 25, 'I 05', '', 0, '2021-05-25 21:00:00', 124, NULL),
(1186, 41, '7666', 77, 300, 20, 5487, 30, 'I 05', '', 0, '2021-05-25 21:00:00', 124, NULL),
(1187, 59, '55555', 128, 760, 25, 1535, 27, 'I 06', '', 0, '2021-05-25 21:00:00', 124, NULL),
(1188, 59, '6555', 127, 760, 25, 1535, 27, 'I 06', '', 0, '2021-05-25 21:00:00', 124, NULL),
(1189, 59, '7656', 128, 470, 25, 3793, 41, 'I 06', '', 0, '2021-05-25 21:00:00', 124, NULL),
(1190, 41, '7666', 77, 730, 20, 8103, 108, 'I 06', '', 0, '2021-05-25 21:00:00', 124, NULL),
(1191, 59, '766677', 128, 570, 25, 2681, 35, 'I 06', '', 0, '2021-05-25 21:00:00', 124, NULL),
(1192, 41, '6556', 77, 680, 25, 2681, 41, 'I 06', '', 0, '2021-05-25 21:00:00', 124, NULL),
(1193, 41, '5455', 77, 680, 25, 2681, 41, 'I 06', '', 0, '2021-05-25 21:00:00', 124, NULL),
(1194, 41, '4444', 77, 560, 20, 1356, 14, 'I 06', '', 0, '2021-05-25 21:00:00', 124, NULL),
(1195, 41, '6466', 77, 650, 20, 3351, 40, 'I 06', '', 0, '2021-05-25 21:00:00', 124, NULL),
(1196, 59, '6444', 128, 640, 25, 838, 12, 'I 06', 'Й', 0, '2021-05-25 21:00:00', 124, NULL),
(1197, 41, '3463454', 87, 1120, 35, 11509, 325, 'на улице', 'время добавления', 0, '2021-07-06 13:57:19', 126, NULL),
(1198, 42, '66756', 89, 1500, 35, 1730, 65, 'А', 'НЕИЗВЕСТНЫЙ', 1, '2021-08-23 07:05:16', 126, NULL),
(1199, 55, '78767', 122, 1200, 12, 5585, 112, 'А', 'ИЗВЕСТНЫЙ', 0, '2021-08-23 07:05:47', 126, NULL);

-- --------------------------------------------------------

--
-- Структура таблицы `roll_status`
--

CREATE TABLE `roll_status` (
  `id` int(11) NOT NULL,
  `name` varchar(20) NOT NULL,
  `colour` varchar(20) NOT NULL,
  `ordinal` int(11) DEFAULT NULL
) ENGINE=InnoDB DEFAULT CHARSET=utf8mb4;

--
-- Дамп данных таблицы `roll_status`
--

INSERT INTO `roll_status` (`id`, `name`, `colour`, `ordinal`) VALUES
(1, 'Свободный', 'forestgreen', 1),
(2, 'Сработанный', 'red', 3),
(3, 'Раскроили', 'violet', 2);

-- --------------------------------------------------------

--
-- Структура таблицы `roll_status_history`
--

CREATE TABLE `roll_status_history` (
  `id` int(11) NOT NULL,
  `roll_id` int(11) NOT NULL,
  `date` timestamp NOT NULL DEFAULT CURRENT_TIMESTAMP,
  `status_id` int(11) NOT NULL,
  `user_id` int(11) NOT NULL
) ENGINE=InnoDB DEFAULT CHARSET=utf8mb4;

--
-- Дамп данных таблицы `roll_status_history`
--

INSERT INTO `roll_status_history` (`id`, `roll_id`, `date`, `status_id`, `user_id`) VALUES
(225, 78, '2021-03-16 21:00:00', 1, 122),
(226, 78, '2021-03-17 06:29:50', 2, 122),
(227, 79, '2021-03-16 21:00:00', 1, 122),
(228, 80, '2021-03-16 21:00:00', 1, 122),
(229, 81, '2021-03-16 21:00:00', 1, 122),
(230, 82, '2021-03-16 21:00:00', 1, 122),
(231, 83, '2021-03-16 21:00:00', 1, 122),
(232, 84, '2021-03-16 21:00:00', 1, 122),
(233, 85, '2021-03-16 21:00:00', 1, 122),
(234, 86, '2021-03-16 21:00:00', 1, 122),
(235, 87, '2021-03-16 21:00:00', 1, 122),
(236, 88, '2021-03-16 21:00:00', 1, 122),
(237, 89, '2021-03-16 21:00:00', 1, 122),
(238, 90, '2021-03-16 21:00:00', 1, 122),
(239, 91, '2021-03-16 21:00:00', 1, 122),
(240, 92, '2021-03-16 21:00:00', 1, 122),
(241, 93, '2021-03-16 21:00:00', 1, 122),
(242, 94, '2021-03-16 21:00:00', 1, 120),
(243, 95, '2021-03-16 21:00:00', 1, 122),
(244, 96, '2021-03-16 21:00:00', 1, 122),
(245, 97, '2021-03-16 21:00:00', 1, 120),
(246, 98, '2021-03-16 21:00:00', 1, 122),
(247, 99, '2021-03-16 21:00:00', 1, 120),
(248, 100, '2021-03-16 21:00:00', 1, 120),
(249, 101, '2021-03-16 21:00:00', 1, 120),
(250, 102, '2021-03-16 21:00:00', 1, 122),
(251, 103, '2021-03-16 21:00:00', 1, 122),
(252, 104, '2021-03-16 21:00:00', 1, 120),
(253, 105, '2021-03-16 21:00:00', 1, 120),
(254, 106, '2021-03-16 21:00:00', 1, 120),
(255, 107, '2021-03-16 21:00:00', 1, 122),
(256, 108, '2021-03-16 21:00:00', 1, 120),
(257, 109, '2021-03-16 21:00:00', 1, 120),
(258, 110, '2021-03-16 21:00:00', 1, 122),
(259, 111, '2021-03-16 21:00:00', 1, 122),
(260, 112, '2021-03-16 21:00:00', 1, 120),
(261, 113, '2021-03-16 21:00:00', 1, 122),
(262, 114, '2021-03-16 21:00:00', 1, 120),
(263, 115, '2021-03-16 21:00:00', 1, 122),
(264, 116, '2021-03-16 21:00:00', 1, 120),
(265, 117, '2021-03-16 21:00:00', 1, 122),
(266, 118, '2021-03-16 21:00:00', 1, 120),
(267, 119, '2021-03-16 21:00:00', 1, 122),
(268, 120, '2021-03-16 21:00:00', 1, 122),
(269, 121, '2021-03-16 21:00:00', 1, 122),
(270, 122, '2021-03-16 21:00:00', 1, 120),
(271, 123, '2021-03-16 21:00:00', 1, 122),
(272, 124, '2021-03-16 21:00:00', 1, 120),
(273, 125, '2021-03-16 21:00:00', 1, 122),
(274, 126, '2021-03-16 21:00:00', 1, 120),
(275, 127, '2021-03-16 21:00:00', 1, 122),
(276, 128, '2021-03-16 21:00:00', 1, 122),
(277, 129, '2021-03-16 21:00:00', 1, 120),
(278, 130, '2021-03-16 21:00:00', 1, 122),
(279, 131, '2021-03-16 21:00:00', 1, 120),
(280, 132, '2021-03-16 21:00:00', 1, 122),
(281, 133, '2021-03-16 21:00:00', 1, 122),
(282, 134, '2021-03-16 21:00:00', 1, 122),
(283, 135, '2021-03-16 21:00:00', 1, 122),
(284, 136, '2021-03-16 21:00:00', 1, 122),
(285, 137, '2021-03-16 21:00:00', 1, 122),
(286, 138, '2021-03-16 21:00:00', 1, 122),
(287, 139, '2021-03-16 21:00:00', 1, 122),
(288, 140, '2021-03-16 21:00:00', 1, 122),
(289, 141, '2021-03-16 21:00:00', 1, 122),
(290, 142, '2021-03-16 21:00:00', 1, 122),
(291, 143, '2021-03-16 21:00:00', 1, 122),
(292, 144, '2021-03-16 21:00:00', 1, 122),
(293, 145, '2021-03-16 21:00:00', 1, 120),
(294, 146, '2021-03-16 21:00:00', 1, 122),
(295, 147, '2021-03-16 21:00:00', 1, 120),
(296, 148, '2021-03-16 21:00:00', 1, 122),
(297, 149, '2021-03-16 21:00:00', 1, 122),
(298, 150, '2021-03-16 21:00:00', 1, 120),
(299, 151, '2021-03-16 21:00:00', 1, 122),
(300, 152, '2021-03-16 21:00:00', 1, 120),
(301, 153, '2021-03-16 21:00:00', 1, 122),
(302, 154, '2021-03-16 21:00:00', 1, 122),
(303, 155, '2021-03-16 21:00:00', 1, 120),
(304, 156, '2021-03-16 21:00:00', 1, 122),
(305, 157, '2021-03-16 21:00:00', 1, 122),
(306, 158, '2021-03-16 21:00:00', 1, 120),
(307, 159, '2021-03-16 21:00:00', 1, 122),
(308, 160, '2021-03-16 21:00:00', 1, 120),
(309, 161, '2021-03-16 21:00:00', 1, 122),
(310, 162, '2021-03-16 21:00:00', 1, 122),
(311, 163, '2021-03-16 21:00:00', 1, 122),
(312, 164, '2021-03-16 21:00:00', 1, 120),
(313, 165, '2021-03-16 21:00:00', 1, 122),
(314, 166, '2021-03-16 21:00:00', 1, 120),
(315, 167, '2021-03-16 21:00:00', 1, 122),
(316, 168, '2021-03-16 21:00:00', 1, 120),
(317, 169, '2021-03-16 21:00:00', 1, 122),
(318, 170, '2021-03-16 21:00:00', 1, 120),
(319, 171, '2021-03-16 21:00:00', 1, 120),
(320, 172, '2021-03-16 21:00:00', 1, 122),
(321, 173, '2021-03-16 21:00:00', 1, 122),
(322, 174, '2021-03-16 21:00:00', 1, 120),
(323, 175, '2021-03-16 21:00:00', 1, 120),
(324, 176, '2021-03-16 21:00:00', 1, 120),
(325, 177, '2021-03-16 21:00:00', 1, 120),
(326, 178, '2021-03-16 21:00:00', 1, 120),
(327, 179, '2021-03-16 21:00:00', 1, 122),
(328, 180, '2021-03-16 21:00:00', 1, 122),
(329, 181, '2021-03-16 21:00:00', 1, 122),
(330, 182, '2021-03-16 21:00:00', 1, 120),
(331, 183, '2021-03-16 21:00:00', 1, 122),
(332, 184, '2021-03-16 21:00:00', 1, 120),
(333, 185, '2021-03-16 21:00:00', 1, 122),
(334, 186, '2021-03-16 21:00:00', 1, 120),
(335, 187, '2021-03-16 21:00:00', 1, 122),
(336, 188, '2021-03-16 21:00:00', 1, 120),
(337, 189, '2021-03-16 21:00:00', 1, 122),
(338, 190, '2021-03-16 21:00:00', 1, 120),
(339, 191, '2021-03-16 21:00:00', 1, 122),
(340, 192, '2021-03-16 21:00:00', 1, 122),
(341, 193, '2021-03-16 21:00:00', 1, 120),
(342, 194, '2021-03-16 21:00:00', 1, 120),
(343, 195, '2021-03-16 21:00:00', 1, 122),
(344, 196, '2021-03-16 21:00:00', 1, 120),
(345, 197, '2021-03-16 21:00:00', 1, 122),
(346, 198, '2021-03-16 21:00:00', 1, 120),
(347, 199, '2021-03-16 21:00:00', 1, 122),
(348, 200, '2021-03-16 21:00:00', 1, 120),
(349, 201, '2021-03-16 21:00:00', 1, 122),
(350, 202, '2021-03-16 21:00:00', 1, 122),
(351, 203, '2021-03-16 21:00:00', 1, 120),
(352, 204, '2021-03-16 21:00:00', 1, 122),
(353, 205, '2021-03-16 21:00:00', 1, 120),
(354, 206, '2021-03-16 21:00:00', 1, 122),
(355, 207, '2021-03-16 21:00:00', 1, 122),
(356, 208, '2021-03-16 21:00:00', 1, 120),
(357, 209, '2021-03-16 21:00:00', 1, 122),
(358, 210, '2021-03-16 21:00:00', 1, 120),
(359, 211, '2021-03-16 21:00:00', 1, 122),
(360, 212, '2021-03-16 21:00:00', 1, 122),
(361, 213, '2021-03-16 21:00:00', 1, 122),
(362, 214, '2021-03-16 21:00:00', 1, 122),
(363, 215, '2021-03-16 21:00:00', 1, 122),
(364, 216, '2021-03-16 21:00:00', 1, 120),
(365, 217, '2021-03-16 21:00:00', 1, 122),
(366, 218, '2021-03-16 21:00:00', 1, 122),
(367, 219, '2021-03-16 21:00:00', 1, 122),
(368, 220, '2021-03-16 21:00:00', 1, 120),
(369, 221, '2021-03-16 21:00:00', 1, 122),
(370, 222, '2021-03-16 21:00:00', 1, 122),
(371, 223, '2021-03-16 21:00:00', 1, 120),
(372, 224, '2021-03-16 21:00:00', 1, 122),
(373, 225, '2021-03-16 21:00:00', 1, 122),
(374, 226, '2021-03-16 21:00:00', 1, 122),
(375, 227, '2021-03-16 21:00:00', 1, 120),
(376, 228, '2021-03-16 21:00:00', 1, 122),
(377, 229, '2021-03-16 21:00:00', 1, 122),
(378, 230, '2021-03-16 21:00:00', 1, 120),
(379, 231, '2021-03-16 21:00:00', 1, 122),
(380, 232, '2021-03-16 21:00:00', 1, 122),
(381, 233, '2021-03-16 21:00:00', 1, 122),
(382, 234, '2021-03-16 21:00:00', 1, 122),
(383, 235, '2021-03-16 21:00:00', 1, 122),
(384, 236, '2021-03-16 21:00:00', 1, 122),
(385, 237, '2021-03-16 21:00:00', 1, 122),
(387, 204, '2021-03-18 12:02:49', 2, 122),
(388, 155, '2021-03-18 12:19:29', 2, 122),
(389, 158, '2021-03-18 12:20:16', 2, 122),
(390, 101, '2021-03-18 12:20:34', 2, 122),
(391, 239, '2021-03-17 21:00:00', 1, 122),
(392, 240, '2021-03-17 21:00:00', 1, 122),
(393, 241, '2021-03-17 21:00:00', 1, 122),
(394, 242, '2021-03-17 21:00:00', 1, 122),
(395, 243, '2021-03-17 21:00:00', 1, 122),
(396, 244, '2021-03-17 21:00:00', 1, 122),
(397, 245, '2021-03-17 21:00:00', 1, 122),
(398, 246, '2021-03-17 21:00:00', 1, 122),
(399, 247, '2021-03-17 21:00:00', 1, 122),
(400, 248, '2021-03-17 21:00:00', 1, 122),
(401, 201, '2021-03-19 05:53:50', 2, 122),
(402, 241, '2021-03-19 05:54:19', 2, 122),
(403, 239, '2021-03-19 06:41:25', 2, 122),
(404, 184, '2021-03-19 06:42:58', 2, 122),
(405, 176, '2021-03-19 06:44:16', 2, 122),
(406, 242, '2021-03-19 06:44:35', 2, 122),
(407, 145, '2021-03-19 06:45:03', 2, 122),
(408, 245, '2021-03-19 06:45:25', 2, 122),
(409, 243, '2021-03-19 06:47:47', 2, 122),
(411, 248, '2021-03-19 13:48:57', 2, 122),
(412, 247, '2021-03-19 13:49:20', 2, 122),
(413, 246, '2021-03-19 13:50:12', 2, 122),
(414, 244, '2021-03-19 13:50:26', 2, 122),
(415, 250, '2021-03-21 21:00:00', 1, 124),
(416, 251, '2021-03-21 21:00:00', 1, 124),
(417, 252, '2021-03-21 21:00:00', 1, 124),
(418, 253, '2021-03-21 21:00:00', 1, 124),
(419, 254, '2021-03-21 21:00:00', 1, 124),
(420, 255, '2021-03-21 21:00:00', 1, 124),
(421, 256, '2021-03-21 21:00:00', 1, 124),
(422, 257, '2021-03-21 21:00:00', 1, 124),
(423, 258, '2021-03-21 21:00:00', 1, 124),
(424, 259, '2021-03-21 21:00:00', 1, 124),
(425, 260, '2021-03-21 21:00:00', 1, 124),
(426, 261, '2021-03-21 21:00:00', 1, 124),
(427, 262, '2021-03-21 21:00:00', 1, 124),
(428, 263, '2021-03-21 21:00:00', 1, 124),
(429, 264, '2021-03-21 21:00:00', 1, 124),
(430, 265, '2021-03-21 21:00:00', 1, 124),
(431, 266, '2021-03-21 21:00:00', 1, 124),
(432, 267, '2021-03-21 21:00:00', 1, 124),
(433, 268, '2021-03-21 21:00:00', 1, 124),
(434, 269, '2021-03-21 21:00:00', 1, 124),
(435, 270, '2021-03-21 21:00:00', 1, 124),
(436, 271, '2021-03-21 21:00:00', 1, 124),
(437, 272, '2021-03-21 21:00:00', 1, 124),
(438, 273, '2021-03-21 21:00:00', 1, 124),
(439, 274, '2021-03-21 21:00:00', 1, 124),
(440, 275, '2021-03-21 21:00:00', 1, 124),
(441, 276, '2021-03-21 21:00:00', 1, 124),
(442, 277, '2021-03-21 21:00:00', 1, 124),
(443, 278, '2021-03-21 21:00:00', 1, 124),
(444, 279, '2021-03-21 21:00:00', 1, 124),
(445, 280, '2021-03-21 21:00:00', 1, 124),
(446, 281, '2021-03-21 21:00:00', 1, 124),
(447, 282, '2021-03-21 21:00:00', 1, 124),
(448, 283, '2021-03-21 21:00:00', 1, 124),
(449, 284, '2021-03-21 21:00:00', 1, 124),
(450, 285, '2021-03-21 21:00:00', 1, 124),
(451, 286, '2021-03-21 21:00:00', 1, 124),
(452, 287, '2021-03-21 21:00:00', 1, 124),
(453, 288, '2021-03-21 21:00:00', 1, 124),
(454, 289, '2021-03-21 21:00:00', 1, 124),
(456, 291, '2021-03-21 21:00:00', 1, 124),
(457, 292, '2021-03-21 21:00:00', 1, 124),
(458, 293, '2021-03-21 21:00:00', 1, 124),
(459, 294, '2021-03-21 21:00:00', 1, 124),
(460, 295, '2021-03-21 21:00:00', 1, 124),
(461, 296, '2021-03-21 21:00:00', 1, 124),
(462, 297, '2021-03-21 21:00:00', 1, 124),
(463, 298, '2021-03-21 21:00:00', 1, 124),
(464, 299, '2021-03-21 21:00:00', 1, 124),
(465, 300, '2021-03-21 21:00:00', 1, 124),
(466, 301, '2021-03-21 21:00:00', 1, 124),
(467, 302, '2021-03-21 21:00:00', 1, 124),
(468, 303, '2021-03-21 21:00:00', 1, 124),
(469, 304, '2021-03-21 21:00:00', 1, 124),
(470, 305, '2021-03-21 21:00:00', 1, 124),
(471, 108, '2021-03-22 09:58:57', 2, 122),
(472, 116, '2021-03-22 09:59:27', 2, 122),
(473, 306, '2021-03-21 21:00:00', 1, 124),
(474, 180, '2021-03-22 10:00:37', 2, 122),
(475, 307, '2021-03-21 21:00:00', 1, 124),
(476, 164, '2021-03-22 10:02:42', 2, 122),
(477, 308, '2021-03-21 21:00:00', 1, 124),
(478, 186, '2021-03-22 10:05:42', 2, 122),
(479, 309, '2021-03-21 21:00:00', 1, 124),
(480, 192, '2021-03-22 10:06:12', 2, 122),
(481, 191, '2021-03-22 10:06:38', 2, 122),
(482, 173, '2021-03-22 10:07:14', 2, 122),
(483, 169, '2021-03-22 10:07:39', 2, 122),
(484, 310, '2021-03-21 21:00:00', 1, 124),
(485, 311, '2021-03-21 21:00:00', 1, 124),
(486, 312, '2021-03-21 21:00:00', 1, 124),
(487, 313, '2021-03-21 21:00:00', 1, 124),
(488, 314, '2021-03-21 21:00:00', 1, 124),
(489, 315, '2021-03-21 21:00:00', 1, 124),
(490, 316, '2021-03-21 21:00:00', 1, 124),
(491, 317, '2021-03-21 21:00:00', 1, 124),
(492, 318, '2021-03-21 21:00:00', 1, 124),
(493, 319, '2021-03-21 21:00:00', 1, 124),
(494, 320, '2021-03-21 21:00:00', 1, 124),
(495, 321, '2021-03-21 21:00:00', 1, 124),
(496, 322, '2021-03-21 21:00:00', 1, 124),
(497, 323, '2021-03-21 21:00:00', 1, 124),
(498, 324, '2021-03-21 21:00:00', 1, 124),
(499, 325, '2021-03-21 21:00:00', 1, 124),
(500, 326, '2021-03-21 21:00:00', 1, 124),
(501, 327, '2021-03-21 21:00:00', 1, 124),
(502, 328, '2021-03-21 21:00:00', 1, 124),
(503, 329, '2021-03-21 21:00:00', 1, 124),
(504, 330, '2021-03-21 21:00:00', 1, 124),
(505, 331, '2021-03-21 21:00:00', 1, 124),
(506, 332, '2021-03-21 21:00:00', 1, 124),
(507, 333, '2021-03-21 21:00:00', 1, 124),
(508, 334, '2021-03-21 21:00:00', 1, 124),
(509, 335, '2021-03-21 21:00:00', 1, 124),
(510, 336, '2021-03-21 21:00:00', 1, 124),
(511, 337, '2021-03-21 21:00:00', 1, 124),
(512, 338, '2021-03-21 21:00:00', 1, 124),
(513, 339, '2021-03-21 21:00:00', 1, 124),
(514, 340, '2021-03-21 21:00:00', 1, 124),
(515, 341, '2021-03-21 21:00:00', 1, 124),
(517, 343, '2021-03-21 21:00:00', 1, 124),
(518, 344, '2021-03-21 21:00:00', 1, 124),
(519, 345, '2021-03-21 21:00:00', 1, 124),
(520, 346, '2021-03-21 21:00:00', 1, 124),
(521, 347, '2021-03-21 21:00:00', 1, 124),
(522, 348, '2021-03-21 21:00:00', 1, 124),
(523, 349, '2021-03-21 21:00:00', 1, 124),
(524, 350, '2021-03-21 21:00:00', 1, 124),
(525, 351, '2021-03-21 21:00:00', 1, 124),
(526, 352, '2021-03-21 21:00:00', 1, 124),
(527, 353, '2021-03-21 21:00:00', 1, 124),
(528, 354, '2021-03-21 21:00:00', 1, 124),
(529, 355, '2021-03-21 21:00:00', 1, 124),
(530, 356, '2021-03-21 21:00:00', 1, 124),
(531, 357, '2021-03-21 21:00:00', 1, 124),
(532, 358, '2021-03-21 21:00:00', 1, 124),
(533, 359, '2021-03-21 21:00:00', 1, 124),
(534, 360, '2021-03-21 21:00:00', 1, 124),
(535, 361, '2021-03-21 21:00:00', 1, 124),
(536, 362, '2021-03-21 21:00:00', 1, 124),
(537, 363, '2021-03-21 21:00:00', 1, 124),
(538, 364, '2021-03-21 21:00:00', 1, 124),
(539, 365, '2021-03-21 21:00:00', 1, 124),
(540, 366, '2021-03-21 21:00:00', 1, 124),
(541, 367, '2021-03-21 21:00:00', 1, 124),
(542, 368, '2021-03-21 21:00:00', 1, 124),
(543, 369, '2021-03-21 21:00:00', 1, 124),
(544, 370, '2021-03-21 21:00:00', 1, 124),
(545, 371, '2021-03-21 21:00:00', 1, 124),
(546, 372, '2021-03-21 21:00:00', 1, 124),
(547, 373, '2021-03-21 21:00:00', 1, 124),
(548, 374, '2021-03-21 21:00:00', 1, 124),
(549, 375, '2021-03-21 21:00:00', 1, 124),
(550, 376, '2021-03-21 21:00:00', 1, 124),
(551, 377, '2021-03-21 21:00:00', 1, 124),
(552, 378, '2021-03-21 21:00:00', 1, 124),
(553, 379, '2021-03-21 21:00:00', 1, 124),
(554, 380, '2021-03-21 21:00:00', 1, 124),
(555, 215, '2021-03-22 15:15:06', 2, 120),
(556, 381, '2021-03-22 21:00:00', 1, 124),
(557, 382, '2021-03-22 21:00:00', 1, 124),
(558, 383, '2021-03-22 21:00:00', 1, 124),
(559, 384, '2021-03-22 21:00:00', 1, 124),
(560, 385, '2021-03-22 21:00:00', 1, 124),
(561, 386, '2021-03-22 21:00:00', 1, 124),
(562, 387, '2021-03-22 21:00:00', 1, 124),
(563, 388, '2021-03-22 21:00:00', 1, 124),
(564, 389, '2021-03-22 21:00:00', 1, 124),
(565, 390, '2021-03-22 21:00:00', 1, 124),
(566, 391, '2021-03-22 21:00:00', 1, 124),
(567, 392, '2021-03-22 21:00:00', 1, 124),
(568, 393, '2021-03-22 21:00:00', 1, 124),
(569, 394, '2021-03-22 21:00:00', 1, 124),
(570, 395, '2021-03-22 21:00:00', 1, 124),
(571, 396, '2021-03-22 21:00:00', 1, 124),
(572, 397, '2021-03-22 21:00:00', 1, 124),
(573, 398, '2021-03-22 21:00:00', 1, 124),
(574, 399, '2021-03-22 21:00:00', 1, 124),
(575, 400, '2021-03-22 21:00:00', 1, 124),
(576, 226, '2021-03-23 08:24:47', 2, 122),
(577, 120, '2021-03-23 08:25:04', 2, 122),
(578, 314, '2021-03-23 08:25:50', 2, 122),
(579, 298, '2021-03-23 08:26:10', 2, 122),
(580, 401, '2021-03-22 21:00:00', 1, 124),
(581, 235, '2021-03-23 08:27:21', 2, 122),
(582, 236, '2021-03-23 08:27:45', 2, 122),
(583, 402, '2021-03-22 21:00:00', 1, 124),
(584, 275, '2021-03-23 08:29:17', 2, 122),
(585, 217, '2021-03-23 08:29:59', 2, 122),
(586, 271, '2021-03-23 08:30:24', 2, 122),
(587, 403, '2021-03-22 21:00:00', 1, 124),
(588, 274, '2021-03-23 08:32:06', 2, 122),
(589, 404, '2021-03-22 21:00:00', 1, 124),
(590, 405, '2021-03-22 21:00:00', 1, 124),
(591, 271, '2021-03-23 08:35:18', 1, 120),
(592, 310, '2021-03-23 08:36:22', 2, 122),
(593, 276, '2021-03-23 08:36:59', 2, 122),
(594, 406, '2021-03-22 21:00:00', 1, 124),
(595, 103, '2021-03-23 08:37:40', 2, 122),
(596, 268, '2021-03-23 08:38:06', 2, 122),
(597, 271, '2021-03-23 08:38:27', 2, 122),
(598, 273, '2021-03-23 08:38:52', 2, 122),
(599, 267, '2021-03-23 08:39:21', 2, 122),
(600, 333, '2021-03-23 08:40:35', 2, 122),
(601, 407, '2021-03-22 21:00:00', 1, 124),
(602, 214, '2021-03-23 08:41:05', 2, 122),
(603, 408, '2021-03-22 21:00:00', 1, 124),
(604, 114, '2021-03-23 08:43:09', 2, 122),
(605, 190, '2021-03-23 08:43:32', 2, 122),
(606, 409, '2021-03-22 21:00:00', 1, 124),
(607, 112, '2021-03-23 08:44:06', 2, 122),
(608, 410, '2021-03-22 21:00:00', 1, 124),
(609, 411, '2021-03-22 21:00:00', 1, 124),
(610, 199, '2021-03-23 08:48:10', 2, 122),
(611, 412, '2021-03-22 21:00:00', 1, 124),
(612, 413, '2021-03-22 21:00:00', 1, 124),
(613, 414, '2021-03-22 21:00:00', 1, 124),
(614, 415, '2021-03-22 21:00:00', 1, 124),
(615, 416, '2021-03-22 21:00:00', 1, 124),
(616, 417, '2021-03-22 21:00:00', 1, 124),
(617, 418, '2021-03-22 21:00:00', 1, 124),
(618, 419, '2021-03-22 21:00:00', 1, 124),
(619, 420, '2021-03-22 21:00:00', 1, 124),
(620, 421, '2021-03-22 21:00:00', 1, 124),
(621, 422, '2021-03-22 21:00:00', 1, 124),
(622, 423, '2021-03-22 21:00:00', 1, 124),
(623, 424, '2021-03-22 21:00:00', 1, 124),
(624, 425, '2021-03-22 21:00:00', 1, 124),
(625, 426, '2021-03-22 21:00:00', 1, 124),
(626, 427, '2021-03-22 21:00:00', 1, 124),
(627, 428, '2021-03-22 21:00:00', 1, 124),
(628, 429, '2021-03-22 21:00:00', 1, 124),
(629, 430, '2021-03-22 21:00:00', 1, 124),
(630, 431, '2021-03-22 21:00:00', 1, 124),
(631, 432, '2021-03-22 21:00:00', 1, 124),
(632, 433, '2021-03-22 21:00:00', 1, 124),
(633, 434, '2021-03-22 21:00:00', 1, 124),
(634, 435, '2021-03-22 21:00:00', 1, 124),
(635, 436, '2021-03-22 21:00:00', 1, 124),
(636, 437, '2021-03-22 21:00:00', 1, 124),
(637, 438, '2021-03-22 21:00:00', 1, 124),
(638, 439, '2021-03-22 21:00:00', 1, 124),
(639, 440, '2021-03-22 21:00:00', 1, 124),
(640, 441, '2021-03-22 21:00:00', 1, 124),
(641, 442, '2021-03-22 21:00:00', 1, 124),
(642, 443, '2021-03-22 21:00:00', 1, 124),
(643, 444, '2021-03-22 21:00:00', 1, 124),
(644, 445, '2021-03-22 21:00:00', 1, 124),
(645, 446, '2021-03-22 21:00:00', 1, 124),
(646, 447, '2021-03-22 21:00:00', 1, 124),
(647, 448, '2021-03-22 21:00:00', 1, 124),
(648, 449, '2021-03-22 21:00:00', 1, 124),
(649, 450, '2021-03-22 21:00:00', 1, 124),
(650, 451, '2021-03-22 21:00:00', 1, 124),
(651, 452, '2021-03-22 21:00:00', 1, 124),
(652, 453, '2021-03-22 21:00:00', 1, 124),
(653, 454, '2021-03-22 21:00:00', 1, 124),
(654, 455, '2021-03-22 21:00:00', 1, 124),
(655, 456, '2021-03-22 21:00:00', 1, 124),
(656, 457, '2021-03-22 21:00:00', 1, 124),
(657, 458, '2021-03-22 21:00:00', 1, 124),
(658, 459, '2021-03-22 21:00:00', 1, 124),
(659, 460, '2021-03-22 21:00:00', 1, 124),
(660, 461, '2021-03-22 21:00:00', 1, 124),
(661, 462, '2021-03-22 21:00:00', 1, 124),
(662, 463, '2021-03-22 21:00:00', 1, 124),
(663, 464, '2021-03-22 21:00:00', 1, 124),
(664, 465, '2021-03-22 21:00:00', 1, 124),
(665, 466, '2021-03-22 21:00:00', 1, 124),
(666, 467, '2021-03-22 21:00:00', 1, 124),
(667, 443, '2021-03-23 14:20:29', 2, 120),
(668, 468, '2021-03-23 21:00:00', 1, 124),
(669, 469, '2021-03-23 21:00:00', 1, 124),
(670, 470, '2021-03-23 21:00:00', 1, 124),
(671, 471, '2021-03-23 21:00:00', 1, 124),
(672, 472, '2021-03-23 21:00:00', 1, 124),
(673, 473, '2021-03-23 21:00:00', 1, 124),
(674, 474, '2021-03-23 21:00:00', 1, 124),
(675, 475, '2021-03-23 21:00:00', 1, 124),
(676, 476, '2021-03-23 21:00:00', 1, 124),
(677, 477, '2021-03-23 21:00:00', 1, 124),
(678, 478, '2021-03-23 21:00:00', 1, 124),
(679, 479, '2021-03-23 21:00:00', 1, 124),
(680, 480, '2021-03-23 21:00:00', 1, 124),
(681, 481, '2021-03-23 21:00:00', 1, 124),
(682, 193, '2021-03-24 07:33:26', 2, 122),
(683, 331, '2021-03-24 07:34:26', 2, 122),
(684, 391, '2021-03-24 07:34:44', 2, 122),
(685, 392, '2021-03-24 07:35:06', 2, 122),
(686, 414, '2021-03-24 07:36:40', 2, 122),
(687, 82, '2021-03-24 07:37:02', 2, 122),
(688, 407, '2021-03-24 07:37:20', 2, 122),
(689, 413, '2021-03-24 07:38:24', 2, 122),
(690, 259, '2021-03-24 07:39:13', 2, 122),
(691, 482, '2021-03-23 21:00:00', 1, 124),
(692, 255, '2021-03-24 07:39:33', 2, 122),
(693, 254, '2021-03-24 07:39:48', 2, 122),
(694, 483, '2021-03-23 21:00:00', 1, 124),
(695, 484, '2021-03-23 21:00:00', 1, 124),
(696, 485, '2021-03-23 21:00:00', 1, 124),
(697, 486, '2021-03-23 21:00:00', 1, 124),
(698, 487, '2021-03-23 21:00:00', 1, 124),
(699, 488, '2021-03-23 21:00:00', 1, 124),
(700, 317, '2021-03-24 07:52:53', 2, 122),
(701, 301, '2021-03-24 07:53:18', 2, 122),
(702, 300, '2021-03-24 07:53:39', 2, 122),
(703, 302, '2021-03-24 07:53:55', 2, 122),
(704, 299, '2021-03-24 07:54:27', 2, 122),
(705, 297, '2021-03-24 07:54:48', 2, 122),
(706, 122, '2021-03-24 07:55:47', 2, 122),
(707, 296, '2021-03-24 07:56:24', 2, 122),
(708, 124, '2021-03-24 07:56:41', 2, 122),
(709, 395, '2021-03-24 07:57:15', 2, 122),
(710, 397, '2021-03-24 07:57:39', 2, 122),
(711, 208, '2021-03-24 07:58:09', 2, 122),
(712, 489, '2021-03-23 21:00:00', 1, 124),
(713, 490, '2021-03-23 21:00:00', 1, 124),
(714, 491, '2021-03-23 21:00:00', 1, 124),
(715, 492, '2021-03-23 21:00:00', 1, 124),
(716, 493, '2021-03-23 21:00:00', 1, 124),
(717, 494, '2021-03-23 21:00:00', 1, 124),
(718, 495, '2021-03-23 21:00:00', 1, 124),
(719, 496, '2021-03-23 21:00:00', 1, 124),
(720, 497, '2021-03-23 21:00:00', 1, 124),
(721, 498, '2021-03-23 21:00:00', 1, 124),
(722, 499, '2021-03-23 21:00:00', 1, 124),
(723, 500, '2021-03-23 21:00:00', 1, 124),
(724, 501, '2021-03-23 21:00:00', 1, 124),
(725, 502, '2021-03-23 21:00:00', 1, 124),
(726, 503, '2021-03-23 21:00:00', 1, 124),
(727, 504, '2021-03-23 21:00:00', 1, 124),
(728, 505, '2021-03-23 21:00:00', 1, 124),
(729, 506, '2021-03-23 21:00:00', 1, 124),
(730, 507, '2021-03-23 21:00:00', 1, 124),
(731, 508, '2021-03-23 21:00:00', 1, 124),
(732, 509, '2021-03-23 21:00:00', 1, 124),
(733, 510, '2021-03-23 21:00:00', 1, 124),
(734, 511, '2021-03-23 21:00:00', 1, 124),
(735, 512, '2021-03-23 21:00:00', 1, 124),
(736, 513, '2021-03-23 21:00:00', 1, 124),
(737, 514, '2021-03-23 21:00:00', 1, 124),
(738, 515, '2021-03-23 21:00:00', 1, 124),
(739, 516, '2021-03-23 21:00:00', 1, 124),
(740, 517, '2021-03-23 21:00:00', 1, 124),
(741, 518, '2021-03-23 21:00:00', 1, 124),
(742, 519, '2021-03-23 21:00:00', 1, 124),
(743, 520, '2021-03-23 21:00:00', 1, 124),
(744, 521, '2021-03-23 21:00:00', 1, 124),
(745, 500, '2021-03-24 11:58:55', 2, 120),
(746, 522, '2021-03-23 21:00:00', 1, 124),
(747, 523, '2021-03-23 21:00:00', 1, 124),
(748, 524, '2021-03-23 21:00:00', 1, 124),
(749, 525, '2021-03-23 21:00:00', 1, 124),
(750, 526, '2021-03-23 21:00:00', 1, 124),
(751, 527, '2021-03-23 21:00:00', 1, 124),
(752, 528, '2021-03-23 21:00:00', 1, 124),
(753, 529, '2021-03-23 21:00:00', 1, 124),
(754, 530, '2021-03-23 21:00:00', 1, 124),
(755, 531, '2021-03-23 21:00:00', 1, 124),
(756, 532, '2021-03-23 21:00:00', 1, 124),
(757, 533, '2021-03-23 21:00:00', 1, 124),
(758, 534, '2021-03-23 21:00:00', 1, 124),
(759, 535, '2021-03-23 21:00:00', 1, 124),
(760, 536, '2021-03-23 21:00:00', 1, 124),
(761, 537, '2021-03-23 21:00:00', 1, 124),
(762, 538, '2021-03-23 21:00:00', 1, 124),
(763, 539, '2021-03-23 21:00:00', 1, 124),
(764, 540, '2021-03-23 21:00:00', 1, 124),
(765, 541, '2021-03-23 21:00:00', 1, 124),
(766, 542, '2021-03-23 21:00:00', 1, 124),
(767, 543, '2021-03-23 21:00:00', 1, 124),
(768, 544, '2021-03-23 21:00:00', 1, 124),
(769, 545, '2021-03-23 21:00:00', 1, 124),
(770, 546, '2021-03-23 21:00:00', 1, 124),
(771, 547, '2021-03-23 21:00:00', 1, 124),
(772, 548, '2021-03-23 21:00:00', 1, 124),
(773, 549, '2021-03-23 21:00:00', 1, 124),
(774, 550, '2021-03-23 21:00:00', 1, 124),
(775, 551, '2021-03-23 21:00:00', 1, 124),
(776, 552, '2021-03-23 21:00:00', 1, 124),
(777, 553, '2021-03-23 21:00:00', 1, 124),
(778, 554, '2021-03-23 21:00:00', 1, 124),
(779, 555, '2021-03-23 21:00:00', 1, 124),
(780, 556, '2021-03-23 21:00:00', 1, 124),
(781, 557, '2021-03-23 21:00:00', 1, 124),
(782, 558, '2021-03-23 21:00:00', 1, 124),
(783, 559, '2021-03-23 21:00:00', 1, 124),
(784, 560, '2021-03-23 21:00:00', 1, 124),
(785, 561, '2021-03-23 21:00:00', 1, 124),
(786, 562, '2021-03-23 21:00:00', 1, 124),
(787, 563, '2021-03-23 21:00:00', 1, 124),
(788, 564, '2021-03-23 21:00:00', 1, 124),
(789, 533, '2021-03-24 13:17:30', 2, 122),
(790, 519, '2021-03-24 13:17:55', 2, 122),
(791, 565, '2021-03-23 21:00:00', 1, 124),
(792, 530, '2021-03-24 13:19:01', 2, 122),
(793, 566, '2021-03-23 21:00:00', 1, 124),
(794, 556, '2021-03-24 13:19:28', 2, 122),
(795, 530, '2021-03-24 13:40:44', 1, 120),
(796, 509, '2021-03-24 13:44:28', 2, 122),
(797, 567, '2021-03-24 21:00:00', 1, 124),
(798, 568, '2021-03-24 21:00:00', 1, 124),
(799, 569, '2021-03-24 21:00:00', 1, 124),
(800, 570, '2021-03-24 21:00:00', 1, 124),
(801, 571, '2021-03-24 21:00:00', 1, 124),
(802, 572, '2021-03-24 21:00:00', 1, 124),
(803, 573, '2021-03-24 21:00:00', 1, 124),
(804, 574, '2021-03-24 21:00:00', 1, 124),
(805, 575, '2021-03-24 21:00:00', 1, 124),
(806, 576, '2021-03-24 21:00:00', 1, 124),
(807, 577, '2021-03-24 21:00:00', 1, 124),
(808, 578, '2021-03-24 21:00:00', 1, 124),
(809, 579, '2021-03-24 21:00:00', 1, 124),
(810, 580, '2021-03-24 21:00:00', 1, 124),
(811, 581, '2021-03-24 21:00:00', 1, 124),
(812, 582, '2021-03-24 21:00:00', 1, 124),
(813, 583, '2021-03-24 21:00:00', 1, 124),
(814, 188, '2021-03-25 07:54:48', 2, 122),
(815, 237, '2021-03-25 07:55:29', 2, 122),
(816, 84, '2021-03-25 07:55:52', 2, 122),
(817, 79, '2021-03-25 07:57:03', 2, 122),
(818, 584, '2021-03-24 21:00:00', 1, 124),
(819, 272, '2021-03-25 07:57:29', 2, 122),
(820, 80, '2021-03-25 07:57:48', 2, 122),
(821, 585, '2021-03-24 21:00:00', 1, 124),
(822, 586, '2021-03-24 21:00:00', 1, 124),
(823, 587, '2021-03-24 21:00:00', 1, 124),
(824, 588, '2021-03-24 21:00:00', 1, 124),
(825, 589, '2021-03-24 21:00:00', 1, 124),
(826, 590, '2021-03-24 21:00:00', 1, 124),
(827, 591, '2021-03-24 21:00:00', 1, 124),
(828, 592, '2021-03-24 21:00:00', 1, 124),
(831, 595, '2021-03-24 21:00:00', 1, 124),
(832, 596, '2021-03-24 21:00:00', 1, 124),
(833, 597, '2021-03-24 21:00:00', 1, 124),
(834, 598, '2021-03-24 21:00:00', 1, 124),
(835, 599, '2021-03-24 21:00:00', 1, 124),
(836, 600, '2021-03-24 21:00:00', 1, 124),
(837, 601, '2021-03-24 21:00:00', 1, 124),
(838, 602, '2021-03-24 21:00:00', 1, 124),
(839, 603, '2021-03-24 21:00:00', 1, 124),
(840, 604, '2021-03-24 21:00:00', 1, 124),
(841, 605, '2021-03-24 21:00:00', 1, 124),
(842, 606, '2021-03-24 21:00:00', 1, 124),
(843, 607, '2021-03-24 21:00:00', 1, 124),
(844, 608, '2021-03-24 21:00:00', 1, 124),
(845, 609, '2021-03-24 21:00:00', 1, 124),
(846, 610, '2021-03-24 21:00:00', 1, 124),
(847, 611, '2021-03-24 21:00:00', 1, 124),
(848, 612, '2021-03-24 21:00:00', 1, 124),
(849, 613, '2021-03-24 21:00:00', 1, 124),
(850, 614, '2021-03-24 21:00:00', 1, 124),
(851, 615, '2021-03-24 21:00:00', 1, 124),
(852, 616, '2021-03-24 21:00:00', 1, 124),
(853, 617, '2021-03-24 21:00:00', 1, 124),
(854, 618, '2021-03-24 21:00:00', 1, 124),
(855, 619, '2021-03-24 21:00:00', 1, 124),
(856, 620, '2021-03-24 21:00:00', 1, 124),
(857, 502, '2021-03-25 19:27:32', 2, 120),
(858, 621, '2021-03-25 21:00:00', 1, 124),
(859, 622, '2021-03-25 21:00:00', 1, 124),
(860, 623, '2021-03-25 21:00:00', 1, 124),
(861, 624, '2021-03-25 21:00:00', 1, 124),
(862, 625, '2021-03-25 21:00:00', 1, 124),
(863, 626, '2021-03-25 21:00:00', 1, 124),
(864, 627, '2021-03-25 21:00:00', 1, 124),
(865, 628, '2021-03-25 21:00:00', 1, 124),
(866, 629, '2021-03-25 21:00:00', 1, 124),
(867, 630, '2021-03-25 21:00:00', 1, 124),
(868, 631, '2021-03-25 21:00:00', 1, 124),
(869, 632, '2021-03-25 21:00:00', 1, 124),
(870, 633, '2021-03-25 21:00:00', 1, 124),
(871, 634, '2021-03-25 21:00:00', 1, 124),
(872, 635, '2021-03-25 21:00:00', 1, 124),
(873, 636, '2021-03-25 21:00:00', 1, 124),
(874, 637, '2021-03-25 21:00:00', 1, 124),
(875, 638, '2021-03-25 21:00:00', 1, 124),
(876, 639, '2021-03-25 21:00:00', 1, 124),
(877, 640, '2021-03-25 21:00:00', 1, 124),
(878, 641, '2021-03-25 21:00:00', 1, 124),
(879, 579, '2021-03-26 12:41:55', 2, 122),
(880, 577, '2021-03-26 12:42:20', 2, 122),
(881, 294, '2021-03-26 12:44:22', 2, 122),
(882, 581, '2021-03-26 12:44:52', 2, 122),
(883, 578, '2021-03-26 12:45:26', 2, 122),
(884, 209, '2021-03-26 12:50:50', 2, 122),
(885, 309, '2021-03-26 12:51:13', 2, 122),
(886, 569, '2021-03-26 12:53:03', 2, 122),
(887, 571, '2021-03-26 12:53:22', 2, 122),
(888, 575, '2021-03-26 12:55:59', 2, 122),
(889, 570, '2021-03-26 12:56:37', 2, 122),
(890, 162, '2021-03-26 12:57:33', 2, 122),
(891, 587, '2021-03-26 12:58:05', 2, 122),
(892, 638, '2021-03-26 13:07:07', 2, 122),
(893, 313, '2021-03-26 13:07:44', 2, 122),
(894, 635, '2021-03-26 13:08:12', 2, 122),
(895, 636, '2021-03-26 13:08:22', 2, 122),
(896, 642, '2021-03-28 21:00:00', 1, 124),
(897, 643, '2021-03-28 21:00:00', 1, 124),
(898, 644, '2021-03-28 21:00:00', 1, 124),
(899, 645, '2021-03-28 21:00:00', 1, 124),
(900, 646, '2021-03-28 21:00:00', 1, 124),
(901, 647, '2021-03-28 21:00:00', 1, 124),
(902, 648, '2021-03-28 21:00:00', 1, 124),
(903, 649, '2021-03-28 21:00:00', 1, 124),
(904, 650, '2021-03-28 21:00:00', 1, 124),
(905, 651, '2021-03-28 21:00:00', 1, 124),
(906, 652, '2021-03-28 21:00:00', 1, 124),
(907, 653, '2021-03-28 21:00:00', 1, 124),
(908, 654, '2021-03-28 21:00:00', 1, 124),
(909, 655, '2021-03-28 21:00:00', 1, 124),
(910, 656, '2021-03-28 21:00:00', 1, 124),
(911, 657, '2021-03-28 21:00:00', 1, 124),
(912, 658, '2021-03-28 21:00:00', 1, 124),
(913, 659, '2021-03-28 21:00:00', 1, 124),
(914, 660, '2021-03-28 21:00:00', 1, 124),
(915, 661, '2021-03-28 21:00:00', 1, 124),
(916, 662, '2021-03-28 21:00:00', 1, 124),
(917, 663, '2021-03-28 21:00:00', 1, 124),
(918, 664, '2021-03-28 21:00:00', 1, 124),
(919, 665, '2021-03-28 21:00:00', 1, 124),
(920, 666, '2021-03-28 21:00:00', 1, 124),
(921, 667, '2021-03-28 21:00:00', 1, 124),
(922, 668, '2021-03-28 21:00:00', 1, 124),
(923, 669, '2021-03-28 21:00:00', 1, 124),
(924, 670, '2021-03-28 21:00:00', 1, 124),
(925, 671, '2021-03-28 21:00:00', 1, 124),
(926, 672, '2021-03-28 21:00:00', 1, 124),
(927, 673, '2021-03-28 21:00:00', 1, 124),
(928, 674, '2021-03-28 21:00:00', 1, 124),
(929, 597, '2021-03-29 09:59:43', 2, 122),
(930, 624, '2021-03-29 10:00:03', 2, 122),
(931, 675, '2021-03-28 21:00:00', 1, 124),
(932, 109, '2021-03-29 10:00:33', 2, 122),
(933, 586, '2021-03-29 10:00:56', 2, 122),
(934, 676, '2021-03-28 21:00:00', 1, 124),
(935, 633, '2021-03-29 10:01:28', 2, 122),
(936, 349, '2021-03-29 10:02:04', 2, 122),
(937, 278, '2021-03-29 10:03:02', 2, 122),
(938, 677, '2021-03-28 21:00:00', 1, 124),
(939, 260, '2021-03-29 10:03:45', 2, 122),
(940, 280, '2021-03-29 10:04:12', 2, 122),
(941, 678, '2021-03-28 21:00:00', 1, 124),
(942, 641, '2021-03-29 10:04:46', 2, 122),
(943, 265, '2021-03-29 10:05:33', 2, 122),
(944, 213, '2021-03-29 10:05:51', 2, 122),
(945, 679, '2021-03-28 21:00:00', 1, 124),
(946, 680, '2021-03-28 21:00:00', 1, 124),
(947, 681, '2021-03-28 21:00:00', 1, 124),
(948, 621, '2021-03-29 10:06:28', 2, 122),
(949, 626, '2021-03-29 10:07:09', 2, 122),
(950, 632, '2021-03-29 10:07:22', 2, 122),
(951, 631, '2021-03-29 10:07:40', 2, 122),
(952, 682, '2021-03-28 21:00:00', 1, 124),
(953, 623, '2021-03-29 10:08:10', 2, 122),
(954, 625, '2021-03-29 10:08:25', 2, 122),
(955, 640, '2021-03-29 10:08:43', 2, 122),
(956, 637, '2021-03-29 10:08:59', 2, 122),
(957, 683, '2021-03-28 21:00:00', 1, 124),
(958, 647, '2021-03-29 10:09:27', 2, 122),
(959, 583, '2021-03-29 10:10:22', 2, 122),
(960, 684, '2021-03-28 21:00:00', 1, 124),
(961, 685, '2021-03-28 21:00:00', 1, 124),
(962, 686, '2021-03-28 21:00:00', 1, 124),
(963, 687, '2021-03-28 21:00:00', 1, 124),
(964, 688, '2021-03-28 21:00:00', 1, 124),
(965, 689, '2021-03-28 21:00:00', 1, 124),
(966, 690, '2021-03-28 21:00:00', 1, 124),
(967, 691, '2021-03-28 21:00:00', 1, 124),
(968, 692, '2021-03-28 21:00:00', 1, 124),
(969, 693, '2021-03-28 21:00:00', 1, 124),
(970, 694, '2021-03-28 21:00:00', 1, 124),
(971, 695, '2021-03-28 21:00:00', 1, 124),
(972, 696, '2021-03-28 21:00:00', 1, 124),
(973, 697, '2021-03-28 21:00:00', 1, 124),
(974, 698, '2021-03-28 21:00:00', 1, 124),
(975, 699, '2021-03-28 21:00:00', 1, 124),
(976, 700, '2021-03-28 21:00:00', 1, 124),
(977, 701, '2021-03-28 21:00:00', 1, 124),
(978, 702, '2021-03-28 21:00:00', 1, 124),
(979, 703, '2021-03-28 21:00:00', 1, 124),
(980, 704, '2021-03-28 21:00:00', 1, 124),
(981, 705, '2021-03-28 21:00:00', 1, 124),
(982, 706, '2021-03-28 21:00:00', 1, 124),
(983, 707, '2021-03-28 21:00:00', 1, 124),
(984, 708, '2021-03-28 21:00:00', 1, 124),
(985, 709, '2021-03-28 21:00:00', 1, 124),
(986, 710, '2021-03-28 21:00:00', 1, 124),
(987, 711, '2021-03-28 21:00:00', 1, 124),
(988, 712, '2021-03-28 21:00:00', 1, 124),
(989, 713, '2021-03-28 21:00:00', 1, 124),
(990, 714, '2021-03-28 21:00:00', 1, 124),
(991, 715, '2021-03-28 21:00:00', 1, 124),
(992, 716, '2021-03-28 21:00:00', 1, 124),
(993, 717, '2021-03-28 21:00:00', 1, 124),
(994, 718, '2021-03-28 21:00:00', 1, 124),
(995, 719, '2021-03-28 21:00:00', 1, 124),
(996, 720, '2021-03-28 21:00:00', 1, 124),
(997, 721, '2021-03-28 21:00:00', 1, 124),
(998, 722, '2021-03-28 21:00:00', 1, 124),
(999, 723, '2021-03-28 21:00:00', 1, 124),
(1000, 724, '2021-03-28 21:00:00', 1, 124),
(1001, 725, '2021-03-28 21:00:00', 1, 124),
(1002, 726, '2021-03-28 21:00:00', 1, 124),
(1003, 464, '2021-03-29 13:24:52', 2, 122),
(1004, 727, '2021-03-28 21:00:00', 1, 124),
(1005, 727, '2021-03-29 13:48:51', 2, 120),
(1006, 728, '2021-03-28 21:00:00', 1, 124),
(1007, 729, '2021-03-29 21:00:00', 1, 124),
(1008, 730, '2021-03-29 21:00:00', 1, 124),
(1009, 731, '2021-03-29 21:00:00', 1, 124),
(1010, 732, '2021-03-29 21:00:00', 1, 124),
(1011, 733, '2021-03-29 21:00:00', 1, 124),
(1012, 734, '2021-03-29 21:00:00', 1, 124),
(1013, 735, '2021-03-29 21:00:00', 1, 124),
(1014, 736, '2021-03-29 21:00:00', 1, 124),
(1015, 737, '2021-03-29 21:00:00', 1, 124),
(1016, 738, '2021-03-29 21:00:00', 1, 124),
(1017, 739, '2021-03-29 21:00:00', 1, 124),
(1018, 740, '2021-03-29 21:00:00', 1, 124),
(1019, 741, '2021-03-29 21:00:00', 1, 124),
(1020, 742, '2021-03-29 21:00:00', 1, 124),
(1021, 743, '2021-03-29 21:00:00', 1, 124),
(1022, 744, '2021-03-29 21:00:00', 1, 124),
(1023, 287, '2021-03-30 09:25:41', 2, 122),
(1024, 211, '2021-03-30 09:26:10', 2, 122),
(1025, 670, '2021-03-30 09:26:57', 2, 122),
(1026, 218, '2021-03-30 09:27:13', 2, 122),
(1027, 393, '2021-03-30 09:28:38', 2, 122),
(1028, 745, '2021-03-29 21:00:00', 1, 124),
(1029, 649, '2021-03-30 09:29:03', 2, 122),
(1030, 225, '2021-03-30 09:29:29', 2, 122),
(1031, 746, '2021-03-29 21:00:00', 1, 124),
(1032, 304, '2021-03-30 09:31:32', 2, 122),
(1033, 312, '2021-03-30 09:32:07', 2, 122),
(1034, 747, '2021-03-29 21:00:00', 1, 124),
(1035, 748, '2021-03-29 21:00:00', 1, 124),
(1036, 749, '2021-03-29 21:00:00', 1, 124),
(1037, 750, '2021-03-29 21:00:00', 1, 124),
(1038, 751, '2021-03-29 21:00:00', 1, 124),
(1039, 752, '2021-03-29 21:00:00', 1, 124),
(1040, 753, '2021-03-29 21:00:00', 1, 124),
(1041, 754, '2021-03-29 21:00:00', 1, 124),
(1042, 755, '2021-03-29 21:00:00', 1, 124),
(1043, 756, '2021-03-29 21:00:00', 1, 124),
(1044, 757, '2021-03-29 21:00:00', 1, 124),
(1045, 758, '2021-03-29 21:00:00', 1, 124),
(1046, 759, '2021-03-29 21:00:00', 1, 124),
(1047, 760, '2021-03-29 21:00:00', 1, 124),
(1048, 761, '2021-03-29 21:00:00', 1, 124),
(1049, 762, '2021-03-29 21:00:00', 1, 124),
(1050, 763, '2021-03-29 21:00:00', 1, 124),
(1051, 764, '2021-03-29 21:00:00', 1, 124),
(1052, 765, '2021-03-29 21:00:00', 1, 124),
(1053, 766, '2021-03-29 21:00:00', 1, 124),
(1054, 767, '2021-03-29 21:00:00', 1, 124),
(1055, 768, '2021-03-29 21:00:00', 1, 124),
(1056, 769, '2021-03-29 21:00:00', 1, 124),
(1057, 770, '2021-03-29 21:00:00', 1, 124),
(1058, 771, '2021-03-29 21:00:00', 1, 124),
(1059, 772, '2021-03-29 21:00:00', 1, 124),
(1060, 717, '2021-03-30 11:23:28', 2, 122),
(1061, 722, '2021-03-30 11:24:22', 2, 122),
(1062, 710, '2021-03-30 11:24:45', 2, 122),
(1063, 773, '2021-03-29 21:00:00', 1, 124),
(1064, 774, '2021-03-29 21:00:00', 1, 124),
(1065, 775, '2021-03-29 21:00:00', 1, 124),
(1066, 776, '2021-03-29 21:00:00', 1, 124),
(1067, 777, '2021-03-29 21:00:00', 1, 124),
(1068, 778, '2021-03-29 21:00:00', 1, 124),
(1069, 779, '2021-03-29 21:00:00', 1, 124),
(1070, 780, '2021-03-29 21:00:00', 1, 124),
(1071, 781, '2021-03-29 21:00:00', 1, 124),
(1072, 782, '2021-03-29 21:00:00', 1, 124),
(1073, 783, '2021-03-29 21:00:00', 1, 124),
(1074, 784, '2021-03-29 21:00:00', 1, 124),
(1075, 785, '2021-03-29 21:00:00', 1, 124),
(1076, 786, '2021-03-29 21:00:00', 1, 124),
(1077, 787, '2021-03-29 21:00:00', 1, 124),
(1078, 788, '2021-03-29 21:00:00', 1, 124),
(1079, 789, '2021-03-29 21:00:00', 1, 124),
(1080, 790, '2021-03-29 21:00:00', 1, 124),
(1081, 791, '2021-03-29 21:00:00', 1, 124),
(1082, 792, '2021-03-29 21:00:00', 1, 124),
(1083, 793, '2021-03-29 21:00:00', 1, 124),
(1084, 794, '2021-03-29 21:00:00', 1, 124),
(1085, 795, '2021-03-30 21:00:00', 1, 124),
(1086, 796, '2021-03-30 21:00:00', 1, 124),
(1087, 797, '2021-03-30 21:00:00', 1, 124),
(1088, 798, '2021-03-30 21:00:00', 1, 124),
(1091, 801, '2021-03-30 21:00:00', 1, 124),
(1092, 802, '2021-03-30 21:00:00', 1, 124),
(1093, 803, '2021-03-30 21:00:00', 1, 124),
(1094, 804, '2021-03-30 21:00:00', 1, 124),
(1095, 805, '2021-03-30 21:00:00', 1, 124),
(1096, 806, '2021-03-30 21:00:00', 1, 124),
(1097, 807, '2021-03-30 21:00:00', 1, 124),
(1098, 808, '2021-03-30 21:00:00', 1, 124),
(1099, 809, '2021-03-30 21:00:00', 1, 124),
(1100, 810, '2021-03-30 21:00:00', 1, 124),
(1101, 811, '2021-03-30 21:00:00', 1, 124),
(1102, 812, '2021-03-30 21:00:00', 1, 124),
(1103, 813, '2021-03-30 21:00:00', 1, 124),
(1104, 814, '2021-03-30 21:00:00', 1, 124),
(1105, 815, '2021-03-30 21:00:00', 1, 124),
(1106, 816, '2021-03-30 21:00:00', 1, 124),
(1107, 817, '2021-03-30 21:00:00', 1, 124),
(1108, 818, '2021-03-30 21:00:00', 1, 124),
(1109, 819, '2021-03-30 21:00:00', 1, 124),
(1110, 820, '2021-03-30 21:00:00', 1, 124),
(1111, 821, '2021-03-30 21:00:00', 1, 124),
(1112, 258, '2021-03-31 10:58:15', 2, 122),
(1113, 257, '2021-03-31 10:58:32', 2, 122),
(1114, 256, '2021-03-31 10:59:05', 2, 122),
(1115, 767, '2021-03-31 11:01:01', 2, 122),
(1116, 105, '2021-03-31 11:01:33', 2, 122),
(1117, 745, '2021-03-31 11:03:00', 2, 122),
(1118, 277, '2021-03-31 11:03:28', 2, 122),
(1119, 501, '2021-03-31 11:04:00', 2, 122),
(1120, 573, '2021-03-31 11:04:24', 2, 122),
(1121, 251, '2021-03-31 11:04:57', 2, 122),
(1122, 585, '2021-03-31 11:05:39', 2, 122),
(1123, 789, '2021-03-31 11:06:35', 2, 122),
(1124, 786, '2021-03-31 11:06:58', 2, 122),
(1125, 551, '2021-03-31 11:07:28', 2, 122),
(1126, 822, '2021-03-30 21:00:00', 1, 124),
(1127, 823, '2021-03-30 21:00:00', 1, 124),
(1128, 824, '2021-03-30 21:00:00', 1, 124),
(1129, 825, '2021-03-30 21:00:00', 1, 124),
(1130, 826, '2021-03-31 21:00:00', 1, 124),
(1131, 827, '2021-03-31 21:00:00', 1, 124),
(1132, 828, '2021-03-31 21:00:00', 1, 124),
(1133, 829, '2021-03-31 21:00:00', 1, 124),
(1134, 830, '2021-03-31 21:00:00', 1, 124),
(1135, 831, '2021-03-31 21:00:00', 1, 124),
(1136, 832, '2021-03-31 21:00:00', 1, 124),
(1137, 833, '2021-03-31 21:00:00', 1, 124),
(1138, 834, '2021-03-31 21:00:00', 1, 124),
(1139, 835, '2021-03-31 21:00:00', 1, 124),
(1140, 836, '2021-03-31 21:00:00', 1, 124),
(1141, 837, '2021-03-31 21:00:00', 1, 124),
(1142, 838, '2021-03-31 21:00:00', 1, 124),
(1143, 839, '2021-03-31 21:00:00', 1, 124),
(1144, 815, '2021-04-01 10:08:58', 2, 122),
(1145, 802, '2021-04-01 10:09:22', 2, 122),
(1146, 755, '2021-04-01 10:14:42', 2, 122),
(1147, 167, '2021-04-01 10:15:02', 2, 122),
(1148, 163, '2021-04-01 10:15:19', 2, 122),
(1149, 147, '2021-04-01 10:15:39', 2, 122),
(1150, 696, '2021-04-01 10:15:59', 2, 122),
(1151, 212, '2021-04-01 10:16:13', 2, 122),
(1152, 324, '2021-04-01 10:20:03', 2, 122),
(1153, 840, '2021-03-31 21:00:00', 1, 124),
(1154, 841, '2021-03-31 21:00:00', 1, 124),
(1155, 125, '2021-04-01 11:09:47', 2, 122),
(1156, 117, '2021-04-01 11:10:04', 2, 122),
(1157, 842, '2021-03-31 21:00:00', 1, 124),
(1158, 843, '2021-03-31 21:00:00', 1, 124),
(1159, 844, '2021-03-31 21:00:00', 1, 124),
(1160, 845, '2021-03-31 21:00:00', 1, 124),
(1161, 846, '2021-03-31 21:00:00', 1, 124),
(1162, 847, '2021-03-31 21:00:00', 1, 124),
(1163, 848, '2021-03-31 21:00:00', 1, 124),
(1164, 849, '2021-03-31 21:00:00', 1, 124),
(1165, 850, '2021-03-31 21:00:00', 1, 124),
(1166, 851, '2021-03-31 21:00:00', 1, 124),
(1167, 852, '2021-03-31 21:00:00', 1, 124),
(1168, 853, '2021-03-31 21:00:00', 1, 124),
(1169, 854, '2021-03-31 21:00:00', 1, 124),
(1170, 855, '2021-03-31 21:00:00', 1, 124),
(1171, 856, '2021-04-01 21:00:00', 1, 124),
(1172, 857, '2021-04-01 21:00:00', 1, 124),
(1173, 858, '2021-04-01 21:00:00', 1, 124),
(1174, 859, '2021-04-01 21:00:00', 1, 124),
(1175, 860, '2021-04-01 21:00:00', 1, 124),
(1176, 861, '2021-04-01 21:00:00', 1, 124),
(1177, 862, '2021-04-01 21:00:00', 1, 124),
(1178, 404, '2021-04-02 06:36:51', 2, 122),
(1179, 315, '2021-04-02 06:37:29', 2, 122),
(1180, 840, '2021-04-02 06:38:21', 2, 122),
(1181, 863, '2021-04-04 21:00:00', 1, 124),
(1182, 864, '2021-04-04 21:00:00', 1, 124),
(1183, 865, '2021-04-04 21:00:00', 1, 124),
(1184, 866, '2021-04-04 21:00:00', 1, 124),
(1185, 867, '2021-04-04 21:00:00', 1, 124),
(1186, 868, '2021-04-04 21:00:00', 1, 124),
(1187, 869, '2021-04-04 21:00:00', 1, 124),
(1188, 870, '2021-04-04 21:00:00', 1, 124),
(1189, 871, '2021-04-04 21:00:00', 1, 124),
(1190, 872, '2021-04-04 21:00:00', 1, 124),
(1191, 873, '2021-04-04 21:00:00', 1, 124),
(1192, 874, '2021-04-04 21:00:00', 1, 124),
(1193, 875, '2021-04-05 21:00:00', 1, 124),
(1194, 876, '2021-04-05 21:00:00', 1, 124),
(1195, 877, '2021-04-05 21:00:00', 1, 124),
(1196, 878, '2021-04-05 21:00:00', 1, 124),
(1197, 879, '2021-04-05 21:00:00', 1, 124),
(1198, 880, '2021-04-05 21:00:00', 1, 124),
(1199, 881, '2021-04-05 21:00:00', 1, 124),
(1200, 882, '2021-04-05 21:00:00', 1, 124),
(1201, 883, '2021-04-05 21:00:00', 1, 124),
(1202, 884, '2021-04-05 21:00:00', 1, 124),
(1203, 885, '2021-04-05 21:00:00', 1, 124),
(1204, 886, '2021-04-05 21:00:00', 1, 124),
(1205, 887, '2021-04-05 21:00:00', 1, 124),
(1206, 888, '2021-04-05 21:00:00', 1, 124),
(1207, 889, '2021-04-05 21:00:00', 1, 124),
(1208, 890, '2021-04-05 21:00:00', 1, 124),
(1209, 891, '2021-04-05 21:00:00', 1, 124),
(1210, 892, '2021-04-05 21:00:00', 1, 124),
(1211, 893, '2021-04-05 21:00:00', 1, 124),
(1212, 894, '2021-04-05 21:00:00', 1, 124),
(1213, 895, '2021-04-05 21:00:00', 1, 124),
(1214, 896, '2021-04-05 21:00:00', 1, 124),
(1215, 897, '2021-04-05 21:00:00', 1, 124),
(1216, 898, '2021-04-05 21:00:00', 1, 124),
(1217, 899, '2021-04-05 21:00:00', 1, 124),
(1218, 900, '2021-04-05 21:00:00', 1, 124),
(1219, 901, '2021-04-05 21:00:00', 1, 124),
(1220, 902, '2021-04-05 21:00:00', 1, 124),
(1221, 903, '2021-04-05 21:00:00', 1, 124),
(1222, 904, '2021-04-05 21:00:00', 1, 124),
(1223, 905, '2021-04-05 21:00:00', 1, 124),
(1224, 906, '2021-04-05 21:00:00', 1, 124),
(1225, 907, '2021-04-05 21:00:00', 1, 124),
(1226, 908, '2021-04-05 21:00:00', 1, 124),
(1227, 909, '2021-04-05 21:00:00', 1, 124),
(1228, 910, '2021-04-05 21:00:00', 1, 124),
(1229, 911, '2021-04-05 21:00:00', 1, 124),
(1230, 403, '2021-04-06 13:30:10', 2, 122),
(1231, 126, '2021-04-06 13:30:54', 2, 122),
(1232, 189, '2021-04-06 13:31:29', 2, 122),
(1233, 94, '2021-04-06 13:31:47', 2, 122),
(1234, 97, '2021-04-06 13:32:03', 2, 122),
(1235, 96, '2021-04-06 13:32:56', 2, 122),
(1236, 854, '2021-04-06 13:33:20', 2, 122),
(1237, 595, '2021-04-06 13:33:48', 2, 122),
(1238, 98, '2021-04-06 13:34:55', 2, 122),
(1239, 92, '2021-04-06 13:35:18', 2, 122),
(1240, 222, '2021-04-06 13:35:51', 2, 122),
(1241, 137, '2021-04-06 13:36:19', 2, 122),
(1242, 253, '2021-04-06 13:36:44', 2, 122),
(1243, 133, '2021-04-06 13:37:07', 2, 122),
(1244, 555, '2021-04-06 13:37:54', 2, 122),
(1245, 518, '2021-04-06 13:39:20', 2, 122),
(1246, 510, '2021-04-06 13:39:39', 2, 122),
(1247, 418, '2021-04-06 13:40:50', 2, 122),
(1248, 417, '2021-04-06 13:41:21', 2, 122),
(1249, 584, '2021-04-06 13:41:59', 2, 122),
(1250, 415, '2021-04-06 13:42:43', 2, 122),
(1251, 390, '2021-04-06 13:43:16', 2, 122),
(1252, 912, '2021-04-06 21:00:00', 1, 124),
(1253, 913, '2021-04-06 21:00:00', 1, 124),
(1254, 914, '2021-04-06 21:00:00', 1, 124),
(1255, 915, '2021-04-06 21:00:00', 1, 124),
(1256, 916, '2021-04-06 21:00:00', 1, 124),
(1257, 917, '2021-04-06 21:00:00', 1, 124),
(1258, 918, '2021-04-06 21:00:00', 1, 124),
(1259, 919, '2021-04-06 21:00:00', 1, 124),
(1260, 920, '2021-04-06 21:00:00', 1, 124),
(1261, 921, '2021-04-06 21:00:00', 1, 124),
(1262, 922, '2021-04-06 21:00:00', 1, 124),
(1263, 923, '2021-04-06 21:00:00', 1, 124),
(1264, 924, '2021-04-06 21:00:00', 1, 124),
(1265, 925, '2021-04-06 21:00:00', 1, 124),
(1266, 926, '2021-04-06 21:00:00', 1, 124),
(1267, 927, '2021-04-06 21:00:00', 1, 124),
(1268, 928, '2021-04-06 21:00:00', 1, 124),
(1269, 836, '2021-04-08 06:37:57', 2, 122),
(1270, 292, '2021-04-08 06:38:19', 2, 122),
(1271, 838, '2021-04-08 06:38:53', 2, 122),
(1272, 224, '2021-04-08 06:39:26', 2, 122),
(1273, 488, '2021-04-08 06:40:16', 2, 122),
(1274, 842, '2021-04-08 06:40:45', 2, 122),
(1275, 837, '2021-04-08 06:41:19', 2, 122),
(1276, 616, '2021-04-08 06:42:02', 2, 122),
(1277, 716, '2021-04-08 06:42:38', 2, 122),
(1278, 450, '2021-04-08 06:43:57', 2, 122),
(1279, 728, '2021-04-08 06:44:21', 2, 122),
(1280, 496, '2021-04-08 06:45:09', 2, 122),
(1281, 589, '2021-04-08 06:46:01', 2, 122),
(1282, 435, '2021-04-08 06:46:42', 2, 122),
(1283, 899, '2021-04-08 06:47:13', 2, 122),
(1284, 894, '2021-04-08 06:48:09', 2, 122),
(1285, 863, '2021-04-08 06:49:07', 2, 122),
(1286, 929, '2021-04-08 21:00:00', 1, 124),
(1287, 930, '2021-04-08 21:00:00', 1, 124),
(1288, 931, '2021-04-08 21:00:00', 1, 124),
(1289, 932, '2021-04-08 21:00:00', 1, 124),
(1290, 933, '2021-04-08 21:00:00', 1, 124),
(1291, 934, '2021-04-08 21:00:00', 1, 124),
(1292, 935, '2021-04-08 21:00:00', 1, 124),
(1293, 936, '2021-04-08 21:00:00', 1, 124),
(1294, 937, '2021-04-08 21:00:00', 1, 124),
(1295, 938, '2021-04-08 21:00:00', 1, 124),
(1296, 939, '2021-04-08 21:00:00', 1, 124),
(1297, 940, '2021-04-08 21:00:00', 1, 124),
(1298, 941, '2021-04-08 21:00:00', 1, 124),
(1299, 132, '2021-04-13 06:57:19', 2, 122),
(1300, 136, '2021-04-13 06:57:35', 2, 122),
(1301, 161, '2021-04-13 06:58:02', 2, 122),
(1302, 472, '2021-04-13 06:58:45', 2, 122),
(1303, 630, '2021-04-13 06:59:23', 2, 122),
(1304, 886, '2021-04-13 06:59:51', 2, 122),
(1305, 123, '2021-04-13 07:00:18', 2, 122),
(1306, 686, '2021-04-13 07:02:07', 2, 122),
(1307, 216, '2021-04-13 07:02:42', 2, 122),
(1308, 330, '2021-04-13 07:03:05', 2, 122),
(1309, 537, '2021-04-13 09:47:23', 2, 122),
(1310, 384, '2021-04-13 09:48:01', 2, 122),
(1311, 493, '2021-04-13 09:48:25', 2, 122),
(1312, 448, '2021-04-13 09:48:42', 2, 122),
(1313, 846, '2021-04-13 10:56:05', 2, 122),
(1314, 771, '2021-04-13 10:56:44', 2, 122),
(1315, 483, '2021-04-13 10:57:07', 2, 122),
(1316, 207, '2021-04-13 10:57:24', 2, 122),
(1317, 852, '2021-04-13 10:58:02', 2, 122),
(1318, 796, '2021-04-13 10:58:24', 2, 122),
(1319, 316, '2021-04-13 10:59:53', 2, 122),
(1320, 303, '2021-04-13 11:00:14', 2, 122),
(1321, 590, '2021-04-14 07:17:30', 2, 122),
(1322, 332, '2021-04-14 07:17:57', 2, 122),
(1323, 567, '2021-04-14 07:19:54', 2, 122),
(1324, 252, '2021-04-14 07:21:25', 2, 122),
(1325, 83, '2021-04-14 07:25:45', 2, 122),
(1326, 319, '2021-04-14 07:26:00', 2, 122),
(1327, 200, '2021-04-14 07:26:16', 2, 122),
(1328, 653, '2021-04-14 07:28:09', 2, 122),
(1329, 806, '2021-04-14 07:28:45', 2, 122),
(1330, 520, '2021-04-14 07:29:15', 2, 122),
(1331, 699, '2021-04-14 07:29:32', 2, 122),
(1332, 850, '2021-04-14 08:55:10', 2, 122),
(1333, 427, '2021-04-14 08:55:35', 2, 122),
(1334, 194, '2021-04-15 07:03:33', 2, 122),
(1335, 89, '2021-04-15 07:04:17', 2, 122),
(1336, 90, '2021-04-15 07:04:30', 2, 122),
(1337, 459, '2021-04-15 07:04:49', 2, 122),
(1338, 458, '2021-04-15 07:05:27', 2, 122),
(1339, 396, '2021-04-15 07:06:06', 2, 122),
(1340, 807, '2021-04-15 07:06:27', 2, 122),
(1341, 487, '2021-04-16 07:59:11', 2, 122),
(1342, 534, '2021-04-16 07:59:46', 2, 122),
(1343, 469, '2021-04-16 13:50:15', 2, 122),
(1344, 622, '2021-04-19 07:19:36', 2, 122),
(1345, 906, '2021-04-19 07:19:52', 2, 122),
(1346, 890, '2021-04-19 07:20:06', 2, 122),
(1347, 359, '2021-04-19 07:20:21', 2, 122),
(1348, 129, '2021-04-19 07:21:29', 2, 122),
(1349, 721, '2021-04-19 07:22:01', 2, 122),
(1350, 669, '2021-04-19 07:22:43', 2, 122),
(1351, 942, '2021-04-18 21:00:00', 1, 124),
(1352, 943, '2021-04-18 21:00:00', 1, 124),
(1353, 944, '2021-04-19 21:00:00', 1, 124),
(1354, 945, '2021-04-19 21:00:00', 1, 124),
(1355, 946, '2021-04-19 21:00:00', 1, 124),
(1356, 947, '2021-04-19 21:00:00', 1, 124),
(1357, 948, '2021-04-19 21:00:00', 1, 124),
(1358, 949, '2021-04-19 21:00:00', 1, 124),
(1359, 950, '2021-04-19 21:00:00', 1, 124),
(1360, 951, '2021-04-19 21:00:00', 1, 124),
(1361, 952, '2021-04-19 21:00:00', 1, 124),
(1362, 809, '2021-04-20 07:16:17', 2, 122),
(1363, 650, '2021-04-20 07:16:36', 2, 122),
(1364, 311, '2021-04-20 07:17:47', 2, 122),
(1365, 197, '2021-04-20 07:18:11', 2, 122),
(1366, 830, '2021-04-20 07:18:43', 2, 122),
(1367, 764, '2021-04-20 07:19:04', 2, 122),
(1368, 759, '2021-04-20 07:19:30', 2, 122),
(1369, 753, '2021-04-20 07:19:58', 2, 122),
(1370, 725, '2021-04-20 07:20:20', 2, 122),
(1371, 702, '2021-04-20 07:20:59', 2, 122),
(1372, 620, '2021-04-20 07:21:25', 2, 122),
(1373, 953, '2021-04-19 21:00:00', 1, 124),
(1374, 954, '2021-04-19 21:00:00', 1, 124),
(1375, 955, '2021-04-19 21:00:00', 1, 124),
(1376, 956, '2021-04-19 21:00:00', 1, 124),
(1377, 957, '2021-04-19 21:00:00', 1, 124),
(1378, 958, '2021-04-19 21:00:00', 1, 124),
(1379, 959, '2021-04-19 21:00:00', 1, 124),
(1380, 960, '2021-04-19 21:00:00', 1, 124),
(1381, 961, '2021-04-19 21:00:00', 1, 124),
(1382, 962, '2021-04-19 21:00:00', 1, 124),
(1383, 963, '2021-04-20 21:00:00', 1, 124),
(1384, 964, '2021-04-20 21:00:00', 1, 124),
(1385, 965, '2021-04-20 21:00:00', 1, 124),
(1386, 966, '2021-04-20 21:00:00', 1, 124),
(1387, 967, '2021-04-20 21:00:00', 1, 124),
(1388, 968, '2021-04-20 21:00:00', 1, 124),
(1389, 969, '2021-04-20 21:00:00', 1, 124),
(1390, 970, '2021-04-20 21:00:00', 1, 124),
(1391, 971, '2021-04-20 21:00:00', 1, 124),
(1392, 972, '2021-04-20 21:00:00', 1, 124),
(1393, 973, '2021-04-20 21:00:00', 1, 124),
(1394, 974, '2021-04-20 21:00:00', 1, 124),
(1395, 975, '2021-04-20 21:00:00', 1, 124),
(1396, 976, '2021-04-20 21:00:00', 1, 124),
(1397, 977, '2021-04-20 21:00:00', 1, 124),
(1398, 978, '2021-04-20 21:00:00', 1, 124),
(1399, 979, '2021-04-20 21:00:00', 1, 124),
(1400, 980, '2021-04-20 21:00:00', 1, 124),
(1401, 981, '2021-04-20 21:00:00', 1, 124),
(1402, 982, '2021-04-20 21:00:00', 1, 124),
(1403, 983, '2021-04-20 21:00:00', 1, 124),
(1404, 984, '2021-04-20 21:00:00', 1, 124),
(1405, 985, '2021-04-20 21:00:00', 1, 124),
(1406, 986, '2021-04-20 21:00:00', 1, 124),
(1407, 987, '2021-04-20 21:00:00', 1, 124),
(1408, 988, '2021-04-20 21:00:00', 1, 124),
(1409, 989, '2021-04-20 21:00:00', 1, 124),
(1410, 990, '2021-04-20 21:00:00', 1, 124),
(1411, 440, '2021-04-22 09:14:55', 2, 122),
(1412, 437, '2021-04-22 09:15:10', 2, 122),
(1413, 439, '2021-04-22 09:15:31', 2, 122),
(1414, 195, '2021-04-22 09:15:44', 2, 122),
(1415, 402, '2021-04-22 09:15:59', 2, 122),
(1416, 628, '2021-04-22 09:17:01', 2, 122),
(1417, 308, '2021-04-22 09:17:17', 2, 122),
(1418, 107, '2021-04-22 09:17:53', 2, 122),
(1419, 347, '2021-04-22 09:18:34', 2, 122),
(1420, 250, '2021-04-22 09:18:54', 2, 122),
(1421, 601, '2021-04-22 09:19:16', 2, 122),
(1422, 399, '2021-04-22 09:19:31', 2, 122),
(1423, 536, '2021-04-22 09:19:55', 2, 122),
(1424, 991, '2021-04-22 21:00:00', 1, 124),
(1425, 992, '2021-04-22 21:00:00', 1, 124),
(1426, 993, '2021-04-22 21:00:00', 1, 124),
(1427, 994, '2021-04-22 21:00:00', 1, 124),
(1428, 995, '2021-04-22 21:00:00', 1, 124),
(1429, 996, '2021-04-25 21:00:00', 1, 124),
(1430, 997, '2021-04-25 21:00:00', 1, 124),
(1431, 998, '2021-04-25 21:00:00', 1, 124),
(1432, 999, '2021-04-25 21:00:00', 1, 124),
(1433, 1000, '2021-04-25 21:00:00', 1, 124),
(1434, 1001, '2021-04-25 21:00:00', 1, 124),
(1435, 1002, '2021-04-25 21:00:00', 1, 124),
(1436, 1003, '2021-04-25 21:00:00', 1, 124),
(1437, 1004, '2021-04-25 21:00:00', 1, 124),
(1438, 1005, '2021-04-25 21:00:00', 1, 124),
(1439, 1006, '2021-04-25 21:00:00', 1, 124);
INSERT INTO `roll_status_history` (`id`, `roll_id`, `date`, `status_id`, `user_id`) VALUES
(1440, 1007, '2021-04-25 21:00:00', 1, 124),
(1441, 1008, '2021-04-25 21:00:00', 1, 124),
(1442, 1009, '2021-04-25 21:00:00', 1, 124),
(1443, 1010, '2021-04-25 21:00:00', 1, 124),
(1444, 1011, '2021-04-25 21:00:00', 1, 124),
(1445, 1012, '2021-04-25 21:00:00', 1, 124),
(1446, 1013, '2021-04-25 21:00:00', 1, 124),
(1447, 1014, '2021-04-26 21:00:00', 1, 124),
(1448, 1015, '2021-04-26 21:00:00', 1, 124),
(1449, 1016, '2021-04-26 21:00:00', 1, 124),
(1450, 1017, '2021-04-26 21:00:00', 1, 124),
(1451, 1018, '2021-04-26 21:00:00', 1, 124),
(1452, 1019, '2021-04-26 21:00:00', 1, 124),
(1453, 1020, '2021-04-26 21:00:00', 1, 124),
(1454, 1021, '2021-04-26 21:00:00', 1, 124),
(1455, 1022, '2021-04-26 21:00:00', 1, 124),
(1456, 1023, '2021-04-26 21:00:00', 1, 124),
(1457, 1024, '2021-04-26 21:00:00', 1, 124),
(1458, 81, '2021-04-27 07:25:30', 2, 122),
(1459, 703, '2021-04-27 07:25:44', 2, 122),
(1460, 705, '2021-04-27 07:26:05', 2, 122),
(1461, 1025, '2021-04-26 21:00:00', 1, 124),
(1462, 1026, '2021-04-26 21:00:00', 1, 124),
(1463, 580, '2021-04-27 07:29:30', 2, 122),
(1464, 262, '2021-04-27 07:30:02', 2, 122),
(1465, 264, '2021-04-27 07:30:17', 2, 122),
(1466, 1027, '2021-04-26 21:00:00', 1, 124),
(1467, 335, '2021-04-27 07:30:56', 2, 122),
(1468, 715, '2021-04-27 07:31:37', 2, 122),
(1469, 142, '2021-04-27 07:32:11', 2, 122),
(1470, 1028, '2021-04-26 21:00:00', 1, 124),
(1471, 484, '2021-04-27 08:33:39', 2, 124),
(1472, 1029, '2021-04-26 21:00:00', 1, 124),
(1473, 1030, '2021-04-26 21:00:00', 1, 124),
(1474, 1031, '2021-04-26 21:00:00', 1, 124),
(1475, 1032, '2021-04-26 21:00:00', 1, 124),
(1476, 1033, '2021-04-26 21:00:00', 1, 124),
(1477, 1034, '2021-04-26 21:00:00', 1, 124),
(1478, 1035, '2021-04-26 21:00:00', 1, 124),
(1479, 1036, '2021-04-26 21:00:00', 1, 124),
(1480, 438, '2021-04-27 12:38:11', 2, 124),
(1481, 1037, '2021-04-26 21:00:00', 1, 124),
(1482, 1038, '2021-04-26 21:00:00', 1, 124),
(1483, 1039, '2021-04-26 21:00:00', 1, 124),
(1484, 1040, '2021-04-26 21:00:00', 1, 124),
(1485, 1041, '2021-04-26 21:00:00', 1, 124),
(1486, 1042, '2021-04-26 21:00:00', 1, 124),
(1487, 444, '2021-04-27 14:37:41', 2, 122),
(1488, 1043, '2021-04-27 21:00:00', 1, 124),
(1489, 599, '2021-04-28 07:22:45', 2, 122),
(1490, 1044, '2021-04-28 21:00:00', 1, 124),
(1491, 1045, '2021-04-28 21:00:00', 1, 124),
(1492, 1046, '2021-04-28 21:00:00', 1, 124),
(1493, 1047, '2021-04-28 21:00:00', 1, 124),
(1494, 563, '2021-04-30 05:33:39', 2, 122),
(1495, 550, '2021-04-30 05:43:40', 2, 122),
(1496, 531, '2021-04-30 05:44:18', 2, 122),
(1497, 430, '2021-04-30 05:45:16', 2, 122),
(1498, 928, '2021-04-30 06:07:55', 2, 122),
(1499, 927, '2021-04-30 06:08:22', 2, 122),
(1500, 926, '2021-04-30 06:08:37', 2, 122),
(1501, 925, '2021-04-30 06:08:50', 2, 122),
(1502, 655, '2021-04-30 06:09:07', 2, 122),
(1503, 643, '2021-04-30 06:09:41', 2, 122),
(1504, 642, '2021-04-30 06:09:58', 2, 122),
(1505, 566, '2021-04-30 06:10:15', 2, 122),
(1506, 553, '2021-04-30 06:10:30', 2, 122),
(1507, 552, '2021-04-30 06:10:47', 2, 122),
(1508, 540, '2021-04-30 06:11:05', 2, 122),
(1509, 539, '2021-04-30 06:11:19', 2, 122),
(1510, 538, '2021-04-30 06:11:50', 2, 122),
(1511, 535, '2021-04-30 06:12:12', 2, 122),
(1512, 532, '2021-04-30 06:12:50', 2, 122),
(1513, 525, '2021-04-30 06:20:05', 2, 122),
(1514, 843, '2021-04-30 06:20:24', 2, 122),
(1515, 995, '2021-04-30 11:46:28', 2, 122),
(1516, 994, '2021-04-30 11:46:44', 2, 122),
(1517, 993, '2021-04-30 11:46:56', 2, 122),
(1518, 847, '2021-04-30 11:47:08', 2, 122),
(1519, 828, '2021-04-30 11:47:50', 2, 122),
(1520, 990, '2021-05-04 10:08:33', 2, 122),
(1521, 975, '2021-05-04 10:08:50', 2, 122),
(1522, 485, '2021-05-04 10:40:21', 2, 122),
(1523, 471, '2021-05-04 10:40:36', 2, 122),
(1524, 285, '2021-05-04 10:40:55', 2, 122),
(1525, 229, '2021-05-04 10:44:30', 2, 122),
(1526, 934, '2021-05-04 10:45:10', 2, 122),
(1527, 340, '2021-05-04 10:45:28', 2, 122),
(1528, 867, '2021-05-04 10:46:00', 2, 122),
(1529, 857, '2021-05-04 10:46:13', 2, 122),
(1530, 434, '2021-05-04 10:46:37', 2, 122),
(1531, 381, '2021-05-04 11:55:21', 2, 122),
(1532, 987, '2021-05-04 12:13:35', 2, 122),
(1533, 981, '2021-05-04 12:13:56', 2, 122),
(1534, 345, '2021-05-04 12:14:13', 2, 122),
(1535, 983, '2021-05-04 12:14:26', 2, 122),
(1536, 198, '2021-05-04 12:14:42', 2, 122),
(1537, 988, '2021-05-04 12:15:00', 2, 122),
(1538, 227, '2021-05-04 12:24:15', 2, 122),
(1539, 284, '2021-05-04 12:24:25', 2, 122),
(1540, 175, '2021-05-04 12:26:56', 2, 122),
(1541, 183, '2021-05-04 12:27:11', 2, 122),
(1542, 121, '2021-05-04 12:27:31', 2, 122),
(1543, 627, '2021-05-04 12:27:52', 2, 122),
(1544, 779, '2021-05-07 08:19:18', 2, 122),
(1545, 588, '2021-05-11 11:33:30', 2, 122),
(1546, 453, '2021-05-11 11:33:43', 2, 122),
(1547, 156, '2021-05-11 11:34:23', 2, 122),
(1548, 711, '2021-05-11 11:39:01', 2, 122),
(1549, 554, '2021-05-11 11:52:41', 2, 122),
(1550, 441, '2021-05-11 11:53:18', 2, 122),
(1551, 327, '2021-05-11 11:53:34', 2, 122),
(1552, 119, '2021-05-11 11:53:51', 2, 122),
(1553, 1030, '2021-05-11 11:54:06', 2, 122),
(1554, 154, '2021-05-11 11:54:44', 2, 122),
(1555, 676, '2021-05-11 11:59:47', 2, 122),
(1556, 706, '2021-05-11 12:00:19', 2, 122),
(1557, 334, '2021-05-11 12:05:44', 2, 122),
(1558, 986, '2021-05-11 12:06:05', 2, 122),
(1559, 1048, '2021-05-11 21:00:00', 1, 124),
(1560, 1049, '2021-05-11 21:00:00', 1, 124),
(1561, 1050, '2021-05-11 21:00:00', 1, 124),
(1562, 821, '2021-05-13 09:25:17', 2, 122),
(1563, 549, '2021-05-13 09:25:37', 2, 122),
(1564, 922, '2021-05-13 09:26:25', 2, 122),
(1565, 919, '2021-05-13 09:26:43', 2, 122),
(1566, 206, '2021-05-13 09:27:27', 2, 122),
(1567, 100, '2021-05-13 09:27:41', 2, 122),
(1568, 888, '2021-05-13 09:28:13', 2, 122),
(1569, 868, '2021-05-13 09:28:29', 2, 122),
(1570, 511, '2021-05-13 09:31:44', 2, 122),
(1571, 862, '2021-05-13 09:32:25', 2, 122),
(1572, 947, '2021-05-13 09:33:16', 2, 122),
(1573, 940, '2021-05-13 09:33:26', 2, 122),
(1574, 684, '2021-05-13 09:33:52', 2, 122),
(1575, 683, '2021-05-13 09:34:07', 2, 122),
(1576, 682, '2021-05-13 09:34:21', 2, 122),
(1577, 671, '2021-05-13 09:34:34', 2, 122),
(1578, 996, '2021-05-13 09:35:00', 2, 122),
(1579, 912, '2021-05-13 09:35:13', 2, 122),
(1580, 895, '2021-05-13 09:35:43', 2, 122),
(1581, 646, '2021-05-13 09:46:49', 2, 122),
(1582, 559, '2021-05-13 09:47:01', 2, 122),
(1583, 548, '2021-05-13 09:47:22', 2, 122),
(1584, 985, '2021-05-13 09:48:24', 2, 122),
(1585, 848, '2021-05-13 09:48:40', 2, 122),
(1586, 893, '2021-05-13 09:49:03', 2, 122),
(1587, 695, '2021-05-13 09:49:27', 2, 122),
(1588, 675, '2021-05-13 09:49:52', 2, 122),
(1589, 369, '2021-05-13 09:50:07', 2, 122),
(1590, 210, '2021-05-13 09:50:19', 2, 122),
(1591, 172, '2021-05-13 09:50:38', 2, 122),
(1592, 1035, '2021-05-13 09:52:38', 2, 122),
(1593, 743, '2021-05-13 09:52:55', 2, 122),
(1594, 742, '2021-05-13 09:53:08', 2, 122),
(1595, 741, '2021-05-13 09:53:21', 2, 122),
(1596, 738, '2021-05-13 09:53:34', 2, 122),
(1597, 737, '2021-05-13 09:53:55', 2, 122),
(1598, 732, '2021-05-13 09:54:07', 2, 122),
(1599, 657, '2021-05-13 09:54:24', 2, 122),
(1600, 491, '2021-05-13 09:54:40', 2, 122),
(1601, 490, '2021-05-13 09:54:54', 2, 122),
(1602, 451, '2021-05-13 09:55:07', 2, 122),
(1603, 102, '2021-05-13 09:55:23', 2, 122),
(1604, 321, '2021-05-13 09:55:56', 2, 122),
(1605, 474, '2021-05-13 10:22:55', 2, 122),
(1606, 726, '2021-05-13 10:24:03', 2, 122),
(1607, 668, '2021-05-13 10:24:18', 2, 122),
(1608, 656, '2021-05-13 10:24:33', 2, 122),
(1609, 385, '2021-05-13 10:24:55', 2, 122),
(1610, 596, '2021-05-13 10:39:08', 2, 122),
(1611, 598, '2021-05-13 10:39:16', 2, 122),
(1612, 157, '2021-05-13 12:19:32', 2, 122),
(1613, 667, '2021-05-13 12:20:10', 2, 122),
(1614, 497, '2021-05-13 12:23:30', 2, 122),
(1615, 1051, '2021-05-16 21:00:00', 1, 124),
(1616, 612, '2021-05-17 09:46:04', 2, 122),
(1617, 348, '2021-05-17 09:46:23', 2, 122),
(1618, 756, '2021-05-17 09:58:28', 2, 122),
(1619, 713, '2021-05-17 09:58:41', 2, 122),
(1620, 419, '2021-05-17 09:59:21', 2, 122),
(1621, 921, '2021-05-17 10:00:04', 2, 122),
(1622, 913, '2021-05-17 10:02:03', 2, 122),
(1623, 91, '2021-05-18 14:05:13', 2, 122),
(1624, 787, '2021-05-18 14:06:53', 2, 122),
(1625, 938, '2021-05-18 14:10:15', 2, 122),
(1626, 877, '2021-05-18 14:10:45', 2, 122),
(1627, 793, '2021-05-18 14:11:03', 2, 122),
(1628, 917, '2021-05-18 14:11:20', 2, 122),
(1629, 792, '2021-05-18 14:11:36', 2, 122),
(1630, 961, '2021-05-18 14:11:55', 2, 122),
(1631, 920, '2021-05-18 14:12:38', 2, 122),
(1632, 446, '2021-05-20 08:33:15', 2, 122),
(1633, 924, '2021-05-20 10:53:13', 2, 122),
(1634, 605, '2021-05-20 10:54:35', 2, 122),
(1635, 704, '2021-05-20 10:59:19', 2, 122),
(1636, 869, '2021-05-20 11:08:59', 2, 122),
(1637, 907, '2021-05-20 11:14:45', 2, 122),
(1638, 466, '2021-05-20 11:15:27', 2, 122),
(1639, 1052, '2021-05-19 21:00:00', 1, 124),
(1640, 936, '2021-05-24 10:56:43', 2, 122),
(1641, 964, '2021-05-24 10:56:58', 2, 122),
(1642, 138, '2021-05-24 10:57:18', 2, 122),
(1643, 196, '2021-05-24 10:57:37', 2, 122),
(1644, 979, '2021-05-24 11:19:06', 2, 122),
(1645, 432, '2021-05-24 11:24:38', 2, 122),
(1646, 336, '2021-05-24 11:24:58', 2, 122),
(1647, 160, '2021-05-24 11:25:33', 2, 122),
(1648, 1053, '2021-05-24 21:00:00', 1, 124),
(1649, 1054, '2021-05-24 21:00:00', 1, 124),
(1650, 1055, '2021-05-24 21:00:00', 1, 124),
(1651, 1056, '2021-05-24 21:00:00', 1, 124),
(1652, 1057, '2021-05-24 21:00:00', 1, 124),
(1653, 1058, '2021-05-24 21:00:00', 1, 124),
(1654, 1059, '2021-05-24 21:00:00', 1, 124),
(1655, 1060, '2021-05-24 21:00:00', 1, 124),
(1656, 1061, '2021-05-24 21:00:00', 1, 124),
(1657, 1062, '2021-05-24 21:00:00', 1, 124),
(1658, 1063, '2021-05-24 21:00:00', 1, 124),
(1659, 1064, '2021-05-24 21:00:00', 1, 124),
(1660, 980, '2021-05-25 07:10:29', 2, 122),
(1661, 978, '2021-05-25 07:10:42', 2, 122),
(1662, 557, '2021-05-25 07:13:54', 2, 122),
(1663, 541, '2021-05-25 07:14:11', 2, 122),
(1664, 234, '2021-05-25 07:14:28', 2, 122),
(1665, 111, '2021-05-25 07:14:51', 2, 122),
(1666, 950, '2021-05-25 07:15:05', 2, 122),
(1667, 916, '2021-05-25 07:15:32', 2, 122),
(1668, 835, '2021-05-25 07:15:46', 2, 122),
(1669, 543, '2021-05-25 07:16:00', 2, 122),
(1670, 982, '2021-05-25 07:16:27', 2, 122),
(1671, 788, '2021-05-25 07:18:05', 2, 122),
(1672, 770, '2021-05-25 07:18:25', 2, 122),
(1673, 791, '2021-05-25 07:18:45', 2, 122),
(1674, 762, '2021-05-25 07:18:58', 2, 122),
(1675, 707, '2021-05-25 07:19:13', 2, 122),
(1676, 971, '2021-05-25 07:20:33', 2, 122),
(1677, 382, '2021-05-25 07:20:47', 2, 122),
(1678, 219, '2021-05-25 07:21:05', 2, 122),
(1679, 455, '2021-05-25 07:21:18', 2, 122),
(1680, 973, '2021-05-25 07:21:49', 2, 122),
(1681, 974, '2021-05-25 07:22:02', 2, 122),
(1682, 562, '2021-05-25 07:22:17', 2, 122),
(1683, 1065, '2021-05-24 21:00:00', 1, 124),
(1684, 1066, '2021-05-24 21:00:00', 1, 124),
(1685, 1067, '2021-05-24 21:00:00', 1, 124),
(1686, 1068, '2021-05-24 21:00:00', 1, 124),
(1687, 1069, '2021-05-24 21:00:00', 1, 124),
(1688, 1070, '2021-05-24 21:00:00', 1, 124),
(1689, 1071, '2021-05-24 21:00:00', 1, 124),
(1690, 1072, '2021-05-24 21:00:00', 1, 124),
(1691, 1073, '2021-05-24 21:00:00', 1, 124),
(1692, 1074, '2021-05-24 21:00:00', 1, 124),
(1693, 1075, '2021-05-24 21:00:00', 1, 124),
(1694, 1076, '2021-05-24 21:00:00', 1, 124),
(1695, 1077, '2021-05-24 21:00:00', 1, 124),
(1696, 1078, '2021-05-24 21:00:00', 1, 124),
(1697, 1079, '2021-05-24 21:00:00', 1, 124),
(1698, 1080, '2021-05-24 21:00:00', 1, 124),
(1699, 1081, '2021-05-24 21:00:00', 1, 124),
(1700, 1082, '2021-05-24 21:00:00', 1, 124),
(1701, 1083, '2021-05-24 21:00:00', 1, 124),
(1702, 1084, '2021-05-24 21:00:00', 1, 124),
(1703, 1085, '2021-05-24 21:00:00', 1, 124),
(1704, 1086, '2021-05-24 21:00:00', 1, 124),
(1705, 1087, '2021-05-24 21:00:00', 1, 124),
(1706, 1088, '2021-05-24 21:00:00', 1, 124),
(1707, 1089, '2021-05-24 21:00:00', 1, 124),
(1708, 1090, '2021-05-24 21:00:00', 1, 124),
(1709, 1091, '2021-05-24 21:00:00', 1, 124),
(1710, 1092, '2021-05-24 21:00:00', 1, 124),
(1711, 1093, '2021-05-24 21:00:00', 1, 124),
(1712, 1094, '2021-05-24 21:00:00', 1, 124),
(1713, 1095, '2021-05-24 21:00:00', 1, 124),
(1714, 1096, '2021-05-24 21:00:00', 1, 124),
(1715, 1097, '2021-05-24 21:00:00', 1, 124),
(1716, 1098, '2021-05-24 21:00:00', 1, 124),
(1717, 1099, '2021-05-24 21:00:00', 1, 124),
(1718, 1100, '2021-05-24 21:00:00', 1, 124),
(1719, 1101, '2021-05-24 21:00:00', 1, 124),
(1720, 1102, '2021-05-24 21:00:00', 1, 124),
(1721, 1103, '2021-05-24 21:00:00', 1, 124),
(1722, 1104, '2021-05-24 21:00:00', 1, 124),
(1723, 1105, '2021-05-24 21:00:00', 1, 124),
(1724, 1106, '2021-05-24 21:00:00', 1, 124),
(1725, 1107, '2021-05-24 21:00:00', 1, 124),
(1726, 1108, '2021-05-24 21:00:00', 1, 124),
(1727, 1109, '2021-05-24 21:00:00', 1, 124),
(1728, 1110, '2021-05-24 21:00:00', 1, 124),
(1729, 1111, '2021-05-24 21:00:00', 1, 124),
(1730, 1112, '2021-05-24 21:00:00', 1, 124),
(1731, 1113, '2021-05-24 21:00:00', 1, 124),
(1732, 1114, '2021-05-24 21:00:00', 1, 124),
(1733, 1115, '2021-05-24 21:00:00', 1, 124),
(1734, 1115, '2021-05-25 11:09:12', 2, 124),
(1735, 1116, '2021-05-24 21:00:00', 1, 124),
(1736, 1117, '2021-05-24 21:00:00', 1, 124),
(1737, 1118, '2021-05-24 21:00:00', 1, 124),
(1738, 1119, '2021-05-24 21:00:00', 1, 124),
(1739, 1120, '2021-05-24 21:00:00', 1, 124),
(1740, 223, '2021-05-25 12:16:46', 2, 124),
(1741, 1068, '2021-05-25 12:17:09', 2, 124),
(1742, 1121, '2021-05-24 21:00:00', 1, 124),
(1743, 1122, '2021-05-24 21:00:00', 1, 124),
(1744, 1123, '2021-05-24 21:00:00', 1, 124),
(1745, 1124, '2021-05-24 21:00:00', 1, 124),
(1746, 1125, '2021-05-24 21:00:00', 1, 124),
(1747, 1126, '2021-05-24 21:00:00', 1, 124),
(1748, 1127, '2021-05-24 21:00:00', 1, 124),
(1749, 1128, '2021-05-24 21:00:00', 1, 124),
(1750, 1129, '2021-05-24 21:00:00', 1, 124),
(1751, 1130, '2021-05-24 21:00:00', 1, 124),
(1752, 1131, '2021-05-24 21:00:00', 1, 124),
(1753, 1132, '2021-05-24 21:00:00', 1, 124),
(1754, 1133, '2021-05-24 21:00:00', 1, 124),
(1755, 1134, '2021-05-24 21:00:00', 1, 124),
(1756, 1135, '2021-05-24 21:00:00', 1, 124),
(1757, 1136, '2021-05-24 21:00:00', 1, 124),
(1758, 1137, '2021-05-24 21:00:00', 1, 124),
(1759, 1138, '2021-05-24 21:00:00', 1, 124),
(1760, 1139, '2021-05-24 21:00:00', 1, 124),
(1761, 1140, '2021-05-24 21:00:00', 1, 124),
(1762, 1141, '2021-05-24 21:00:00', 1, 124),
(1763, 1142, '2021-05-24 21:00:00', 1, 124),
(1764, 1143, '2021-05-25 21:00:00', 1, 124),
(1765, 1144, '2021-05-25 21:00:00', 1, 124),
(1766, 1145, '2021-05-25 21:00:00', 1, 124),
(1767, 1146, '2021-05-25 21:00:00', 1, 124),
(1768, 1147, '2021-05-25 21:00:00', 1, 124),
(1769, 1148, '2021-05-25 21:00:00', 1, 124),
(1770, 1149, '2021-05-25 21:00:00', 1, 124),
(1771, 1150, '2021-05-25 21:00:00', 1, 124),
(1772, 1151, '2021-05-25 21:00:00', 1, 124),
(1773, 1152, '2021-05-25 21:00:00', 1, 124),
(1774, 1153, '2021-05-25 21:00:00', 1, 124),
(1775, 1154, '2021-05-25 21:00:00', 1, 124),
(1776, 1155, '2021-05-25 21:00:00', 1, 124),
(1777, 1156, '2021-05-25 21:00:00', 1, 124),
(1778, 1157, '2021-05-25 21:00:00', 1, 124),
(1779, 1158, '2021-05-25 21:00:00', 1, 124),
(1780, 1159, '2021-05-25 21:00:00', 1, 124),
(1781, 1160, '2021-05-25 21:00:00', 1, 124),
(1782, 1161, '2021-05-25 21:00:00', 1, 124),
(1783, 1162, '2021-05-25 21:00:00', 1, 124),
(1784, 1163, '2021-05-25 21:00:00', 1, 124),
(1785, 1164, '2021-05-25 21:00:00', 1, 124),
(1786, 1165, '2021-05-25 21:00:00', 1, 124),
(1787, 1166, '2021-05-25 21:00:00', 1, 124),
(1788, 1167, '2021-05-25 21:00:00', 1, 124),
(1789, 1168, '2021-05-25 21:00:00', 1, 124),
(1790, 1169, '2021-05-25 21:00:00', 1, 124),
(1791, 1170, '2021-05-25 21:00:00', 1, 124),
(1792, 1171, '2021-05-25 21:00:00', 1, 124),
(1793, 1172, '2021-05-25 21:00:00', 1, 124),
(1794, 1173, '2021-05-25 21:00:00', 1, 124),
(1795, 1174, '2021-05-25 21:00:00', 1, 124),
(1796, 1175, '2021-05-25 21:00:00', 1, 124),
(1797, 1176, '2021-05-25 21:00:00', 1, 124),
(1798, 1177, '2021-05-25 21:00:00', 1, 124),
(1799, 1178, '2021-05-25 21:00:00', 1, 124),
(1800, 1179, '2021-05-25 21:00:00', 1, 124),
(1801, 1180, '2021-05-25 21:00:00', 1, 124),
(1802, 1181, '2021-05-25 21:00:00', 1, 124),
(1803, 1182, '2021-05-25 21:00:00', 1, 124),
(1804, 1183, '2021-05-25 21:00:00', 1, 124),
(1805, 1184, '2021-05-25 21:00:00', 1, 124),
(1806, 1185, '2021-05-25 21:00:00', 1, 124),
(1807, 1186, '2021-05-25 21:00:00', 1, 124),
(1808, 1187, '2021-05-25 21:00:00', 1, 124),
(1809, 1188, '2021-05-25 21:00:00', 1, 124),
(1810, 1189, '2021-05-25 21:00:00', 1, 124),
(1811, 1190, '2021-05-25 21:00:00', 1, 124),
(1812, 1191, '2021-05-25 21:00:00', 1, 124),
(1813, 1192, '2021-05-25 21:00:00', 1, 124),
(1814, 1155, '2021-05-26 13:24:08', 2, 124),
(1815, 1193, '2021-05-25 21:00:00', 1, 124),
(1816, 1194, '2021-05-25 21:00:00', 1, 124),
(1817, 1195, '2021-05-25 21:00:00', 1, 124),
(1818, 1196, '2021-05-25 21:00:00', 1, 124),
(1819, 1097, '2021-05-27 08:00:42', 2, 122),
(1820, 1020, '2021-05-27 08:00:54', 2, 122),
(1821, 354, '2021-05-27 10:13:22', 2, 122),
(1822, 355, '2021-05-27 10:13:37', 2, 122),
(1823, 591, '2021-05-27 10:15:54', 2, 122),
(1824, 174, '2021-05-31 10:39:18', 2, 122),
(1825, 1130, '2021-05-31 10:39:37', 2, 122),
(1826, 513, '2021-05-31 10:43:44', 2, 122),
(1827, 398, '2021-05-31 10:43:59', 2, 122),
(1828, 1190, '2021-05-31 10:44:31', 2, 122),
(1829, 411, '2021-05-31 10:44:56', 2, 122),
(1830, 723, '2021-05-31 10:46:09', 2, 122),
(1831, 1193, '2021-05-31 10:55:29', 2, 122),
(1832, 221, '2021-05-31 10:58:03', 2, 122),
(1833, 85, '2021-05-31 11:00:11', 2, 122),
(1834, 1127, '2021-05-31 11:07:11', 2, 122),
(1835, 365, '2021-06-02 07:49:15', 2, 122),
(1836, 338, '2021-06-02 08:44:04', 2, 122),
(1837, 955, '2021-06-02 08:45:07', 2, 122),
(1838, 462, '2021-06-02 08:45:14', 2, 122),
(1839, 318, '2021-06-02 08:45:21', 2, 122),
(1840, 205, '2021-06-02 08:45:29', 2, 122),
(1841, 1160, '2021-06-02 10:19:03', 2, 122),
(1842, 1159, '2021-06-02 10:19:22', 2, 122),
(1843, 1158, '2021-06-02 10:19:35', 2, 122),
(1844, 1082, '2021-06-03 10:35:23', 2, 122),
(1845, 1113, '2021-06-03 10:35:41', 2, 122),
(1846, 939, '2021-06-03 10:43:29', 2, 122),
(1847, 408, '2021-06-03 10:43:43', 2, 122),
(1848, 1153, '2021-06-03 10:43:57', 2, 122),
(1849, 1050, '2021-06-03 10:44:10', 2, 122),
(1850, 512, '2021-06-03 10:44:23', 2, 122),
(1851, 1154, '2021-06-03 10:44:36', 2, 122),
(1852, 368, '2021-06-03 10:44:56', 2, 122),
(1853, 1049, '2021-06-07 07:25:52', 2, 122),
(1854, 966, '2021-06-07 07:26:12', 2, 122),
(1855, 967, '2021-06-07 07:26:32', 2, 122),
(1856, 1163, '2021-06-07 07:27:49', 2, 122),
(1857, 1161, '2021-06-07 07:28:26', 2, 122),
(1858, 1139, '2021-06-07 07:32:05', 2, 122),
(1859, 1167, '2021-06-07 07:32:17', 2, 122),
(1860, 374, '2021-06-07 07:36:07', 2, 122),
(1861, 698, '2021-06-07 07:36:45', 2, 122),
(1862, 673, '2021-06-07 07:37:38', 2, 122),
(1863, 380, '2021-06-07 07:37:53', 2, 122),
(1864, 375, '2021-06-07 07:38:51', 2, 122),
(1865, 607, '2021-06-07 11:11:50', 2, 122),
(1866, 1192, '2021-06-07 11:12:57', 2, 122),
(1867, 1180, '2021-06-07 11:13:13', 2, 122),
(1868, 1181, '2021-06-07 11:13:21', 2, 122),
(1869, 1179, '2021-06-07 11:13:28', 2, 122),
(1870, 104, '2021-06-07 11:14:20', 2, 122),
(1871, 1182, '2021-06-07 11:21:39', 2, 122),
(1872, 1166, '2021-06-07 11:21:47', 2, 122),
(1873, 1165, '2021-06-07 11:21:55', 2, 122),
(1874, 1164, '2021-06-07 11:22:02', 2, 122),
(1875, 1146, '2021-06-07 11:22:10', 2, 122),
(1876, 1047, '2021-06-07 11:22:21', 2, 122),
(1877, 1044, '2021-06-07 11:22:28', 2, 122),
(1878, 228, '2021-06-07 11:22:42', 2, 122),
(1879, 263, '2021-06-07 11:22:56', 2, 122),
(1880, 1197, '2021-07-06 13:57:19', 1, 126),
(1881, 1198, '2021-08-23 07:05:16', 1, 126),
(1882, 1199, '2021-08-23 07:05:47', 1, 126);

-- --------------------------------------------------------

--
-- Структура таблицы `supplier`
--

CREATE TABLE `supplier` (
  `id` int(11) NOT NULL,
  `name` varchar(100) NOT NULL
) ENGINE=InnoDB DEFAULT CHARSET=utf8mb4;

--
-- Дамп данных таблицы `supplier`
--

INSERT INTO `supplier` (`id`, `name`) VALUES
(41, 'Биаксплен'),
(42, 'ЕвроФилм'),
(45, 'ВотерФолл'),
(46, 'Касон '),
(52, 'Гранд Мастер'),
(53, 'ГаммаФлекс '),
(54, 'Терем '),
(55, 'Мультитрейд'),
(56, 'ФлексФилмс'),
(57, 'Полимер Продакшн'),
(58, 'Ретал'),
(59, 'Бизнес центр');

-- --------------------------------------------------------

--
-- Структура таблицы `techmap`
--

CREATE TABLE `techmap` (
  `id` int(11) NOT NULL,
  `request_calc_id` int(11) NOT NULL,
  `date` timestamp NOT NULL DEFAULT CURRENT_TIMESTAMP,
  `work_date` date DEFAULT NULL,
  `work_shift` varchar(10) NOT NULL,
  `grafik_id` int(11) DEFAULT NULL,
  `designer` varchar(100) NOT NULL,
  `printer` varchar(100) NOT NULL,
  `cutter` varchar(100) NOT NULL,
  `printings_number` int(11) DEFAULT NULL,
  `rolls_number` int(11) DEFAULT NULL,
  `reverse_print` tinyint(1) DEFAULT NULL,
  `self_adhesive` tinyint(4) DEFAULT NULL,
  `spool` int(11) DEFAULT NULL,
  `number_per_spool` int(11) DEFAULT NULL,
  `winding` int(11) DEFAULT NULL,
  `roll_type` int(11) DEFAULT NULL,
  `information` text NOT NULL
) ENGINE=InnoDB DEFAULT CHARSET=utf8mb4;

-- --------------------------------------------------------

--
-- Структура таблицы `user`
--

CREATE TABLE `user` (
  `id` int(11) NOT NULL,
  `date` timestamp NOT NULL DEFAULT CURRENT_TIMESTAMP,
  `username` varchar(20) NOT NULL,
  `password` varchar(50) NOT NULL,
  `first_name` varchar(50) NOT NULL,
  `last_name` varchar(50) NOT NULL,
  `role_id` int(11) NOT NULL DEFAULT '1',
  `email` varchar(50) NOT NULL,
  `phone` varchar(50) NOT NULL,
  `code` int(11) NOT NULL,
  `active` tinyint(1) NOT NULL DEFAULT '1',
  `request_uri` varchar(200) NOT NULL
) ENGINE=InnoDB DEFAULT CHARSET=utf8mb4;

--
-- Дамп данных таблицы `user`
--

INSERT INTO `user` (`id`, `date`, `username`, `password`, `first_name`, `last_name`, `role_id`, `email`, `phone`, `code`, `active`, `request_uri`) VALUES
(120, '2021-03-16 14:26:11', 'sergey_print', '*A1D6C96E2B5157645CA1A00FF2D0F8775FA5FECD', 'Сергей', 'Пономарев ', 3, 'hawk94@bk.ru', '+7 (910) 835-00-97', 0, 1, ''),
(122, '2021-03-16 15:01:05', 'alena.grigoreva', '*B3EB4B6A1824387DBC89978DEB87724357D50E08', 'Алена', 'Григорьева', 6, 'lelik_22.07@mail.ru', '+7 (929) 096-58-90', 0, 1, ''),
(123, '2021-03-17 12:25:31', 'korzinkina', '*DB5DBE1902ECA1826C7349275267685A23742BFF', 'Олеся ', 'Корзинкина', 4, 'gromova-olesya@bk.ru', '+7 (930) 183-11-53', 0, 1, ''),
(124, '2021-03-17 20:13:40', 'helper.sklad', '*AFB0E5CE61BC614C3D6C41493EB0F5CCBAEC8892', 'Помощник ', 'Кладовщика', 6, 'sergey_print@bk.ru', '+7 (910) 835-00-97', 0, 1, ''),
(126, '2021-03-19 12:15:02', 'test_technolog ', '*7C9B534D89924930B301067F669279B26A2860ED', 'Тестовый', 'Технолог', 3, 'sergey_print@bk.ru', '+7 (910) 835-00-97', 0, 1, ''),
(129, '2021-03-19 12:22:29', 'test_sklad', '*F3A3B8A708748C24A43F9AD8C380CEF884F5A83C', 'Тестовый ', 'Склад', 6, 'sergey_print@bk.ru', '+7 (910) 835-00-97', 0, 1, ''),
(130, '2021-03-19 12:24:53', 'test_manager', '*676BBA695E800BF404E8E875B4EE4AECFA000D92', 'Тестовый ', 'Менеджер', 4, 'sergey_print@bk.ru', '+7 (910) 835-00-97', 0, 1, ''),
(131, '2021-03-25 09:06:20', 'julia86', '*D0948405CD13A9538A92C4D67EDEA75E59DA3DDB', 'Юлия', 'Корнилова', 4, 'julia.lacky86@yandex.ru', '+7 (915) 720-12-48', 0, 1, ''),
(132, '2021-03-26 12:20:24', 'eskaz', '*37D9CF12533B18A6A5E5545A42FF577AA349DCDB', 'Евгения', 'Казимиренко', 4, 'evgeniya_k52@bk.ru', '+7 (910) 646-75-02', 0, 1, ''),
(133, '2021-03-26 12:22:55', 'ponomareva', '*C8782145A1E6C79B17F6938623EE306365574227', 'Светлана', 'Пономарева', 10, 'sv.ponomareva2010@mail.ru', '+7 (910) 649-11-82', 0, 1, ''),
(134, '2021-03-26 12:38:53', 'jul2004', '*E23C65C8A9421E70719768A284DEF764B81167BE', 'Юлия', 'Желтова', 4, 'jul3554@yandex.ru', '+7 (915) 727-77-53', 0, 1, ''),
(137, '2021-03-26 13:14:17', 'milovidova81', '*601FFD771778F61D56D9267FBE1F542195890CD7', 'Наталья', 'Миловидова', 4, 'milovidova81@mail.ru', '+7 (960) 708-65-61', 0, 1, ''),
(138, '2021-03-26 13:23:11', 'vera4895', '*28F0D9646B0069B30786CE867BC1BFB41FF8A2B8', 'Вера', 'Шеховцова', 4, 'vera4895@yandex.ru', '+7 (900) 010-36-88', 0, 1, ''),
(139, '2021-03-26 13:33:27', 'tsvlen', '*E189DBAF46AD3EBEA5985A171D521A4EAE55AD2D', 'Елена', 'Цветкова', 4, 'tsv-lenochka@mail.ru', '+7 (910) 836-62-71', 0, 1, ''),
(141, '2021-05-06 20:13:37', 'olgasnesareva', '*58FD9BDFC60812CBEBE0B0EBDB032B8DC2BA68D4', 'Ольга', 'Снесарева', 4, 'Shutnik1989@mail.ru', '+7 (920) 688-36-05', 0, 1, ''),
(144, '2021-06-10 08:50:59', 'nekto', '*23AE809DDACAF96AF0FD78ED04B6A265E05AA257', 'Некто', 'Нектов', 3, 'nekto@wer.tu', '+7 (887) 799-98-79', 0, 1, ''),
(147, '2021-06-11 13:27:23', 'testklad', '*4897F82A10B0A9D42B6A28A63C4D886321788484', 'Тест', 'Клад', 6, 'testklad@tvcom.ru', '+7 (776) 876-87-68', 0, 1, ''),
(149, '2021-06-25 06:26:08', 'manager', '*23AE809DDACAF96AF0FD78ED04B6A265E05AA257', 'manager', 'manager', 4, 'manager@print-diz.ru', '+7 (987) 667-77-78', 0, 1, ''),
(150, '2021-06-28 11:39:17', 'storekeeper', '*23AE809DDACAF96AF0FD78ED04B6A265E05AA257', 'storekeeper', 'storekeeper', 6, 'storekeeper@print-diz.ru', '+7 (876) 987-69-87', 0, 1, ''),
(151, '2021-06-30 08:59:29', 'car', '*23AE809DDACAF96AF0FD78ED04B6A265E05AA257', 'Карщик', 'Тестовый', 7, 'car@print-diz.ru', '+7 (987) 697-68-97', 0, 1, ''),
(152, '2021-07-12 13:47:57', 'cut', '*23AE809DDACAF96AF0FD78ED04B6A265E05AA257', 'cut', 'cut', 8, 'cut@yandex.ru', '+7 (976) 987-69-87', 0, 1, '_logout.php'),
(153, '2021-11-10 11:12:24', 'designer', '*23AE809DDACAF96AF0FD78ED04B6A265E05AA257', 'designer', 'designer', 9, 'designer@pr-diz.ru', '+7 (123) 123-12-31', 0, 1, ''),
(154, '2021-11-10 11:47:30', 'менеджер', '*23AE809DDACAF96AF0FD78ED04B6A265E05AA257', 'Менеджер', 'Менеджер', 4, 'manager@pr-diz.ru', '+7 (124) 323-52-34', 0, 1, ''),
(155, '2021-11-10 11:48:18', 'дизайнер', '*23AE809DDACAF96AF0FD78ED04B6A265E05AA257', 'Дизайнер', 'Дизайнер', 9, 'designer@pr-diz.ru', '+7 (765) 576-57-65', 0, 1, ''),
(156, '2021-11-10 13:54:33', 'администратор', '*23AE809DDACAF96AF0FD78ED04B6A265E05AA257', 'Администратор', 'Администратор', 10, 'topmanager@pr-diz.ru', '+7 (423) 476-98-76', 0, 1, ''),
(157, '2021-11-18 10:32:33', 'ponomarev', '*583C7C6B335B030F63A54F742F7314146EBCFF3D', 'Александр', 'Пономарёв', 10, 'ponomarev@pr-diz.ru', '+7 (346) 344-53-45', 0, 1, ''),
(158, '2021-11-24 11:10:10', 'natalya_admin', '*C8640293CB2E3336E0E216BFB574AEC8F326193E', 'Наталья', 'Администратор', 4, 'info@pr-diz.ru', '+7 (342) 342-34-53', 0, 1, '');

-- --------------------------------------------------------

--
-- Структура таблицы `work_type`
--

CREATE TABLE `work_type` (
  `id` int(11) NOT NULL,
  `name` varchar(50) NOT NULL
) ENGINE=InnoDB DEFAULT CHARSET=utf8mb4;

--
-- Дамп данных таблицы `work_type`
--

INSERT INTO `work_type` (`id`, `name`) VALUES
(1, 'Пленка без печати'),
(2, 'Пленка с печатью');

--
-- Индексы сохранённых таблиц
--

--
-- Индексы таблицы `currency`
--
ALTER TABLE `currency`
  ADD PRIMARY KEY (`id`);

--
-- Индексы таблицы `customer`
--
ALTER TABLE `customer`
  ADD PRIMARY KEY (`id`),
  ADD KEY `kp_customer_user` (`manager_id`);

--
-- Индексы таблицы `cut`
--
ALTER TABLE `cut`
  ADD PRIMARY KEY (`id`),
  ADD KEY `cut_film_brand` (`film_brand_id`),
  ADD KEY `cut_supplier` (`supplier_id`);

--
-- Индексы таблицы `cut_history`
--
ALTER TABLE `cut_history`
  ADD PRIMARY KEY (`id`);

--
-- Индексы таблицы `cut_source`
--
ALTER TABLE `cut_source`
  ADD PRIMARY KEY (`id`),
  ADD KEY `cut_source_cut` (`cut_id`);

--
-- Индексы таблицы `cut_stream`
--
ALTER TABLE `cut_stream`
  ADD PRIMARY KEY (`id`),
  ADD KEY `cut_stream_cut` (`cut_id`);

--
-- Индексы таблицы `cut_wind`
--
ALTER TABLE `cut_wind`
  ADD PRIMARY KEY (`id`),
  ADD KEY `cut_wind_cut` (`cut_id`);

--
-- Индексы таблицы `extracharge`
--
ALTER TABLE `extracharge`
  ADD PRIMARY KEY (`id`);

--
-- Индексы таблицы `extracharge_type`
--
ALTER TABLE `extracharge_type`
  ADD PRIMARY KEY (`id`);

--
-- Индексы таблицы `film_brand`
--
ALTER TABLE `film_brand`
  ADD PRIMARY KEY (`id`),
  ADD KEY `fk_film_brand_supplier` (`supplier_id`);

--
-- Индексы таблицы `film_brand_variation`
--
ALTER TABLE `film_brand_variation`
  ADD PRIMARY KEY (`id`),
  ADD KEY `fk_variation_film_brand` (`film_brand_id`);

--
-- Индексы таблицы `film_price`
--
ALTER TABLE `film_price`
  ADD PRIMARY KEY (`id`);

--
-- Индексы таблицы `machine`
--
ALTER TABLE `machine`
  ADD PRIMARY KEY (`id`);

--
-- Индексы таблицы `norm_form`
--
ALTER TABLE `norm_form`
  ADD PRIMARY KEY (`id`);

--
-- Индексы таблицы `norm_glue`
--
ALTER TABLE `norm_glue`
  ADD PRIMARY KEY (`id`);

--
-- Индексы таблицы `norm_ink`
--
ALTER TABLE `norm_ink`
  ADD PRIMARY KEY (`id`);

--
-- Индексы таблицы `norm_laminator`
--
ALTER TABLE `norm_laminator`
  ADD PRIMARY KEY (`id`);

--
-- Индексы таблицы `norm_laminator_roller`
--
ALTER TABLE `norm_laminator_roller`
  ADD PRIMARY KEY (`id`);

--
-- Индексы таблицы `norm_laminator_tuning`
--
ALTER TABLE `norm_laminator_tuning`
  ADD PRIMARY KEY (`id`);

--
-- Индексы таблицы `norm_machine`
--
ALTER TABLE `norm_machine`
  ADD PRIMARY KEY (`id`);

--
-- Индексы таблицы `norm_tuning`
--
ALTER TABLE `norm_tuning`
  ADD PRIMARY KEY (`id`);

--
-- Индексы таблицы `pallet`
--
ALTER TABLE `pallet`
  ADD PRIMARY KEY (`id`),
  ADD KEY `fk_pallet_film_brand` (`film_brand_id`),
  ADD KEY `fk_pallet_storekeeper` (`storekeeper_id`),
  ADD KEY `fk_pallet_supplier` (`supplier_id`);

--
-- Индексы таблицы `pallet_roll`
--
ALTER TABLE `pallet_roll`
  ADD PRIMARY KEY (`id`),
  ADD KEY `fk_pallet_roll_pallet` (`pallet_id`);

--
-- Индексы таблицы `pallet_roll_status_history`
--
ALTER TABLE `pallet_roll_status_history`
  ADD PRIMARY KEY (`id`),
  ADD KEY `fk_pallet_roll_status_history_pallet_roll` (`pallet_roll_id`),
  ADD KEY `fk_pallet_roll_status_history_status` (`status_id`),
  ADD KEY `pallet_roll_status_history_user` (`user_id`);

--
-- Индексы таблицы `raport`
--
ALTER TABLE `raport`
  ADD PRIMARY KEY (`id`),
  ADD KEY `fk_report_machine` (`machine_id`);

--
-- Индексы таблицы `request_calc`
--
ALTER TABLE `request_calc`
  ADD PRIMARY KEY (`id`),
  ADD KEY `fk_calculation_customer` (`customer_id`),
  ADD KEY `fk_calculation_work_type` (`work_type_id`),
  ADD KEY `fk_calculation_user` (`manager_id`);

--
-- Индексы таблицы `request_calc_result`
--
ALTER TABLE `request_calc_result`
  ADD PRIMARY KEY (`id`);

--
-- Индексы таблицы `role`
--
ALTER TABLE `role`
  ADD PRIMARY KEY (`id`);

--
-- Индексы таблицы `roll`
--
ALTER TABLE `roll`
  ADD PRIMARY KEY (`id`),
  ADD KEY `fk_roll_film_brand` (`film_brand_id`),
  ADD KEY `fk_roll_storekeeper` (`storekeeper_id`),
  ADD KEY `fk_roll_supplier` (`supplier_id`),
  ADD KEY `fk_roll_cut_wind` (`cut_wind_id`);

--
-- Индексы таблицы `roll_status`
--
ALTER TABLE `roll_status`
  ADD PRIMARY KEY (`id`);

--
-- Индексы таблицы `roll_status_history`
--
ALTER TABLE `roll_status_history`
  ADD PRIMARY KEY (`id`),
  ADD KEY `fk_roll_status_history_roll` (`roll_id`),
  ADD KEY `fk_roll_status_history_status` (`status_id`),
  ADD KEY `fk_roll_status_history_user` (`user_id`);

--
-- Индексы таблицы `supplier`
--
ALTER TABLE `supplier`
  ADD PRIMARY KEY (`id`);

--
-- Индексы таблицы `techmap`
--
ALTER TABLE `techmap`
  ADD PRIMARY KEY (`id`),
  ADD KEY `fk_techmap_calculation` (`request_calc_id`);

--
-- Индексы таблицы `user`
--
ALTER TABLE `user`
  ADD PRIMARY KEY (`id`),
  ADD UNIQUE KEY `username_unique` (`username`),
  ADD KEY `fk_user_role` (`role_id`);

--
-- Индексы таблицы `work_type`
--
ALTER TABLE `work_type`
  ADD PRIMARY KEY (`id`);

--
-- AUTO_INCREMENT для сохранённых таблиц
--

--
-- AUTO_INCREMENT для таблицы `currency`
--
ALTER TABLE `currency`
  MODIFY `id` int(11) NOT NULL AUTO_INCREMENT, AUTO_INCREMENT=12;

--
-- AUTO_INCREMENT для таблицы `customer`
--
ALTER TABLE `customer`
  MODIFY `id` int(11) NOT NULL AUTO_INCREMENT, AUTO_INCREMENT=19;

--
-- AUTO_INCREMENT для таблицы `cut`
--
ALTER TABLE `cut`
  MODIFY `id` int(11) NOT NULL AUTO_INCREMENT;

--
-- AUTO_INCREMENT для таблицы `cut_history`
--
ALTER TABLE `cut_history`
  MODIFY `id` int(11) NOT NULL AUTO_INCREMENT;

--
-- AUTO_INCREMENT для таблицы `cut_source`
--
ALTER TABLE `cut_source`
  MODIFY `id` int(11) NOT NULL AUTO_INCREMENT;

--
-- AUTO_INCREMENT для таблицы `cut_stream`
--
ALTER TABLE `cut_stream`
  MODIFY `id` int(11) NOT NULL AUTO_INCREMENT;

--
-- AUTO_INCREMENT для таблицы `cut_wind`
--
ALTER TABLE `cut_wind`
  MODIFY `id` int(11) NOT NULL AUTO_INCREMENT;

--
-- AUTO_INCREMENT для таблицы `extracharge`
--
ALTER TABLE `extracharge`
  MODIFY `id` int(11) NOT NULL AUTO_INCREMENT, AUTO_INCREMENT=82;

--
-- AUTO_INCREMENT для таблицы `extracharge_type`
--
ALTER TABLE `extracharge_type`
  MODIFY `id` int(11) NOT NULL AUTO_INCREMENT, AUTO_INCREMENT=5;

--
-- AUTO_INCREMENT для таблицы `film_brand`
--
ALTER TABLE `film_brand`
  MODIFY `id` int(11) NOT NULL AUTO_INCREMENT, AUTO_INCREMENT=130;

--
-- AUTO_INCREMENT для таблицы `film_brand_variation`
--
ALTER TABLE `film_brand_variation`
  MODIFY `id` int(11) NOT NULL AUTO_INCREMENT, AUTO_INCREMENT=402;

--
-- AUTO_INCREMENT для таблицы `film_price`
--
ALTER TABLE `film_price`
  MODIFY `id` int(11) NOT NULL AUTO_INCREMENT, AUTO_INCREMENT=349;

--
-- AUTO_INCREMENT для таблицы `machine`
--
ALTER TABLE `machine`
  MODIFY `id` int(11) NOT NULL AUTO_INCREMENT, AUTO_INCREMENT=5;

--
-- AUTO_INCREMENT для таблицы `norm_form`
--
ALTER TABLE `norm_form`
  MODIFY `id` int(11) NOT NULL AUTO_INCREMENT, AUTO_INCREMENT=64;

--
-- AUTO_INCREMENT для таблицы `norm_glue`
--
ALTER TABLE `norm_glue`
  MODIFY `id` int(11) NOT NULL AUTO_INCREMENT, AUTO_INCREMENT=25;

--
-- AUTO_INCREMENT для таблицы `norm_ink`
--
ALTER TABLE `norm_ink`
  MODIFY `id` int(11) NOT NULL AUTO_INCREMENT, AUTO_INCREMENT=62;

--
-- AUTO_INCREMENT для таблицы `norm_laminator`
--
ALTER TABLE `norm_laminator`
  MODIFY `id` int(11) NOT NULL AUTO_INCREMENT, AUTO_INCREMENT=3;

--
-- AUTO_INCREMENT для таблицы `norm_laminator_roller`
--
ALTER TABLE `norm_laminator_roller`
  MODIFY `id` int(11) NOT NULL AUTO_INCREMENT, AUTO_INCREMENT=68;

--
-- AUTO_INCREMENT для таблицы `norm_laminator_tuning`
--
ALTER TABLE `norm_laminator_tuning`
  MODIFY `id` int(11) NOT NULL AUTO_INCREMENT, AUTO_INCREMENT=4;

--
-- AUTO_INCREMENT для таблицы `norm_machine`
--
ALTER TABLE `norm_machine`
  MODIFY `id` int(11) NOT NULL AUTO_INCREMENT, AUTO_INCREMENT=38;

--
-- AUTO_INCREMENT для таблицы `norm_tuning`
--
ALTER TABLE `norm_tuning`
  MODIFY `id` int(11) NOT NULL AUTO_INCREMENT, AUTO_INCREMENT=21;

--
-- AUTO_INCREMENT для таблицы `pallet`
--
ALTER TABLE `pallet`
  MODIFY `id` int(11) NOT NULL AUTO_INCREMENT, AUTO_INCREMENT=362;

--
-- AUTO_INCREMENT для таблицы `pallet_roll`
--
ALTER TABLE `pallet_roll`
  MODIFY `id` int(11) NOT NULL AUTO_INCREMENT, AUTO_INCREMENT=731;

--
-- AUTO_INCREMENT для таблицы `pallet_roll_status_history`
--
ALTER TABLE `pallet_roll_status_history`
  MODIFY `id` int(11) NOT NULL AUTO_INCREMENT, AUTO_INCREMENT=320;

--
-- AUTO_INCREMENT для таблицы `raport`
--
ALTER TABLE `raport`
  MODIFY `id` int(11) NOT NULL AUTO_INCREMENT, AUTO_INCREMENT=188;

--
-- AUTO_INCREMENT для таблицы `request_calc`
--
ALTER TABLE `request_calc`
  MODIFY `id` int(11) NOT NULL AUTO_INCREMENT, AUTO_INCREMENT=27;

--
-- AUTO_INCREMENT для таблицы `request_calc_result`
--
ALTER TABLE `request_calc_result`
  MODIFY `id` int(11) NOT NULL AUTO_INCREMENT, AUTO_INCREMENT=8;

--
-- AUTO_INCREMENT для таблицы `role`
--
ALTER TABLE `role`
  MODIFY `id` int(11) NOT NULL AUTO_INCREMENT, AUTO_INCREMENT=11;

--
-- AUTO_INCREMENT для таблицы `roll`
--
ALTER TABLE `roll`
  MODIFY `id` int(11) NOT NULL AUTO_INCREMENT, AUTO_INCREMENT=1200;

--
-- AUTO_INCREMENT для таблицы `roll_status`
--
ALTER TABLE `roll_status`
  MODIFY `id` int(11) NOT NULL AUTO_INCREMENT, AUTO_INCREMENT=4;

--
-- AUTO_INCREMENT для таблицы `roll_status_history`
--
ALTER TABLE `roll_status_history`
  MODIFY `id` int(11) NOT NULL AUTO_INCREMENT, AUTO_INCREMENT=1883;

--
-- AUTO_INCREMENT для таблицы `supplier`
--
ALTER TABLE `supplier`
  MODIFY `id` int(11) NOT NULL AUTO_INCREMENT, AUTO_INCREMENT=60;

--
-- AUTO_INCREMENT для таблицы `techmap`
--
ALTER TABLE `techmap`
  MODIFY `id` int(11) NOT NULL AUTO_INCREMENT;

--
-- AUTO_INCREMENT для таблицы `user`
--
ALTER TABLE `user`
  MODIFY `id` int(11) NOT NULL AUTO_INCREMENT, AUTO_INCREMENT=159;

--
-- AUTO_INCREMENT для таблицы `work_type`
--
ALTER TABLE `work_type`
  MODIFY `id` int(11) NOT NULL AUTO_INCREMENT, AUTO_INCREMENT=3;

--
-- Ограничения внешнего ключа сохраненных таблиц
--

--
-- Ограничения внешнего ключа таблицы `customer`
--
ALTER TABLE `customer`
  ADD CONSTRAINT `kp_customer_user` FOREIGN KEY (`manager_id`) REFERENCES `user` (`id`);

--
-- Ограничения внешнего ключа таблицы `cut`
--
ALTER TABLE `cut`
  ADD CONSTRAINT `cut_film_brand` FOREIGN KEY (`film_brand_id`) REFERENCES `film_brand` (`id`),
  ADD CONSTRAINT `cut_supplier` FOREIGN KEY (`supplier_id`) REFERENCES `supplier` (`id`);

--
-- Ограничения внешнего ключа таблицы `cut_source`
--
ALTER TABLE `cut_source`
  ADD CONSTRAINT `cut_source_cut` FOREIGN KEY (`cut_id`) REFERENCES `cut` (`id`);

--
-- Ограничения внешнего ключа таблицы `cut_stream`
--
ALTER TABLE `cut_stream`
  ADD CONSTRAINT `cut_stream_cut` FOREIGN KEY (`cut_id`) REFERENCES `cut` (`id`);

--
-- Ограничения внешнего ключа таблицы `cut_wind`
--
ALTER TABLE `cut_wind`
  ADD CONSTRAINT `cut_wind_cut` FOREIGN KEY (`cut_id`) REFERENCES `cut` (`id`);

--
-- Ограничения внешнего ключа таблицы `film_brand`
--
ALTER TABLE `film_brand`
  ADD CONSTRAINT `fk_film_brand_supplier` FOREIGN KEY (`supplier_id`) REFERENCES `supplier` (`id`) ON DELETE CASCADE;

--
-- Ограничения внешнего ключа таблицы `film_brand_variation`
--
ALTER TABLE `film_brand_variation`
  ADD CONSTRAINT `fk_variation_film_brand` FOREIGN KEY (`film_brand_id`) REFERENCES `film_brand` (`id`) ON DELETE CASCADE;

--
-- Ограничения внешнего ключа таблицы `pallet`
--
ALTER TABLE `pallet`
  ADD CONSTRAINT `fk_pallet_film_brand` FOREIGN KEY (`film_brand_id`) REFERENCES `film_brand` (`id`),
  ADD CONSTRAINT `fk_pallet_storekeeper` FOREIGN KEY (`storekeeper_id`) REFERENCES `user` (`id`),
  ADD CONSTRAINT `fk_pallet_supplier` FOREIGN KEY (`supplier_id`) REFERENCES `supplier` (`id`);

--
-- Ограничения внешнего ключа таблицы `pallet_roll`
--
ALTER TABLE `pallet_roll`
  ADD CONSTRAINT `fk_pallet_roll_pallet` FOREIGN KEY (`pallet_id`) REFERENCES `pallet` (`id`) ON DELETE CASCADE;

--
-- Ограничения внешнего ключа таблицы `pallet_roll_status_history`
--
ALTER TABLE `pallet_roll_status_history`
  ADD CONSTRAINT `pallet_roll_status_history_pallet_roll` FOREIGN KEY (`pallet_roll_id`) REFERENCES `pallet_roll` (`id`),
  ADD CONSTRAINT `pallet_roll_status_history_status` FOREIGN KEY (`status_id`) REFERENCES `roll_status` (`id`),
  ADD CONSTRAINT `pallet_roll_status_history_user` FOREIGN KEY (`user_id`) REFERENCES `user` (`id`);

--
-- Ограничения внешнего ключа таблицы `raport`
--
ALTER TABLE `raport`
  ADD CONSTRAINT `fk_report_machine` FOREIGN KEY (`machine_id`) REFERENCES `machine` (`id`);

--
-- Ограничения внешнего ключа таблицы `request_calc`
--
ALTER TABLE `request_calc`
  ADD CONSTRAINT `fk_calculation_customer` FOREIGN KEY (`customer_id`) REFERENCES `customer` (`id`),
  ADD CONSTRAINT `fk_calculation_user` FOREIGN KEY (`manager_id`) REFERENCES `user` (`id`),
  ADD CONSTRAINT `fk_calculation_work_type` FOREIGN KEY (`work_type_id`) REFERENCES `work_type` (`id`);

--
-- Ограничения внешнего ключа таблицы `roll`
--
ALTER TABLE `roll`
  ADD CONSTRAINT `fk_roll_cut_wind` FOREIGN KEY (`cut_wind_id`) REFERENCES `cut_wind` (`id`),
  ADD CONSTRAINT `fk_roll_film_brand` FOREIGN KEY (`film_brand_id`) REFERENCES `film_brand` (`id`),
  ADD CONSTRAINT `fk_roll_storekeeper` FOREIGN KEY (`storekeeper_id`) REFERENCES `user` (`id`),
  ADD CONSTRAINT `fk_roll_supplier` FOREIGN KEY (`supplier_id`) REFERENCES `supplier` (`id`);

--
-- Ограничения внешнего ключа таблицы `roll_status_history`
--
ALTER TABLE `roll_status_history`
  ADD CONSTRAINT `fk_roll_status_history_roll` FOREIGN KEY (`roll_id`) REFERENCES `roll` (`id`),
  ADD CONSTRAINT `fk_roll_status_history_status` FOREIGN KEY (`status_id`) REFERENCES `roll_status` (`id`),
  ADD CONSTRAINT `fk_roll_status_history_user` FOREIGN KEY (`user_id`) REFERENCES `user` (`id`);

--
-- Ограничения внешнего ключа таблицы `techmap`
--
ALTER TABLE `techmap`
  ADD CONSTRAINT `fk_techmap_calculation` FOREIGN KEY (`request_calc_id`) REFERENCES `request_calc` (`id`);

--
-- Ограничения внешнего ключа таблицы `user`
--
ALTER TABLE `user`
  ADD CONSTRAINT `fk_user_role` FOREIGN KEY (`role_id`) REFERENCES `role` (`id`);
COMMIT;

/*!40101 SET CHARACTER_SET_CLIENT=@OLD_CHARACTER_SET_CLIENT */;
/*!40101 SET CHARACTER_SET_RESULTS=@OLD_CHARACTER_SET_RESULTS */;
/*!40101 SET COLLATION_CONNECTION=@OLD_COLLATION_CONNECTION */;
